resource_id,resource_type,title,provider,url,difficulty,estimated_hours,cost_type,language,prerequisite_score,verified_individual_page,page_kind,metadata_scope,estimated_hours_is_simulated,summary,schema_version,origin,is_synthetic,source_ids,generated_at,confidence,claim_level,verification_status,last_verified_at,license_scope,is_market_fact,data_split
RES-0002,verified_course_metadata,人工智能概论,北京联合大学 / 中国大学MOOC,https://higher.smartedu.cn/course/68ac5cd9d5f9b8b6cf61fbd1,beginner,38,free_or_demo,zh-CN,20,true,course,标题、提供方、链接和页面类型,true,仅保存官方页面公开元数据；课程内容、状态和适用对象以原页面为准。,1.2.0,public_metadata,false,SRC-SMARTEDU,2026-09-13T00:00:00+08:00,0.97,verified_primary,verified,2026-09-05,metadata_only,false,dev
RES-0018,verified_course_metadata,国产大模型之腾讯混元大模型应用实战课,深圳市腾讯计算机系统有限公司,https://higher.smartedu.cn/course/lmc/67de729c2f4f1bef26a8089f,intermediate,14,free_or_demo,zh-CN,50,true,course_series,标题、提供方、链接和页面类型,true,仅保存官方页面公开元数据；课程内容、状态和适用对象以原页面为准。,1.2.0,public_metadata,false,SRC-SMARTEDU,2026-09-13T00:00:00+08:00,0.97,verified_primary,verified,2026-09-05,metadata_only,false,dev
RES-0001,verified_course_metadata,人工智能导论,西安电子科技大学 / 中国大学MOOC,https://higher.smartedu.cn/course/66ca648c711dc30c3464e7e0,beginner,36,free_or_demo,zh-CN,20,true,course,标题、提供方、链接和页面类型,true,仅保存官方页面公开元数据；课程内容、状态和适用对象以原页面为准。,1.2.0,public_metadata,false,SRC-SMARTEDU,2026-09-13T00:00:00+08:00,0.97,verified_primary,verified,2026-09-05,metadata_only,false,dev
RES-0003,verified_course_metadata,人工智能导论,浙江工业大学 / 中国大学MOOC,https://higher.smartedu.cn/h5/course/62354d0e9906eace048eba3e,beginner,38,free_or_demo,zh-CN,20,true,course,标题、提供方、链接和页面类型,true,仅保存官方页面公开元数据；课程内容、状态和适用对象以原页面为准。,1.2.0,public_metadata,false,SRC-SMARTEDU,2026-09-13T00:00:00+08:00,0.97,verified_primary,verified,2026-09-05,metadata_only,false,dev
RES-0004,verified_course_metadata,人工智能基础,合肥工业大学 / 中国大学MOOC,https://higher.smartedu.cn/course/68c09681a9f4619f8f00bf58,beginner,20,free_or_demo,zh-CN,20,true,course,标题、提供方、链接和页面类型,true,仅保存官方页面公开元数据；课程内容、状态和适用对象以原页面为准。,1.2.0,public_metadata,false,SRC-SMARTEDU,2026-09-13T00:00:00+08:00,0.97,verified_primary,verified,2026-09-05,metadata_only,false,dev
RES-0005,verified_course_metadata,人工智能,西北师范大学 / 学堂在线,https://higher.smartedu.cn/course/62354ce39906eace048df080,intermediate,50,free_or_demo,zh-CN,50,true,course,标题、提供方、链接和页面类型,true,仅保存官方页面公开元数据；课程内容、状态和适用对象以原页面为准。,1.2.0,public_metadata,false,SRC-SMARTEDU,2026-09-13T00:00:00+08:00,0.97,verified_primary,verified,2026-09-05,metadata_only,false,dev
RES-0006,verified_course_metadata,浙江大学DeepSeek系列专题线上公开课,浙江大学,https://higher.smartedu.cn/course/lmc/67dff4b358a122fb4a976832,intermediate,12,free_or_demo,zh-CN,50,true,course_series,标题、提供方、链接和页面类型,true,仅保存官方页面公开元数据；课程内容、状态和适用对象以原页面为准。,1.2.0,public_metadata,false,SRC-SMARTEDU,2026-09-13T00:00:00+08:00,0.97,verified_primary,verified,2026-09-05,metadata_only,false,dev
RES-0007,verified_course_metadata,“人工智能先导计划”通识系列讲座,西安交通大学,https://higher.smartedu.cn/course/lmc/67dfeca5324633a85ec294a7,beginner,8,free_or_demo,zh-CN,20,true,course_series,标题、提供方、链接和页面类型,true,仅保存官方页面公开元数据；课程内容、状态和适用对象以原页面为准。,1.2.0,public_metadata,false,SRC-SMARTEDU,2026-09-13T00:00:00+08:00,0.97,verified_primary,verified,2026-09-05,metadata_only,false,dev
RES-0008,verified_course_metadata,DeepSeek与未来：解码智能时代的无限可能系列公开课,哈尔滨工业大学,https://higher.smartedu.cn/course/lmc/67e2680a58a122fb4a977ff2,intermediate,14,free_or_demo,zh-CN,50,true,course_series,标题、提供方、链接和页面类型,true,仅保存官方页面公开元数据；课程内容、状态和适用对象以原页面为准。,1.2.0,public_metadata,false,SRC-SMARTEDU,2026-09-13T00:00:00+08:00,0.97,verified_primary,verified,2026-09-05,metadata_only,false,dev
RES-0009,verified_course_metadata,北京理工大学人工智能公开课,北京理工大学,https://higher.smartedu.cn/course/lmc/6800543858a122fb4a97e084,intermediate,24,free_or_demo,zh-CN,50,true,course_series,标题、提供方、链接和页面类型,true,仅保存官方页面公开元数据；课程内容、状态和适用对象以原页面为准。,1.2.0,public_metadata,false,SRC-SMARTEDU,2026-09-13T00:00:00+08:00,0.97,verified_primary,verified,2026-09-05,metadata_only,false,dev
RES-0010,verified_course_metadata,AI+能源：油气行业的智能化变革与实践,中国石油大学（北京）,https://higher.smartedu.cn/course/lmc/69ba1cef0976b58e126c484f,intermediate,20,free_or_demo,zh-CN,50,true,course_series,标题、提供方、链接和页面类型,true,仅保存官方页面公开元数据；课程内容、状态和适用对象以原页面为准。,1.2.0,public_metadata,false,SRC-SMARTEDU,2026-09-13T00:00:00+08:00,0.97,verified_primary,verified,2026-09-05,metadata_only,false,dev
RES-0011,verified_course_metadata,国产大模型通义千问介绍及应用,阿里云计算有限公司,https://higher.smartedu.cn/course/lmc/67d3d09392941a01a154a9e2,intermediate,10,free_or_demo,zh-CN,50,true,course_series,标题、提供方、链接和页面类型,true,仅保存官方页面公开元数据；课程内容、状态和适用对象以原页面为准。,1.2.0,public_metadata,false,SRC-SMARTEDU,2026-09-13T00:00:00+08:00,0.97,verified_primary,verified,2026-09-05,metadata_only,false,dev
RES-0034,public_catalog_topic_card,API设计课程主题卡（intermediate）,参赛团队（基于国家高等教育智慧教育平台目录派生）,https://higher.smartedu.cn/ai2026,intermediate,18,free_or_demo,zh-CN,50,false,derived_topic_card,参赛团队基于公开目录派生,true,参赛团队根据公开目录为API设计整理的学习主题，不对应一门官方课程。,1.2.0,derived,true,SRC-SMARTEDU|SRC-SYNTH,2026-09-13T00:00:00+08:00,0.86,primary_derived,derived,,reference_only,false,dev
RES-0039,public_catalog_topic_card,监控与可观测性课程主题卡（beginner）,参赛团队（基于国家高等教育智慧教育平台目录派生）,https://higher.smartedu.cn/ai2026,beginner,23,free_or_demo,zh-CN,20,false,derived_topic_card,参赛团队基于公开目录派生,true,参赛团队根据公开目录为监控与可观测性整理的学习主题，不对应一门官方课程。,1.2.0,derived,true,SRC-SMARTEDU|SRC-SYNTH,2026-09-13T00:00:00+08:00,0.86,primary_derived,derived,,reference_only,false,dev
RES-0055,public_catalog_topic_card,自主学习课程主题卡（intermediate）,参赛团队（基于国家高等教育智慧教育平台目录派生）,https://higher.smartedu.cn/ai2026,intermediate,39,free_or_demo,zh-CN,50,false,derived_topic_card,参赛团队基于公开目录派生,true,参赛团队根据公开目录为自主学习整理的学习主题，不对应一门官方课程。,1.2.0,derived,true,SRC-SMARTEDU|SRC-SYNTH,2026-09-13T00:00:00+08:00,0.86,primary_derived,derived,,reference_only,false,dev
RES-0071,public_catalog_topic_card,统计学基础课程主题卡（advanced）,参赛团队（基于国家高等教育智慧教育平台目录派生）,https://higher.smartedu.cn/ai2026,advanced,27,free_or_demo,zh-CN,70,false,derived_topic_card,参赛团队基于公开目录派生,true,参赛团队根据公开目录为统计学基础整理的学习主题，不对应一门官方课程。,1.2.0,derived,true,SRC-SMARTEDU|SRC-SYNTH,2026-09-13T00:00:00+08:00,0.86,primary_derived,derived,,reference_only,false,dev
RES-0076,public_catalog_topic_card,实验与A/B测试课程主题卡（intermediate）,参赛团队（基于国家高等教育智慧教育平台目录派生）,https://higher.smartedu.cn/ai2026,intermediate,32,free_or_demo,zh-CN,50,false,derived_topic_card,参赛团队基于公开目录派生,true,参赛团队根据公开目录为实验与A/B测试整理的学习主题，不对应一门官方课程。,1.2.0,derived,true,SRC-SMARTEDU|SRC-SYNTH,2026-09-13T00:00:00+08:00,0.86,primary_derived,derived,,reference_only,false,dev
RES-0092,public_catalog_topic_card,AI安全与评测课程主题卡（advanced）,参赛团队（基于国家高等教育智慧教育平台目录派生）,https://higher.smartedu.cn/ai2026,advanced,20,free_or_demo,zh-CN,70,false,derived_topic_card,参赛团队基于公开目录派生,true,参赛团队根据公开目录为AI安全与评测整理的学习主题，不对应一门官方课程。,1.2.0,derived,true,SRC-SMARTEDU|SRC-SYNTH,2026-09-13T00:00:00+08:00,0.86,primary_derived,derived,,reference_only,false,dev
RES-0108,public_catalog_topic_card,书面沟通课程主题卡（beginner）,参赛团队（基于国家高等教育智慧教育平台目录派生）,https://higher.smartedu.cn/ai2026,beginner,36,free_or_demo,zh-CN,20,false,derived_topic_card,参赛团队基于公开目录派生,true,参赛团队根据公开目录为书面沟通整理的学习主题，不对应一门官方课程。,1.2.0,derived,true,SRC-SMARTEDU|SRC-SYNTH,2026-09-13T00:00:00+08:00,0.86,primary_derived,derived,,reference_only,false,dev
RES-0113,public_catalog_topic_card,时间管理课程主题卡（advanced）,参赛团队（基于国家高等教育智慧教育平台目录派生）,https://higher.smartedu.cn/ai2026,advanced,13,free_or_demo,zh-CN,70,false,derived_topic_card,参赛团队基于公开目录派生,true,参赛团队根据公开目录为时间管理整理的学习主题，不对应一门官方课程。,1.2.0,derived,true,SRC-SMARTEDU|SRC-SYNTH,2026-09-13T00:00:00+08:00,0.86,primary_derived,derived,,reference_only,false,dev
RES-0023,public_catalog_topic_card,自然语言处理课程主题卡（advanced）,参赛团队（基于国家高等教育智慧教育平台目录派生）,https://higher.smartedu.cn/ai2026,advanced,35,free_or_demo,zh-CN,70,false,derived_topic_card,参赛团队基于公开目录派生,true,参赛团队根据公开目录为自然语言处理整理的学习主题，不对应一门官方课程。,1.2.0,derived,true,SRC-SMARTEDU|SRC-SYNTH,2026-09-13T00:00:00+08:00,0.86,primary_derived,derived,,reference_only,false,dev
RES-0024,public_catalog_topic_card,模型调优课程主题卡（beginner）,参赛团队（基于国家高等教育智慧教育平台目录派生）,https://higher.smartedu.cn/ai2026,beginner,36,free_or_demo,zh-CN,20,false,derived_topic_card,参赛团队基于公开目录派生,true,参赛团队根据公开目录为模型调优整理的学习主题，不对应一门官方课程。,1.2.0,derived,true,SRC-SMARTEDU|SRC-SYNTH,2026-09-13T00:00:00+08:00,0.86,primary_derived,derived,,reference_only,false,dev
RES-0025,public_catalog_topic_card,大模型基础课程主题卡（intermediate）,参赛团队（基于国家高等教育智慧教育平台目录派生）,https://higher.smartedu.cn/ai2026,intermediate,37,free_or_demo,zh-CN,50,false,derived_topic_card,参赛团队基于公开目录派生,true,参赛团队根据公开目录为大模型基础整理的学习主题，不对应一门官方课程。,1.2.0,derived,true,SRC-SMARTEDU|SRC-SYNTH,2026-09-13T00:00:00+08:00,0.86,primary_derived,derived,,reference_only,false,dev
RES-0026,public_catalog_topic_card,提示词设计课程主题卡（advanced）,参赛团队（基于国家高等教育智慧教育平台目录派生）,https://higher.smartedu.cn/ai2026,advanced,38,free_or_demo,zh-CN,70,false,derived_topic_card,参赛团队基于公开目录派生,true,参赛团队根据公开目录为提示词设计整理的学习主题，不对应一门官方课程。,1.2.0,derived,true,SRC-SMARTEDU|SRC-SYNTH,2026-09-13T00:00:00+08:00,0.86,primary_derived,derived,,reference_only,false,dev
RES-0027,public_catalog_topic_card,RAG应用课程主题卡（beginner）,参赛团队（基于国家高等教育智慧教育平台目录派生）,https://higher.smartedu.cn/ai2026,beginner,39,free_or_demo,zh-CN,20,false,derived_topic_card,参赛团队基于公开目录派生,true,参赛团队根据公开目录为RAG应用整理的学习主题，不对应一门官方课程。,1.2.0,derived,true,SRC-SMARTEDU|SRC-SYNTH,2026-09-13T00:00:00+08:00,0.86,primary_derived,derived,,reference_only,false,dev
RES-0028,public_catalog_topic_card,向量数据库课程主题卡（intermediate）,参赛团队（基于国家高等教育智慧教育平台目录派生）,https://higher.smartedu.cn/ai2026,intermediate,12,free_or_demo,zh-CN,50,false,derived_topic_card,参赛团队基于公开目录派生,true,参赛团队根据公开目录为向量数据库整理的学习主题，不对应一门官方课程。,1.2.0,derived,true,SRC-SMARTEDU|SRC-SYNTH,2026-09-13T00:00:00+08:00,0.86,primary_derived,derived,,reference_only,false,dev
RES-0029,public_catalog_topic_card,智能体开发课程主题卡（advanced）,参赛团队（基于国家高等教育智慧教育平台目录派生）,https://higher.smartedu.cn/ai2026,advanced,13,free_or_demo,zh-CN,70,false,derived_topic_card,参赛团队基于公开目录派生,true,参赛团队根据公开目录为智能体开发整理的学习主题，不对应一门官方课程。,1.2.0,derived,true,SRC-SMARTEDU|SRC-SYNTH,2026-09-13T00:00:00+08:00,0.86,primary_derived,derived,,reference_only,false,dev
RES-0030,public_catalog_topic_card,MCP与工具调用课程主题卡（beginner）,参赛团队（基于国家高等教育智慧教育平台目录派生）,https://higher.smartedu.cn/ai2026,beginner,14,free_or_demo,zh-CN,20,false,derived_topic_card,参赛团队基于公开目录派生,true,参赛团队根据公开目录为MCP与工具调用整理的学习主题，不对应一门官方课程。,1.2.0,derived,true,SRC-SMARTEDU|SRC-SYNTH,2026-09-13T00:00:00+08:00,0.86,primary_derived,derived,,reference_only,false,dev
RES-0031,public_catalog_topic_card,模型微调课程主题卡（intermediate）,参赛团队（基于国家高等教育智慧教育平台目录派生）,https://higher.smartedu.cn/ai2026,intermediate,15,free_or_demo,zh-CN,50,false,derived_topic_card,参赛团队基于公开目录派生,true,参赛团队根据公开目录为模型微调整理的学习主题，不对应一门官方课程。,1.2.0,derived,true,SRC-SMARTEDU|SRC-SYNTH,2026-09-13T00:00:00+08:00,0.86,primary_derived,derived,,reference_only,false,dev
RES-0032,public_catalog_topic_card,AI安全与评测课程主题卡（advanced）,参赛团队（基于国家高等教育智慧教育平台目录派生）,https://higher.smartedu.cn/ai2026,advanced,16,free_or_demo,zh-CN,70,false,derived_topic_card,参赛团队基于公开目录派生,true,参赛团队根据公开目录为AI安全与评测整理的学习主题，不对应一门官方课程。,1.2.0,derived,true,SRC-SMARTEDU|SRC-SYNTH,2026-09-13T00:00:00+08:00,0.86,primary_derived,derived,,reference_only,false,dev
RES-0033,public_catalog_topic_card,Git版本控制课程主题卡（beginner）,参赛团队（基于国家高等教育智慧教育平台目录派生）,https://higher.smartedu.cn/ai2026,beginner,17,free_or_demo,zh-CN,20,false,derived_topic_card,参赛团队基于公开目录派生,true,参赛团队根据公开目录为Git版本控制整理的学习主题，不对应一门官方课程。,1.2.0,derived,true,SRC-SMARTEDU|SRC-SYNTH,2026-09-13T00:00:00+08:00,0.86,primary_derived,derived,,reference_only,false,dev
RES-0035,public_catalog_topic_card,后端服务开发课程主题卡（advanced）,参赛团队（基于国家高等教育智慧教育平台目录派生）,https://higher.smartedu.cn/ai2026,advanced,19,free_or_demo,zh-CN,70,false,derived_topic_card,参赛团队基于公开目录派生,true,参赛团队根据公开目录为后端服务开发整理的学习主题，不对应一门官方课程。,1.2.0,derived,true,SRC-SMARTEDU|SRC-SYNTH,2026-09-13T00:00:00+08:00,0.86,primary_derived,derived,,reference_only,false,dev
RES-0036,public_catalog_topic_card,Docker容器课程主题卡（beginner）,参赛团队（基于国家高等教育智慧教育平台目录派生）,https://higher.smartedu.cn/ai2026,beginner,20,free_or_demo,zh-CN,20,false,derived_topic_card,参赛团队基于公开目录派生,true,参赛团队根据公开目录为Docker容器整理的学习主题，不对应一门官方课程。,1.2.0,derived,true,SRC-SMARTEDU|SRC-SYNTH,2026-09-13T00:00:00+08:00,0.86,primary_derived,derived,,reference_only,false,dev
RES-0037,public_catalog_topic_card,CI/CD课程主题卡（intermediate）,参赛团队（基于国家高等教育智慧教育平台目录派生）,https://higher.smartedu.cn/ai2026,intermediate,21,free_or_demo,zh-CN,50,false,derived_topic_card,参赛团队基于公开目录派生,true,参赛团队根据公开目录为CI/CD整理的学习主题，不对应一门官方课程。,1.2.0,derived,true,SRC-SMARTEDU|SRC-SYNTH,2026-09-13T00:00:00+08:00,0.86,primary_derived,derived,,reference_only,false,dev
RES-0038,public_catalog_topic_card,云端部署课程主题卡（advanced）,参赛团队（基于国家高等教育智慧教育平台目录派生）,https://higher.smartedu.cn/ai2026,advanced,22,free_or_demo,zh-CN,70,false,derived_topic_card,参赛团队基于公开目录派生,true,参赛团队根据公开目录为云端部署整理的学习主题，不对应一门官方课程。,1.2.0,derived,true,SRC-SMARTEDU|SRC-SYNTH,2026-09-13T00:00:00+08:00,0.86,primary_derived,derived,,reference_only,false,dev
RES-0040,public_catalog_topic_card,数据工程管道课程主题卡（intermediate）,参赛团队（基于国家高等教育智慧教育平台目录派生）,https://higher.smartedu.cn/ai2026,intermediate,24,free_or_demo,zh-CN,50,false,derived_topic_card,参赛团队基于公开目录派生,true,参赛团队根据公开目录为数据工程管道整理的学习主题，不对应一门官方课程。,1.2.0,derived,true,SRC-SMARTEDU|SRC-SYNTH,2026-09-13T00:00:00+08:00,0.86,primary_derived,derived,,reference_only,false,dev
RES-0041,public_catalog_topic_card,问题拆解课程主题卡（advanced）,参赛团队（基于国家高等教育智慧教育平台目录派生）,https://higher.smartedu.cn/ai2026,advanced,25,free_or_demo,zh-CN,70,false,derived_topic_card,参赛团队基于公开目录派生,true,参赛团队根据公开目录为问题拆解整理的学习主题，不对应一门官方课程。,1.2.0,derived,true,SRC-SMARTEDU|SRC-SYNTH,2026-09-13T00:00:00+08:00,0.86,primary_derived,derived,,reference_only,false,dev
RES-0042,public_catalog_topic_card,系统思维课程主题卡（beginner）,参赛团队（基于国家高等教育智慧教育平台目录派生）,https://higher.smartedu.cn/ai2026,beginner,26,free_or_demo,zh-CN,20,false,derived_topic_card,参赛团队基于公开目录派生,true,参赛团队根据公开目录为系统思维整理的学习主题，不对应一门官方课程。,1.2.0,derived,true,SRC-SMARTEDU|SRC-SYNTH,2026-09-13T00:00:00+08:00,0.86,primary_derived,derived,,reference_only,false,dev
RES-0043,public_catalog_topic_card,需求分析课程主题卡（intermediate）,参赛团队（基于国家高等教育智慧教育平台目录派生）,https://higher.smartedu.cn/ai2026,intermediate,27,free_or_demo,zh-CN,50,false,derived_topic_card,参赛团队基于公开目录派生,true,参赛团队根据公开目录为需求分析整理的学习主题，不对应一门官方课程。,1.2.0,derived,true,SRC-SMARTEDU|SRC-SYNTH,2026-09-13T00:00:00+08:00,0.86,primary_derived,derived,,reference_only,false,dev
RES-0044,public_catalog_topic_card,用户研究课程主题卡（advanced）,参赛团队（基于国家高等教育智慧教育平台目录派生）,https://higher.smartedu.cn/ai2026,advanced,28,free_or_demo,zh-CN,70,false,derived_topic_card,参赛团队基于公开目录派生,true,参赛团队根据公开目录为用户研究整理的学习主题，不对应一门官方课程。,1.2.0,derived,true,SRC-SMARTEDU|SRC-SYNTH,2026-09-13T00:00:00+08:00,0.86,primary_derived,derived,,reference_only,false,dev
RES-0129,synthetic_project,SQL实践项目-009,系统实践任务库,,beginner,30,free_or_demo,zh-CN,20,false,synthetic,参赛团队生成,true,围绕SQL完成可运行成果、说明文档和复盘。,1.2.0,synthetic,true,SRC-SYNTH,2026-09-13T00:00:00+08:00,0.86,synthetic,not_applicable,,team_generated,false,dev
RES-0145,synthetic_project,大模型基础实践项目-025,系统实践任务库,,intermediate,11,free_or_demo,zh-CN,50,false,synthetic,参赛团队生成,true,围绕大模型基础完成可运行成果、说明文档和复盘。,1.2.0,synthetic,true,SRC-SYNTH,2026-09-13T00:00:00+08:00,0.86,synthetic,not_applicable,,team_generated,false,dev
RES-0150,synthetic_project,MCP与工具调用实践项目-030,系统实践任务库,,beginner,16,free_or_demo,zh-CN,20,false,synthetic,参赛团队生成,true,围绕MCP与工具调用完成可运行成果、说明文档和复盘。,1.2.0,synthetic,true,SRC-SYNTH,2026-09-13T00:00:00+08:00,0.86,synthetic,not_applicable,,team_generated,false,dev
RES-0166,synthetic_project,业务理解实践项目-046,系统实践任务库,,intermediate,32,free_or_demo,zh-CN,50,false,synthetic,参赛团队生成,true,围绕业务理解完成可运行成果、说明文档和复盘。,1.2.0,synthetic,true,SRC-SYNTH,2026-09-13T00:00:00+08:00,0.86,synthetic,not_applicable,,team_generated,false,dev
RES-0182,synthetic_project,数据结构与算法实践项目-062,系统实践任务库,,advanced,13,free_or_demo,zh-CN,70,false,synthetic,参赛团队生成,true,围绕数据结构与算法完成可运行成果、说明文档和复盘。,1.2.0,synthetic,true,SRC-SYNTH,2026-09-13T00:00:00+08:00,0.86,synthetic,not_applicable,,team_generated,false,dev
RES-0187,synthetic_project,软件工程实践项目-067,系统实践任务库,,intermediate,18,free_or_demo,zh-CN,50,false,synthetic,参赛团队生成,true,围绕软件工程完成可运行成果、说明文档和复盘。,1.2.0,synthetic,true,SRC-SYNTH,2026-09-13T00:00:00+08:00,0.86,synthetic,not_applicable,,team_generated,false,dev
RES-0203,synthetic_project,自然语言处理实践项目-083,系统实践任务库,,advanced,34,free_or_demo,zh-CN,70,false,synthetic,参赛团队生成,true,围绕自然语言处理完成可运行成果、说明文档和复盘。,1.2.0,synthetic,true,SRC-SYNTH,2026-09-13T00:00:00+08:00,0.86,synthetic,not_applicable,,team_generated,false,dev
RES-0219,synthetic_project,监控与可观测性实践项目-099,系统实践任务库,,beginner,15,free_or_demo,zh-CN,20,false,synthetic,参赛团队生成,true,围绕监控与可观测性完成可运行成果、说明文档和复盘。,1.2.0,synthetic,true,SRC-SYNTH,2026-09-13T00:00:00+08:00,0.86,synthetic,not_applicable,,team_generated,false,dev
RES-0224,synthetic_project,用户研究实践项目-104,系统实践任务库,,advanced,20,free_or_demo,zh-CN,70,false,synthetic,参赛团队生成,true,围绕用户研究完成可运行成果、说明文档和复盘。,1.2.0,synthetic,true,SRC-SYNTH,2026-09-13T00:00:00+08:00,0.86,synthetic,not_applicable,,team_generated,false,dev
RES-0240,synthetic_project,职业探索实践项目-120,系统实践任务库,,beginner,36,free_or_demo,zh-CN,20,false,synthetic,参赛团队生成,true,围绕职业探索完成可运行成果、说明文档和复盘。,1.2.0,synthetic,true,SRC-SYNTH,2026-09-13T00:00:00+08:00,0.86,synthetic,not_applicable,,team_generated,false,dev
RES-0256,synthetic_project,实验与A/B测试实践项目-136,系统实践任务库,,intermediate,17,free_or_demo,zh-CN,50,false,synthetic,参赛团队生成,true,围绕实验与A/B测试完成可运行成果、说明文档和复盘。,1.2.0,synthetic,true,SRC-SYNTH,2026-09-13T00:00:00+08:00,0.86,synthetic,not_applicable,,team_generated,false,dev
RES-0261,synthetic_project,模型评估实践项目-141,系统实践任务库,,beginner,22,free_or_demo,zh-CN,20,false,synthetic,参赛团队生成,true,围绕模型评估完成可运行成果、说明文档和复盘。,1.2.0,synthetic,true,SRC-SYNTH,2026-09-13T00:00:00+08:00,0.86,synthetic,not_applicable,,team_generated,false,dev
RES-0277,synthetic_project,CI/CD实践项目-157,系统实践任务库,,intermediate,38,free_or_demo,zh-CN,50,false,synthetic,参赛团队生成,true,围绕CI/CD完成可运行成果、说明文档和复盘。,1.2.0,synthetic,true,SRC-SYNTH,2026-09-13T00:00:00+08:00,0.86,synthetic,not_applicable,,team_generated,false,dev
RES-0293,synthetic_project,时间管理实践项目-173,系统实践任务库,,advanced,19,free_or_demo,zh-CN,70,false,synthetic,参赛团队生成,true,围绕时间管理完成可运行成果、说明文档和复盘。,1.2.0,synthetic,true,SRC-SYNTH,2026-09-13T00:00:00+08:00,0.86,synthetic,not_applicable,,team_generated,false,dev
RES-0298,synthetic_project,项目交付实践项目-178,系统实践任务库,,intermediate,24,free_or_demo,zh-CN,50,false,synthetic,参赛团队生成,true,围绕项目交付完成可运行成果、说明文档和复盘。,1.2.0,synthetic,true,SRC-SYNTH,2026-09-13T00:00:00+08:00,0.86,synthetic,not_applicable,,team_generated,false,dev
RES-0314,synthetic_project,Excel与BI工具实践项目-194,系统实践任务库,,advanced,40,free_or_demo,zh-CN,70,false,synthetic,参赛团队生成,true,围绕Excel与BI工具完成可运行成果、说明文档和复盘。,1.2.0,synthetic,true,SRC-SYNTH,2026-09-13T00:00:00+08:00,0.86,synthetic,not_applicable,,team_generated,false,dev
RES-0330,synthetic_project,MCP与工具调用实践项目-210,系统实践任务库,,beginner,21,free_or_demo,zh-CN,20,false,synthetic,参赛团队生成,true,围绕MCP与工具调用完成可运行成果、说明文档和复盘。,1.2.0,synthetic,true,SRC-SYNTH,2026-09-13T00:00:00+08:00,0.86,synthetic,not_applicable,,team_generated,false,dev
RES-0335,synthetic_project,后端服务开发实践项目-215,系统实践任务库,,advanced,26,free_or_demo,zh-CN,70,false,synthetic,参赛团队生成,true,围绕后端服务开发完成可运行成果、说明文档和复盘。,1.2.0,synthetic,true,SRC-SYNTH,2026-09-13T00:00:00+08:00,0.86,synthetic,not_applicable,,team_generated,false,dev
RES-0351,synthetic_project,远程协作实践项目-231,系统实践任务库,,beginner,7,free_or_demo,zh-CN,20,false,synthetic,参赛团队生成,true,围绕远程协作完成可运行成果、说明文档和复盘。,1.2.0,synthetic,true,SRC-SYNTH,2026-09-13T00:00:00+08:00,0.86,synthetic,not_applicable,,team_generated,false,dev
RES-0367,synthetic_project,软件工程实践项目-247,系统实践任务库,,intermediate,23,free_or_demo,zh-CN,50,false,synthetic,参赛团队生成,true,围绕软件工程完成可运行成果、说明文档和复盘。,1.2.0,synthetic,true,SRC-SYNTH,2026-09-13T00:00:00+08:00,0.86,synthetic,not_applicable,,team_generated,false,dev
RES-0372,synthetic_project,探索性数据分析实践项目-252,系统实践任务库,,beginner,28,free_or_demo,zh-CN,20,false,synthetic,参赛团队生成,true,围绕探索性数据分析完成可运行成果、说明文档和复盘。,1.2.0,synthetic,true,SRC-SYNTH,2026-09-13T00:00:00+08:00,0.86,synthetic,not_applicable,,team_generated,false,dev
RES-0388,synthetic_project,向量数据库实践项目-268,系统实践任务库,,intermediate,9,free_or_demo,zh-CN,50,false,synthetic,参赛团队生成,true,围绕向量数据库完成可运行成果、说明文档和复盘。,1.2.0,synthetic,true,SRC-SYNTH,2026-09-13T00:00:00+08:00,0.86,synthetic,not_applicable,,team_generated,false,dev
RES-0404,synthetic_project,用户研究实践项目-284,系统实践任务库,,advanced,25,free_or_demo,zh-CN,70,false,synthetic,参赛团队生成,true,围绕用户研究完成可运行成果、说明文档和复盘。,1.2.0,synthetic,true,SRC-SYNTH,2026-09-13T00:00:00+08:00,0.86,synthetic,not_applicable,,team_generated,false,dev
RES-0409,synthetic_project,表达与汇报实践项目-289,系统实践任务库,,intermediate,30,free_or_demo,zh-CN,50,false,synthetic,参赛团队生成,true,围绕表达与汇报完成可运行成果、说明文档和复盘。,1.2.0,synthetic,true,SRC-SYNTH,2026-09-13T00:00:00+08:00,0.86,synthetic,not_applicable,,team_generated,false,dev
RES-0121,synthetic_project,Python编程实践项目-001,系统实践任务库,,intermediate,22,free_or_demo,zh-CN,50,false,synthetic,参赛团队生成,true,围绕Python编程完成可运行成果、说明文档和复盘。,1.2.0,synthetic,true,SRC-SYNTH,2026-09-13T00:00:00+08:00,0.86,synthetic,not_applicable,,team_generated,false,dev
RES-0122,synthetic_project,数据结构与算法实践项目-002,系统实践任务库,,advanced,23,free_or_demo,zh-CN,70,false,synthetic,参赛团队生成,true,围绕数据结构与算法完成可运行成果、说明文档和复盘。,1.2.0,synthetic,true,SRC-SYNTH,2026-09-13T00:00:00+08:00,0.86,synthetic,not_applicable,,team_generated,false,dev
RES-0123,synthetic_project,面向对象设计实践项目-003,系统实践任务库,,beginner,24,free_or_demo,zh-CN,20,false,synthetic,参赛团队生成,true,围绕面向对象设计完成可运行成果、说明文档和复盘。,1.2.0,synthetic,true,SRC-SYNTH,2026-09-13T00:00:00+08:00,0.86,synthetic,not_applicable,,team_generated,false,dev
RES-0124,synthetic_project,计算机系统基础实践项目-004,系统实践任务库,,intermediate,25,free_or_demo,zh-CN,50,false,synthetic,参赛团队生成,true,围绕计算机系统基础完成可运行成果、说明文档和复盘。,1.2.0,synthetic,true,SRC-SYNTH,2026-09-13T00:00:00+08:00,0.86,synthetic,not_applicable,,team_generated,false,dev
RES-0125,synthetic_project,计算机网络实践项目-005,系统实践任务库,,advanced,26,free_or_demo,zh-CN,70,false,synthetic,参赛团队生成,true,围绕计算机网络完成可运行成果、说明文档和复盘。,1.2.0,synthetic,true,SRC-SYNTH,2026-09-13T00:00:00+08:00,0.86,synthetic,not_applicable,,team_generated,false,dev
RES-0126,synthetic_project,Linux使用实践项目-006,系统实践任务库,,beginner,27,free_or_demo,zh-CN,20,false,synthetic,参赛团队生成,true,围绕Linux使用完成可运行成果、说明文档和复盘。,1.2.0,synthetic,true,SRC-SYNTH,2026-09-13T00:00:00+08:00,0.86,synthetic,not_applicable,,team_generated,false,dev
RES-0127,synthetic_project,软件工程实践项目-007,系统实践任务库,,intermediate,28,free_or_demo,zh-CN,50,false,synthetic,参赛团队生成,true,围绕软件工程完成可运行成果、说明文档和复盘。,1.2.0,synthetic,true,SRC-SYNTH,2026-09-13T00:00:00+08:00,0.86,synthetic,not_applicable,,team_generated,false,dev
RES-0128,synthetic_project,测试与调试实践项目-008,系统实践任务库,,advanced,29,free_or_demo,zh-CN,70,false,synthetic,参赛团队生成,true,围绕测试与调试完成可运行成果、说明文档和复盘。,1.2.0,synthetic,true,SRC-SYNTH,2026-09-13T00:00:00+08:00,0.86,synthetic,not_applicable,,team_generated,false,dev
RES-0130,synthetic_project,数据清洗实践项目-010,系统实践任务库,,intermediate,31,free_or_demo,zh-CN,50,false,synthetic,参赛团队生成,true,围绕数据清洗完成可运行成果、说明文档和复盘。,1.2.0,synthetic,true,SRC-SYNTH,2026-09-13T00:00:00+08:00,0.86,synthetic,not_applicable,,team_generated,false,dev
RES-0131,synthetic_project,统计学基础实践项目-011,系统实践任务库,,advanced,32,free_or_demo,zh-CN,70,false,synthetic,参赛团队生成,true,围绕统计学基础完成可运行成果、说明文档和复盘。,1.2.0,synthetic,true,SRC-SYNTH,2026-09-13T00:00:00+08:00,0.86,synthetic,not_applicable,,team_generated,false,dev
RES-0132,synthetic_project,探索性数据分析实践项目-012,系统实践任务库,,beginner,33,free_or_demo,zh-CN,20,false,synthetic,参赛团队生成,true,围绕探索性数据分析完成可运行成果、说明文档和复盘。,1.2.0,synthetic,true,SRC-SYNTH,2026-09-13T00:00:00+08:00,0.86,synthetic,not_applicable,,team_generated,false,dev
RES-0133,synthetic_project,数据可视化实践项目-013,系统实践任务库,,intermediate,34,free_or_demo,zh-CN,50,false,synthetic,参赛团队生成,true,围绕数据可视化完成可运行成果、说明文档和复盘。,1.2.0,synthetic,true,SRC-SYNTH,2026-09-13T00:00:00+08:00,0.86,synthetic,not_applicable,,team_generated,false,dev
RES-0134,synthetic_project,Excel与BI工具实践项目-014,系统实践任务库,,advanced,35,free_or_demo,zh-CN,70,false,synthetic,参赛团队生成,true,围绕Excel与BI工具完成可运行成果、说明文档和复盘。,1.2.0,synthetic,true,SRC-SYNTH,2026-09-13T00:00:00+08:00,0.86,synthetic,not_applicable,,team_generated,false,dev
RES-0135,synthetic_project,数据建模实践项目-015,系统实践任务库,,beginner,36,free_or_demo,zh-CN,20,false,synthetic,参赛团队生成,true,围绕数据建模完成可运行成果、说明文档和复盘。,1.2.0,synthetic,true,SRC-SYNTH,2026-09-13T00:00:00+08:00,0.86,synthetic,not_applicable,,team_generated,false,dev
RES-0136,synthetic_project,实验与A/B测试实践项目-016,系统实践任务库,,intermediate,37,free_or_demo,zh-CN,50,false,synthetic,参赛团队生成,true,围绕实验与A/B测试完成可运行成果、说明文档和复盘。,1.2.0,synthetic,true,SRC-SYNTH,2026-09-13T00:00:00+08:00,0.86,synthetic,not_applicable,,team_generated,false,dev
RES-0137,synthetic_project,线性代数实践项目-017,系统实践任务库,,advanced,38,free_or_demo,zh-CN,70,false,synthetic,参赛团队生成,true,围绕线性代数完成可运行成果、说明文档和复盘。,1.2.0,synthetic,true,SRC-SYNTH,2026-09-13T00:00:00+08:00,0.86,synthetic,not_applicable,,team_generated,false,dev
RES-0138,synthetic_project,微积分与优化实践项目-018,系统实践任务库,,beginner,39,free_or_demo,zh-CN,20,false,synthetic,参赛团队生成,true,围绕微积分与优化完成可运行成果、说明文档和复盘。,1.2.0,synthetic,true,SRC-SYNTH,2026-09-13T00:00:00+08:00,0.86,synthetic,not_applicable,,team_generated,false,dev
RES-0139,synthetic_project,机器学习实践项目-019,系统实践任务库,,intermediate,40,free_or_demo,zh-CN,50,false,synthetic,参赛团队生成,true,围绕机器学习完成可运行成果、说明文档和复盘。,1.2.0,synthetic,true,SRC-SYNTH,2026-09-13T00:00:00+08:00,0.86,synthetic,not_applicable,,team_generated,false,dev
RES-0140,synthetic_project,特征工程实践项目-020,系统实践任务库,,advanced,6,free_or_demo,zh-CN,70,false,synthetic,参赛团队生成,true,围绕特征工程完成可运行成果、说明文档和复盘。,1.2.0,synthetic,true,SRC-SYNTH,2026-09-13T00:00:00+08:00,0.86,synthetic,not_applicable,,team_generated,false,dev
RES-0141,synthetic_project,模型评估实践项目-021,系统实践任务库,,beginner,7,free_or_demo,zh-CN,20,false,synthetic,参赛团队生成,true,围绕模型评估完成可运行成果、说明文档和复盘。,1.2.0,synthetic,true,SRC-SYNTH,2026-09-13T00:00:00+08:00,0.86,synthetic,not_applicable,,team_generated,false,dev
RES-0142,synthetic_project,深度学习实践项目-022,系统实践任务库,,intermediate,8,free_or_demo,zh-CN,50,false,synthetic,参赛团队生成,true,围绕深度学习完成可运行成果、说明文档和复盘。,1.2.0,synthetic,true,SRC-SYNTH,2026-09-13T00:00:00+08:00,0.86,synthetic,not_applicable,,team_generated,false,dev
RES-0143,synthetic_project,自然语言处理实践项目-023,系统实践任务库,,advanced,9,free_or_demo,zh-CN,70,false,synthetic,参赛团队生成,true,围绕自然语言处理完成可运行成果、说明文档和复盘。,1.2.0,synthetic,true,SRC-SYNTH,2026-09-13T00:00:00+08:00,0.86,synthetic,not_applicable,,team_generated,false,dev
RES-0144,synthetic_project,模型调优实践项目-024,系统实践任务库,,beginner,10,free_or_demo,zh-CN,20,false,synthetic,参赛团队生成,true,围绕模型调优完成可运行成果、说明文档和复盘。,1.2.0,synthetic,true,SRC-SYNTH,2026-09-13T00:00:00+08:00,0.86,synthetic,not_applicable,,team_generated,false,dev
RES-0146,synthetic_project,提示词设计实践项目-026,系统实践任务库,,advanced,12,free_or_demo,zh-CN,70,false,synthetic,参赛团队生成,true,围绕提示词设计完成可运行成果、说明文档和复盘。,1.2.0,synthetic,true,SRC-SYNTH,2026-09-13T00:00:00+08:00,0.86,synthetic,not_applicable,,team_generated,false,dev
RES-0147,synthetic_project,RAG应用实践项目-027,系统实践任务库,,beginner,13,free_or_demo,zh-CN,20,false,synthetic,参赛团队生成,true,围绕RAG应用完成可运行成果、说明文档和复盘。,1.2.0,synthetic,true,SRC-SYNTH,2026-09-13T00:00:00+08:00,0.86,synthetic,not_applicable,,team_generated,false,dev
RES-0148,synthetic_project,向量数据库实践项目-028,系统实践任务库,,intermediate,14,free_or_demo,zh-CN,50,false,synthetic,参赛团队生成,true,围绕向量数据库完成可运行成果、说明文档和复盘。,1.2.0,synthetic,true,SRC-SYNTH,2026-09-13T00:00:00+08:00,0.86,synthetic,not_applicable,,team_generated,false,dev
RES-0149,synthetic_project,智能体开发实践项目-029,系统实践任务库,,advanced,15,free_or_demo,zh-CN,70,false,synthetic,参赛团队生成,true,围绕智能体开发完成可运行成果、说明文档和复盘。,1.2.0,synthetic,true,SRC-SYNTH,2026-09-13T00:00:00+08:00,0.86,synthetic,not_applicable,,team_generated,false,dev
RES-0151,synthetic_project,模型微调实践项目-031,系统实践任务库,,intermediate,17,free_or_demo,zh-CN,50,false,synthetic,参赛团队生成,true,围绕模型微调完成可运行成果、说明文档和复盘。,1.2.0,synthetic,true,SRC-SYNTH,2026-09-13T00:00:00+08:00,0.86,synthetic,not_applicable,,team_generated,false,dev
RES-0152,synthetic_project,AI安全与评测实践项目-032,系统实践任务库,,advanced,18,free_or_demo,zh-CN,70,false,synthetic,参赛团队生成,true,围绕AI安全与评测完成可运行成果、说明文档和复盘。,1.2.0,synthetic,true,SRC-SYNTH,2026-09-13T00:00:00+08:00,0.86,synthetic,not_applicable,,team_generated,false,dev
RES-0153,synthetic_project,Git版本控制实践项目-033,系统实践任务库,,beginner,19,free_or_demo,zh-CN,20,false,synthetic,参赛团队生成,true,围绕Git版本控制完成可运行成果、说明文档和复盘。,1.2.0,synthetic,true,SRC-SYNTH,2026-09-13T00:00:00+08:00,0.86,synthetic,not_applicable,,team_generated,false,dev
RES-0154,synthetic_project,API设计实践项目-034,系统实践任务库,,intermediate,20,free_or_demo,zh-CN,50,false,synthetic,参赛团队生成,true,围绕API设计完成可运行成果、说明文档和复盘。,1.2.0,synthetic,true,SRC-SYNTH,2026-09-13T00:00:00+08:00,0.86,synthetic,not_applicable,,team_generated,false,dev
RES-0155,synthetic_project,后端服务开发实践项目-035,系统实践任务库,,advanced,21,free_or_demo,zh-CN,70,false,synthetic,参赛团队生成,true,围绕后端服务开发完成可运行成果、说明文档和复盘。,1.2.0,synthetic,true,SRC-SYNTH,2026-09-13T00:00:00+08:00,0.86,synthetic,not_applicable,,team_generated,false,dev
RES-0156,synthetic_project,Docker容器实践项目-036,系统实践任务库,,beginner,22,free_or_demo,zh-CN,20,false,synthetic,参赛团队生成,true,围绕Docker容器完成可运行成果、说明文档和复盘。,1.2.0,synthetic,true,SRC-SYNTH,2026-09-13T00:00:00+08:00,0.86,synthetic,not_applicable,,team_generated,false,dev
RES-0157,synthetic_project,CI/CD实践项目-037,系统实践任务库,,intermediate,23,free_or_demo,zh-CN,50,false,synthetic,参赛团队生成,true,围绕CI/CD完成可运行成果、说明文档和复盘。,1.2.0,synthetic,true,SRC-SYNTH,2026-09-13T00:00:00+08:00,0.86,synthetic,not_applicable,,team_generated,false,dev
RES-0158,synthetic_project,云端部署实践项目-038,系统实践任务库,,advanced,24,free_or_demo,zh-CN,70,false,synthetic,参赛团队生成,true,围绕云端部署完成可运行成果、说明文档和复盘。,1.2.0,synthetic,true,SRC-SYNTH,2026-09-13T00:00:00+08:00,0.86,synthetic,not_applicable,,team_generated,false,dev
RES-0159,synthetic_project,监控与可观测性实践项目-039,系统实践任务库,,beginner,25,free_or_demo,zh-CN,20,false,synthetic,参赛团队生成,true,围绕监控与可观测性完成可运行成果、说明文档和复盘。,1.2.0,synthetic,true,SRC-SYNTH,2026-09-13T00:00:00+08:00,0.86,synthetic,not_applicable,,team_generated,false,dev
RES-0160,synthetic_project,数据工程管道实践项目-040,系统实践任务库,,intermediate,26,free_or_demo,zh-CN,50,false,synthetic,参赛团队生成,true,围绕数据工程管道完成可运行成果、说明文档和复盘。,1.2.0,synthetic,true,SRC-SYNTH,2026-09-13T00:00:00+08:00,0.86,synthetic,not_applicable,,team_generated,false,dev
RES-0161,synthetic_project,问题拆解实践项目-041,系统实践任务库,,advanced,27,free_or_demo,zh-CN,70,false,synthetic,参赛团队生成,true,围绕问题拆解完成可运行成果、说明文档和复盘。,1.2.0,synthetic,true,SRC-SYNTH,2026-09-13T00:00:00+08:00,0.86,synthetic,not_applicable,,team_generated,false,dev
RES-0162,synthetic_project,系统思维实践项目-042,系统实践任务库,,beginner,28,free_or_demo,zh-CN,20,false,synthetic,参赛团队生成,true,围绕系统思维完成可运行成果、说明文档和复盘。,1.2.0,synthetic,true,SRC-SYNTH,2026-09-13T00:00:00+08:00,0.86,synthetic,not_applicable,,team_generated,false,dev
RES-0163,synthetic_project,需求分析实践项目-043,系统实践任务库,,intermediate,29,free_or_demo,zh-CN,50,false,synthetic,参赛团队生成,true,围绕需求分析完成可运行成果、说明文档和复盘。,1.2.0,synthetic,true,SRC-SYNTH,2026-09-13T00:00:00+08:00,0.86,synthetic,not_applicable,,team_generated,false,dev
RES-0164,synthetic_project,用户研究实践项目-044,系统实践任务库,,advanced,30,free_or_demo,zh-CN,70,false,synthetic,参赛团队生成,true,围绕用户研究完成可运行成果、说明文档和复盘。,1.2.0,synthetic,true,SRC-SYNTH,2026-09-13T00:00:00+08:00,0.86,synthetic,not_applicable,,team_generated,false,dev
RES-0165,synthetic_project,指标设计实践项目-045,系统实践任务库,,beginner,31,free_or_demo,zh-CN,20,false,synthetic,参赛团队生成,true,围绕指标设计完成可运行成果、说明文档和复盘。,1.2.0,synthetic,true,SRC-SYNTH,2026-09-13T00:00:00+08:00,0.86,synthetic,not_applicable,,team_generated,false,dev
RES-0167,synthetic_project,创新与方案比较实践项目-047,系统实践任务库,,advanced,33,free_or_demo,zh-CN,70,false,synthetic,参赛团队生成,true,围绕创新与方案比较完成可运行成果、说明文档和复盘。,1.2.0,synthetic,true,SRC-SYNTH,2026-09-13T00:00:00+08:00,0.86,synthetic,not_applicable,,team_generated,false,dev
RES-0168,synthetic_project,书面沟通实践项目-048,系统实践任务库,,beginner,34,free_or_demo,zh-CN,20,false,synthetic,参赛团队生成,true,围绕书面沟通完成可运行成果、说明文档和复盘。,1.2.0,synthetic,true,SRC-SYNTH,2026-09-13T00:00:00+08:00,0.86,synthetic,not_applicable,,team_generated,false,dev
RES-0169,synthetic_project,表达与汇报实践项目-049,系统实践任务库,,intermediate,35,free_or_demo,zh-CN,50,false,synthetic,参赛团队生成,true,围绕表达与汇报完成可运行成果、说明文档和复盘。,1.2.0,synthetic,true,SRC-SYNTH,2026-09-13T00:00:00+08:00,0.86,synthetic,not_applicable,,team_generated,false,dev
RES-0170,synthetic_project,跨岗位沟通实践项目-050,系统实践任务库,,advanced,36,free_or_demo,zh-CN,70,false,synthetic,参赛团队生成,true,围绕跨岗位沟通完成可运行成果、说明文档和复盘。,1.2.0,synthetic,true,SRC-SYNTH,2026-09-13T00:00:00+08:00,0.86,synthetic,not_applicable,,team_generated,false,dev
RES-0171,synthetic_project,远程协作实践项目-051,系统实践任务库,,beginner,37,free_or_demo,zh-CN,20,false,synthetic,参赛团队生成,true,围绕远程协作完成可运行成果、说明文档和复盘。,1.2.0,synthetic,true,SRC-SYNTH,2026-09-13T00:00:00+08:00,0.86,synthetic,not_applicable,,team_generated,false,dev
RES-0172,synthetic_project,团队协作实践项目-052,系统实践任务库,,intermediate,38,free_or_demo,zh-CN,50,false,synthetic,参赛团队生成,true,围绕团队协作完成可运行成果、说明文档和复盘。,1.2.0,synthetic,true,SRC-SYNTH,2026-09-13T00:00:00+08:00,0.86,synthetic,not_applicable,,team_generated,false,dev
RES-0173,synthetic_project,时间管理实践项目-053,系统实践任务库,,advanced,39,free_or_demo,zh-CN,70,false,synthetic,参赛团队生成,true,围绕时间管理完成可运行成果、说明文档和复盘。,1.2.0,synthetic,true,SRC-SYNTH,2026-09-13T00:00:00+08:00,0.86,synthetic,not_applicable,,team_generated,false,dev
RES-0174,synthetic_project,职业伦理与隐私实践项目-054,系统实践任务库,,beginner,40,free_or_demo,zh-CN,20,false,synthetic,参赛团队生成,true,围绕职业伦理与隐私完成可运行成果、说明文档和复盘。,1.2.0,synthetic,true,SRC-SYNTH,2026-09-13T00:00:00+08:00,0.86,synthetic,not_applicable,,team_generated,false,dev
RES-0175,synthetic_project,自主学习实践项目-055,系统实践任务库,,intermediate,6,free_or_demo,zh-CN,50,false,synthetic,参赛团队生成,true,围绕自主学习完成可运行成果、说明文档和复盘。,1.2.0,synthetic,true,SRC-SYNTH,2026-09-13T00:00:00+08:00,0.86,synthetic,not_applicable,,team_generated,false,dev
RES-0176,synthetic_project,知识管理实践项目-056,系统实践任务库,,advanced,7,free_or_demo,zh-CN,70,false,synthetic,参赛团队生成,true,围绕知识管理完成可运行成果、说明文档和复盘。,1.2.0,synthetic,true,SRC-SYNTH,2026-09-13T00:00:00+08:00,0.86,synthetic,not_applicable,,team_generated,false,dev
RES-0177,synthetic_project,项目规划实践项目-057,系统实践任务库,,beginner,8,free_or_demo,zh-CN,20,false,synthetic,参赛团队生成,true,围绕项目规划完成可运行成果、说明文档和复盘。,1.2.0,synthetic,true,SRC-SYNTH,2026-09-13T00:00:00+08:00,0.86,synthetic,not_applicable,,team_generated,false,dev
RES-0178,synthetic_project,项目交付实践项目-058,系统实践任务库,,intermediate,9,free_or_demo,zh-CN,50,false,synthetic,参赛团队生成,true,围绕项目交付完成可运行成果、说明文档和复盘。,1.2.0,synthetic,true,SRC-SYNTH,2026-09-13T00:00:00+08:00,0.86,synthetic,not_applicable,,team_generated,false,dev
RES-0179,synthetic_project,复盘与反馈实践项目-059,系统实践任务库,,advanced,10,free_or_demo,zh-CN,70,false,synthetic,参赛团队生成,true,围绕复盘与反馈完成可运行成果、说明文档和复盘。,1.2.0,synthetic,true,SRC-SYNTH,2026-09-13T00:00:00+08:00,0.86,synthetic,not_applicable,,team_generated,false,dev
RES-0180,synthetic_project,职业探索实践项目-060,系统实践任务库,,beginner,11,free_or_demo,zh-CN,20,false,synthetic,参赛团队生成,true,围绕职业探索完成可运行成果、说明文档和复盘。,1.2.0,synthetic,true,SRC-SYNTH,2026-09-13T00:00:00+08:00,0.86,synthetic,not_applicable,,team_generated,false,dev
RES-0181,synthetic_project,Python编程实践项目-061,系统实践任务库,,intermediate,12,free_or_demo,zh-CN,50,false,synthetic,参赛团队生成,true,围绕Python编程完成可运行成果、说明文档和复盘。,1.2.0,synthetic,true,SRC-SYNTH,2026-09-13T00:00:00+08:00,0.86,synthetic,not_applicable,,team_generated,false,dev
RES-0183,synthetic_project,面向对象设计实践项目-063,系统实践任务库,,beginner,14,free_or_demo,zh-CN,20,false,synthetic,参赛团队生成,true,围绕面向对象设计完成可运行成果、说明文档和复盘。,1.2.0,synthetic,true,SRC-SYNTH,2026-09-13T00:00:00+08:00,0.86,synthetic,not_applicable,,team_generated,false,dev
RES-0184,synthetic_project,计算机系统基础实践项目-064,系统实践任务库,,intermediate,15,free_or_demo,zh-CN,50,false,synthetic,参赛团队生成,true,围绕计算机系统基础完成可运行成果、说明文档和复盘。,1.2.0,synthetic,true,SRC-SYNTH,2026-09-13T00:00:00+08:00,0.86,synthetic,not_applicable,,team_generated,false,dev
RES-0185,synthetic_project,计算机网络实践项目-065,系统实践任务库,,advanced,16,free_or_demo,zh-CN,70,false,synthetic,参赛团队生成,true,围绕计算机网络完成可运行成果、说明文档和复盘。,1.2.0,synthetic,true,SRC-SYNTH,2026-09-13T00:00:00+08:00,0.86,synthetic,not_applicable,,team_generated,false,dev
RES-0186,synthetic_project,Linux使用实践项目-066,系统实践任务库,,beginner,17,free_or_demo,zh-CN,20,false,synthetic,参赛团队生成,true,围绕Linux使用完成可运行成果、说明文档和复盘。,1.2.0,synthetic,true,SRC-SYNTH,2026-09-13T00:00:00+08:00,0.86,synthetic,not_applicable,,team_generated,false,dev
RES-0188,synthetic_project,测试与调试实践项目-068,系统实践任务库,,advanced,19,free_or_demo,zh-CN,70,false,synthetic,参赛团队生成,true,围绕测试与调试完成可运行成果、说明文档和复盘。,1.2.0,synthetic,true,SRC-SYNTH,2026-09-13T00:00:00+08:00,0.86,synthetic,not_applicable,,team_generated,false,dev
RES-0189,synthetic_project,SQL实践项目-069,系统实践任务库,,beginner,20,free_or_demo,zh-CN,20,false,synthetic,参赛团队生成,true,围绕SQL完成可运行成果、说明文档和复盘。,1.2.0,synthetic,true,SRC-SYNTH,2026-09-13T00:00:00+08:00,0.86,synthetic,not_applicable,,team_generated,false,dev
RES-0190,synthetic_project,数据清洗实践项目-070,系统实践任务库,,intermediate,21,free_or_demo,zh-CN,50,false,synthetic,参赛团队生成,true,围绕数据清洗完成可运行成果、说明文档和复盘。,1.2.0,synthetic,true,SRC-SYNTH,2026-09-13T00:00:00+08:00,0.86,synthetic,not_applicable,,team_generated,false,dev
RES-0191,synthetic_project,统计学基础实践项目-071,系统实践任务库,,advanced,22,free_or_demo,zh-CN,70,false,synthetic,参赛团队生成,true,围绕统计学基础完成可运行成果、说明文档和复盘。,1.2.0,synthetic,true,SRC-SYNTH,2026-09-13T00:00:00+08:00,0.86,synthetic,not_applicable,,team_generated,false,dev
RES-0192,synthetic_project,探索性数据分析实践项目-072,系统实践任务库,,beginner,23,free_or_demo,zh-CN,20,false,synthetic,参赛团队生成,true,围绕探索性数据分析完成可运行成果、说明文档和复盘。,1.2.0,synthetic,true,SRC-SYNTH,2026-09-13T00:00:00+08:00,0.86,synthetic,not_applicable,,team_generated,false,dev
RES-0193,synthetic_project,数据可视化实践项目-073,系统实践任务库,,intermediate,24,free_or_demo,zh-CN,50,false,synthetic,参赛团队生成,true,围绕数据可视化完成可运行成果、说明文档和复盘。,1.2.0,synthetic,true,SRC-SYNTH,2026-09-13T00:00:00+08:00,0.86,synthetic,not_applicable,,team_generated,false,dev
RES-0194,synthetic_project,Excel与BI工具实践项目-074,系统实践任务库,,advanced,25,free_or_demo,zh-CN,70,false,synthetic,参赛团队生成,true,围绕Excel与BI工具完成可运行成果、说明文档和复盘。,1.2.0,synthetic,true,SRC-SYNTH,2026-09-13T00:00:00+08:00,0.86,synthetic,not_applicable,,team_generated,false,dev
RES-0195,synthetic_project,数据建模实践项目-075,系统实践任务库,,beginner,26,free_or_demo,zh-CN,20,false,synthetic,参赛团队生成,true,围绕数据建模完成可运行成果、说明文档和复盘。,1.2.0,synthetic,true,SRC-SYNTH,2026-09-13T00:00:00+08:00,0.86,synthetic,not_applicable,,team_generated,false,dev
RES-0196,synthetic_project,实验与A/B测试实践项目-076,系统实践任务库,,intermediate,27,free_or_demo,zh-CN,50,false,synthetic,参赛团队生成,true,围绕实验与A/B测试完成可运行成果、说明文档和复盘。,1.2.0,synthetic,true,SRC-SYNTH,2026-09-13T00:00:00+08:00,0.86,synthetic,not_applicable,,team_generated,false,dev
RES-0197,synthetic_project,线性代数实践项目-077,系统实践任务库,,advanced,28,free_or_demo,zh-CN,70,false,synthetic,参赛团队生成,true,围绕线性代数完成可运行成果、说明文档和复盘。,1.2.0,synthetic,true,SRC-SYNTH,2026-09-13T00:00:00+08:00,0.86,synthetic,not_applicable,,team_generated,false,dev
RES-0198,synthetic_project,微积分与优化实践项目-078,系统实践任务库,,beginner,29,free_or_demo,zh-CN,20,false,synthetic,参赛团队生成,true,围绕微积分与优化完成可运行成果、说明文档和复盘。,1.2.0,synthetic,true,SRC-SYNTH,2026-09-13T00:00:00+08:00,0.86,synthetic,not_applicable,,team_generated,false,dev
RES-0199,synthetic_project,机器学习实践项目-079,系统实践任务库,,intermediate,30,free_or_demo,zh-CN,50,false,synthetic,参赛团队生成,true,围绕机器学习完成可运行成果、说明文档和复盘。,1.2.0,synthetic,true,SRC-SYNTH,2026-09-13T00:00:00+08:00,0.86,synthetic,not_applicable,,team_generated,false,dev
RES-0200,synthetic_project,特征工程实践项目-080,系统实践任务库,,advanced,31,free_or_demo,zh-CN,70,false,synthetic,参赛团队生成,true,围绕特征工程完成可运行成果、说明文档和复盘。,1.2.0,synthetic,true,SRC-SYNTH,2026-09-13T00:00:00+08:00,0.86,synthetic,not_applicable,,team_generated,false,dev
RES-0201,synthetic_project,模型评估实践项目-081,系统实践任务库,,beginner,32,free_or_demo,zh-CN,20,false,synthetic,参赛团队生成,true,围绕模型评估完成可运行成果、说明文档和复盘。,1.2.0,synthetic,true,SRC-SYNTH,2026-09-13T00:00:00+08:00,0.86,synthetic,not_applicable,,team_generated,false,dev
RES-0202,synthetic_project,深度学习实践项目-082,系统实践任务库,,intermediate,33,free_or_demo,zh-CN,50,false,synthetic,参赛团队生成,true,围绕深度学习完成可运行成果、说明文档和复盘。,1.2.0,synthetic,true,SRC-SYNTH,2026-09-13T00:00:00+08:00,0.86,synthetic,not_applicable,,team_generated,false,dev
RES-0425,synthetic_assessment,计算机网络能力测评-005,系统能力测评中心,,advanced,1,free_or_demo,zh-CN,70,false,synthetic,参赛团队生成,true,通过任务和量表验证计算机网络，结果仅用于学习建议。,1.2.0,synthetic,true,SRC-SYNTH,2026-09-13T00:00:00+08:00,0.86,synthetic,not_applicable,,team_generated,false,dev
RES-0441,synthetic_assessment,模型评估能力测评-021,系统能力测评中心,,beginner,2,free_or_demo,zh-CN,20,false,synthetic,参赛团队生成,true,通过任务和量表验证模型评估，结果仅用于学习建议。,1.2.0,synthetic,true,SRC-SYNTH,2026-09-13T00:00:00+08:00,0.86,synthetic,not_applicable,,team_generated,false,dev
RES-0446,synthetic_assessment,提示词设计能力测评-026,系统能力测评中心,,advanced,2,free_or_demo,zh-CN,70,false,synthetic,参赛团队生成,true,通过任务和量表验证提示词设计，结果仅用于学习建议。,1.2.0,synthetic,true,SRC-SYNTH,2026-09-13T00:00:00+08:00,0.86,synthetic,not_applicable,,team_generated,false,dev
RES-0462,synthetic_assessment,系统思维能力测评-042,系统能力测评中心,,beginner,3,free_or_demo,zh-CN,20,false,synthetic,参赛团队生成,true,通过任务和量表验证系统思维，结果仅用于学习建议。,1.2.0,synthetic,true,SRC-SYNTH,2026-09-13T00:00:00+08:00,0.86,synthetic,not_applicable,,team_generated,false,dev
RES-0478,synthetic_assessment,项目交付能力测评-058,系统能力测评中心,,intermediate,4,free_or_demo,zh-CN,50,false,synthetic,参赛团队生成,true,通过任务和量表验证项目交付，结果仅用于学习建议。,1.2.0,synthetic,true,SRC-SYNTH,2026-09-13T00:00:00+08:00,0.86,synthetic,not_applicable,,team_generated,false,dev
RES-0483,synthetic_assessment,面向对象设计能力测评-063,系统能力测评中心,,beginner,4,free_or_demo,zh-CN,20,false,synthetic,参赛团队生成,true,通过任务和量表验证面向对象设计，结果仅用于学习建议。,1.2.0,synthetic,true,SRC-SYNTH,2026-09-13T00:00:00+08:00,0.86,synthetic,not_applicable,,team_generated,false,dev
RES-0499,synthetic_assessment,机器学习能力测评-079,系统能力测评中心,,intermediate,5,free_or_demo,zh-CN,50,false,synthetic,参赛团队生成,true,通过任务和量表验证机器学习，结果仅用于学习建议。,1.2.0,synthetic,true,SRC-SYNTH,2026-09-13T00:00:00+08:00,0.86,synthetic,not_applicable,,team_generated,false,dev
RES-0515,synthetic_assessment,后端服务开发能力测评-095,系统能力测评中心,,advanced,1,free_or_demo,zh-CN,70,false,synthetic,参赛团队生成,true,通过任务和量表验证后端服务开发，结果仅用于学习建议。,1.2.0,synthetic,true,SRC-SYNTH,2026-09-13T00:00:00+08:00,0.86,synthetic,not_applicable,,team_generated,false,dev
RES-0520,synthetic_assessment,数据工程管道能力测评-100,系统能力测评中心,,intermediate,1,free_or_demo,zh-CN,50,false,synthetic,参赛团队生成,true,通过任务和量表验证数据工程管道，结果仅用于学习建议。,1.2.0,synthetic,true,SRC-SYNTH,2026-09-13T00:00:00+08:00,0.86,synthetic,not_applicable,,team_generated,false,dev
RES-0536,synthetic_assessment,知识管理能力测评-116,系统能力测评中心,,advanced,2,free_or_demo,zh-CN,70,false,synthetic,参赛团队生成,true,通过任务和量表验证知识管理，结果仅用于学习建议。,1.2.0,synthetic,true,SRC-SYNTH,2026-09-13T00:00:00+08:00,0.86,synthetic,not_applicable,,team_generated,false,dev
RES-0421,synthetic_assessment,Python编程能力测评-001,系统能力测评中心,,intermediate,2,free_or_demo,zh-CN,50,false,synthetic,参赛团队生成,true,通过任务和量表验证Python编程，结果仅用于学习建议。,1.2.0,synthetic,true,SRC-SYNTH,2026-09-13T00:00:00+08:00,0.86,synthetic,not_applicable,,team_generated,false,dev
RES-0422,synthetic_assessment,数据结构与算法能力测评-002,系统能力测评中心,,advanced,3,free_or_demo,zh-CN,70,false,synthetic,参赛团队生成,true,通过任务和量表验证数据结构与算法，结果仅用于学习建议。,1.2.0,synthetic,true,SRC-SYNTH,2026-09-13T00:00:00+08:00,0.86,synthetic,not_applicable,,team_generated,false,dev
RES-0423,synthetic_assessment,面向对象设计能力测评-003,系统能力测评中心,,beginner,4,free_or_demo,zh-CN,20,false,synthetic,参赛团队生成,true,通过任务和量表验证面向对象设计，结果仅用于学习建议。,1.2.0,synthetic,true,SRC-SYNTH,2026-09-13T00:00:00+08:00,0.86,synthetic,not_applicable,,team_generated,false,dev
RES-0424,synthetic_assessment,计算机系统基础能力测评-004,系统能力测评中心,,intermediate,5,free_or_demo,zh-CN,50,false,synthetic,参赛团队生成,true,通过任务和量表验证计算机系统基础，结果仅用于学习建议。,1.2.0,synthetic,true,SRC-SYNTH,2026-09-13T00:00:00+08:00,0.86,synthetic,not_applicable,,team_generated,false,dev
RES-0426,synthetic_assessment,Linux使用能力测评-006,系统能力测评中心,,beginner,2,free_or_demo,zh-CN,20,false,synthetic,参赛团队生成,true,通过任务和量表验证Linux使用，结果仅用于学习建议。,1.2.0,synthetic,true,SRC-SYNTH,2026-09-13T00:00:00+08:00,0.86,synthetic,not_applicable,,team_generated,false,dev
RES-0427,synthetic_assessment,软件工程能力测评-007,系统能力测评中心,,intermediate,3,free_or_demo,zh-CN,50,false,synthetic,参赛团队生成,true,通过任务和量表验证软件工程，结果仅用于学习建议。,1.2.0,synthetic,true,SRC-SYNTH,2026-09-13T00:00:00+08:00,0.86,synthetic,not_applicable,,team_generated,false,dev
RES-0428,synthetic_assessment,测试与调试能力测评-008,系统能力测评中心,,advanced,4,free_or_demo,zh-CN,70,false,synthetic,参赛团队生成,true,通过任务和量表验证测试与调试，结果仅用于学习建议。,1.2.0,synthetic,true,SRC-SYNTH,2026-09-13T00:00:00+08:00,0.86,synthetic,not_applicable,,team_generated,false,dev
RES-0429,synthetic_assessment,SQL能力测评-009,系统能力测评中心,,beginner,5,free_or_demo,zh-CN,20,false,synthetic,参赛团队生成,true,通过任务和量表验证SQL，结果仅用于学习建议。,1.2.0,synthetic,true,SRC-SYNTH,2026-09-13T00:00:00+08:00,0.86,synthetic,not_applicable,,team_generated,false,dev
RES-0430,synthetic_assessment,数据清洗能力测评-010,系统能力测评中心,,intermediate,1,free_or_demo,zh-CN,50,false,synthetic,参赛团队生成,true,通过任务和量表验证数据清洗，结果仅用于学习建议。,1.2.0,synthetic,true,SRC-SYNTH,2026-09-13T00:00:00+08:00,0.86,synthetic,not_applicable,,team_generated,false,dev
RES-0431,synthetic_assessment,统计学基础能力测评-011,系统能力测评中心,,advanced,2,free_or_demo,zh-CN,70,false,synthetic,参赛团队生成,true,通过任务和量表验证统计学基础，结果仅用于学习建议。,1.2.0,synthetic,true,SRC-SYNTH,2026-09-13T00:00:00+08:00,0.86,synthetic,not_applicable,,team_generated,false,dev
RES-0432,synthetic_assessment,探索性数据分析能力测评-012,系统能力测评中心,,beginner,3,free_or_demo,zh-CN,20,false,synthetic,参赛团队生成,true,通过任务和量表验证探索性数据分析，结果仅用于学习建议。,1.2.0,synthetic,true,SRC-SYNTH,2026-09-13T00:00:00+08:00,0.86,synthetic,not_applicable,,team_generated,false,dev
RES-0433,synthetic_assessment,数据可视化能力测评-013,系统能力测评中心,,intermediate,4,free_or_demo,zh-CN,50,false,synthetic,参赛团队生成,true,通过任务和量表验证数据可视化，结果仅用于学习建议。,1.2.0,synthetic,true,SRC-SYNTH,2026-09-13T00:00:00+08:00,0.86,synthetic,not_applicable,,team_generated,false,dev
RES-0434,synthetic_assessment,Excel与BI工具能力测评-014,系统能力测评中心,,advanced,5,free_or_demo,zh-CN,70,false,synthetic,参赛团队生成,true,通过任务和量表验证Excel与BI工具，结果仅用于学习建议。,1.2.0,synthetic,true,SRC-SYNTH,2026-09-13T00:00:00+08:00,0.86,synthetic,not_applicable,,team_generated,false,dev
RES-0435,synthetic_assessment,数据建模能力测评-015,系统能力测评中心,,beginner,1,free_or_demo,zh-CN,20,false,synthetic,参赛团队生成,true,通过任务和量表验证数据建模，结果仅用于学习建议。,1.2.0,synthetic,true,SRC-SYNTH,2026-09-13T00:00:00+08:00,0.86,synthetic,not_applicable,,team_generated,false,dev
RES-0436,synthetic_assessment,实验与A/B测试能力测评-016,系统能力测评中心,,intermediate,2,free_or_demo,zh-CN,50,false,synthetic,参赛团队生成,true,通过任务和量表验证实验与A/B测试，结果仅用于学习建议。,1.2.0,synthetic,true,SRC-SYNTH,2026-09-13T00:00:00+08:00,0.86,synthetic,not_applicable,,team_generated,false,dev
RES-0437,synthetic_assessment,线性代数能力测评-017,系统能力测评中心,,advanced,3,free_or_demo,zh-CN,70,false,synthetic,参赛团队生成,true,通过任务和量表验证线性代数，结果仅用于学习建议。,1.2.0,synthetic,true,SRC-SYNTH,2026-09-13T00:00:00+08:00,0.86,synthetic,not_applicable,,team_generated,false,dev
RES-0438,synthetic_assessment,微积分与优化能力测评-018,系统能力测评中心,,beginner,4,free_or_demo,zh-CN,20,false,synthetic,参赛团队生成,true,通过任务和量表验证微积分与优化，结果仅用于学习建议。,1.2.0,synthetic,true,SRC-SYNTH,2026-09-13T00:00:00+08:00,0.86,synthetic,not_applicable,,team_generated,false,dev
RES-0439,synthetic_assessment,机器学习能力测评-019,系统能力测评中心,,intermediate,5,free_or_demo,zh-CN,50,false,synthetic,参赛团队生成,true,通过任务和量表验证机器学习，结果仅用于学习建议。,1.2.0,synthetic,true,SRC-SYNTH,2026-09-13T00:00:00+08:00,0.86,synthetic,not_applicable,,team_generated,false,dev
RES-0440,synthetic_assessment,特征工程能力测评-020,系统能力测评中心,,advanced,1,free_or_demo,zh-CN,70,false,synthetic,参赛团队生成,true,通过任务和量表验证特征工程，结果仅用于学习建议。,1.2.0,synthetic,true,SRC-SYNTH,2026-09-13T00:00:00+08:00,0.86,synthetic,not_applicable,,team_generated,false,dev
RES-0442,synthetic_assessment,深度学习能力测评-022,系统能力测评中心,,intermediate,3,free_or_demo,zh-CN,50,false,synthetic,参赛团队生成,true,通过任务和量表验证深度学习，结果仅用于学习建议。,1.2.0,synthetic,true,SRC-SYNTH,2026-09-13T00:00:00+08:00,0.86,synthetic,not_applicable,,team_generated,false,dev
RES-0443,synthetic_assessment,自然语言处理能力测评-023,系统能力测评中心,,advanced,4,free_or_demo,zh-CN,70,false,synthetic,参赛团队生成,true,通过任务和量表验证自然语言处理，结果仅用于学习建议。,1.2.0,synthetic,true,SRC-SYNTH,2026-09-13T00:00:00+08:00,0.86,synthetic,not_applicable,,team_generated,false,dev
RES-0444,synthetic_assessment,模型调优能力测评-024,系统能力测评中心,,beginner,5,free_or_demo,zh-CN,20,false,synthetic,参赛团队生成,true,通过任务和量表验证模型调优，结果仅用于学习建议。,1.2.0,synthetic,true,SRC-SYNTH,2026-09-13T00:00:00+08:00,0.86,synthetic,not_applicable,,team_generated,false,dev
RES-0445,synthetic_assessment,大模型基础能力测评-025,系统能力测评中心,,intermediate,1,free_or_demo,zh-CN,50,false,synthetic,参赛团队生成,true,通过任务和量表验证大模型基础，结果仅用于学习建议。,1.2.0,synthetic,true,SRC-SYNTH,2026-09-13T00:00:00+08:00,0.86,synthetic,not_applicable,,team_generated,false,dev
RES-0447,synthetic_assessment,RAG应用能力测评-027,系统能力测评中心,,beginner,3,free_or_demo,zh-CN,20,false,synthetic,参赛团队生成,true,通过任务和量表验证RAG应用，结果仅用于学习建议。,1.2.0,synthetic,true,SRC-SYNTH,2026-09-13T00:00:00+08:00,0.86,synthetic,not_applicable,,team_generated,false,dev
RES-0448,synthetic_assessment,向量数据库能力测评-028,系统能力测评中心,,intermediate,4,free_or_demo,zh-CN,50,false,synthetic,参赛团队生成,true,通过任务和量表验证向量数据库，结果仅用于学习建议。,1.2.0,synthetic,true,SRC-SYNTH,2026-09-13T00:00:00+08:00,0.86,synthetic,not_applicable,,team_generated,false,dev
RES-0449,synthetic_assessment,智能体开发能力测评-029,系统能力测评中心,,advanced,5,free_or_demo,zh-CN,70,false,synthetic,参赛团队生成,true,通过任务和量表验证智能体开发，结果仅用于学习建议。,1.2.0,synthetic,true,SRC-SYNTH,2026-09-13T00:00:00+08:00,0.86,synthetic,not_applicable,,team_generated,false,dev
RES-0450,synthetic_assessment,MCP与工具调用能力测评-030,系统能力测评中心,,beginner,1,free_or_demo,zh-CN,20,false,synthetic,参赛团队生成,true,通过任务和量表验证MCP与工具调用，结果仅用于学习建议。,1.2.0,synthetic,true,SRC-SYNTH,2026-09-13T00:00:00+08:00,0.86,synthetic,not_applicable,,team_generated,false,dev
RES-0451,synthetic_assessment,模型微调能力测评-031,系统能力测评中心,,intermediate,2,free_or_demo,zh-CN,50,false,synthetic,参赛团队生成,true,通过任务和量表验证模型微调，结果仅用于学习建议。,1.2.0,synthetic,true,SRC-SYNTH,2026-09-13T00:00:00+08:00,0.86,synthetic,not_applicable,,team_generated,false,dev
RES-0452,synthetic_assessment,AI安全与评测能力测评-032,系统能力测评中心,,advanced,3,free_or_demo,zh-CN,70,false,synthetic,参赛团队生成,true,通过任务和量表验证AI安全与评测，结果仅用于学习建议。,1.2.0,synthetic,true,SRC-SYNTH,2026-09-13T00:00:00+08:00,0.86,synthetic,not_applicable,,team_generated,false,dev
RES-0453,synthetic_assessment,Git版本控制能力测评-033,系统能力测评中心,,beginner,4,free_or_demo,zh-CN,20,false,synthetic,参赛团队生成,true,通过任务和量表验证Git版本控制，结果仅用于学习建议。,1.2.0,synthetic,true,SRC-SYNTH,2026-09-13T00:00:00+08:00,0.86,synthetic,not_applicable,,team_generated,false,dev
RES-0552,synthetic_guide,探索性数据分析职业应用指南-012,职业知识库,,beginner,2,free_or_demo,zh-CN,20,false,synthetic,参赛团队生成,true,用于学习或理解探索性数据分析，内容为演示指南。,1.2.0,synthetic,true,SRC-WEF|SRC-SYNTH,2026-09-13T00:00:00+08:00,0.86,synthetic,not_applicable,,team_generated,false,dev
RES-0557,synthetic_guide,线性代数职业应用指南-017,职业知识库,,advanced,7,free_or_demo,zh-CN,70,false,synthetic,参赛团队生成,true,用于学习或理解线性代数，内容为演示指南。,1.2.0,synthetic,true,SRC-WEF|SRC-SYNTH,2026-09-13T00:00:00+08:00,0.86,synthetic,not_applicable,,team_generated,false,dev
RES-0573,synthetic_guide,Git版本控制职业应用指南-033,职业知识库,,beginner,5,free_or_demo,zh-CN,20,false,synthetic,参赛团队生成,true,用于学习或理解Git版本控制，内容为演示指南。,1.2.0,synthetic,true,SRC-WEF|SRC-SYNTH,2026-09-13T00:00:00+08:00,0.86,synthetic,not_applicable,,team_generated,false,dev
RES-0589,synthetic_guide,表达与汇报职业应用指南-049,职业知识库,,intermediate,3,free_or_demo,zh-CN,50,false,synthetic,参赛团队生成,true,用于学习或理解表达与汇报，内容为演示指南。,1.2.0,synthetic,true,SRC-PIPL|SRC-WEF|SRC-SYNTH,2026-09-13T00:00:00+08:00,0.86,synthetic,not_applicable,,team_generated,false,dev
RES-0594,synthetic_guide,职业伦理与隐私职业应用指南-054,职业知识库,,beginner,2,free_or_demo,zh-CN,20,false,synthetic,参赛团队生成,true,用于学习或理解职业伦理与隐私，内容为演示指南。,1.2.0,synthetic,true,SRC-PIPL|SRC-WEF|SRC-SYNTH,2026-09-13T00:00:00+08:00,0.86,synthetic,not_applicable,,team_generated,false,dev
RES-0541,synthetic_guide,Python编程职业应用指南-001,职业知识库,,intermediate,3,free_or_demo,zh-CN,50,false,synthetic,参赛团队生成,true,用于学习或理解Python编程，内容为演示指南。,1.2.0,synthetic,true,SRC-WEF|SRC-SYNTH,2026-09-13T00:00:00+08:00,0.86,synthetic,not_applicable,,team_generated,false,dev
RES-0542,synthetic_guide,数据结构与算法职业应用指南-002,职业知识库,,advanced,4,free_or_demo,zh-CN,70,false,synthetic,参赛团队生成,true,用于学习或理解数据结构与算法，内容为演示指南。,1.2.0,synthetic,true,SRC-WEF|SRC-SYNTH,2026-09-13T00:00:00+08:00,0.86,synthetic,not_applicable,,team_generated,false,dev
RES-0543,synthetic_guide,面向对象设计职业应用指南-003,职业知识库,,beginner,5,free_or_demo,zh-CN,20,false,synthetic,参赛团队生成,true,用于学习或理解面向对象设计，内容为演示指南。,1.2.0,synthetic,true,SRC-WEF|SRC-SYNTH,2026-09-13T00:00:00+08:00,0.86,synthetic,not_applicable,,team_generated,false,dev
RES-0544,synthetic_guide,计算机系统基础职业应用指南-004,职业知识库,,intermediate,6,free_or_demo,zh-CN,50,false,synthetic,参赛团队生成,true,用于学习或理解计算机系统基础，内容为演示指南。,1.2.0,synthetic,true,SRC-WEF|SRC-SYNTH,2026-09-13T00:00:00+08:00,0.86,synthetic,not_applicable,,team_generated,false,dev
RES-0545,synthetic_guide,计算机网络职业应用指南-005,职业知识库,,advanced,7,free_or_demo,zh-CN,70,false,synthetic,参赛团队生成,true,用于学习或理解计算机网络，内容为演示指南。,1.2.0,synthetic,true,SRC-WEF|SRC-SYNTH,2026-09-13T00:00:00+08:00,0.86,synthetic,not_applicable,,team_generated,false,dev
RES-0546,synthetic_guide,Linux使用职业应用指南-006,职业知识库,,beginner,2,free_or_demo,zh-CN,20,false,synthetic,参赛团队生成,true,用于学习或理解Linux使用，内容为演示指南。,1.2.0,synthetic,true,SRC-WEF|SRC-SYNTH,2026-09-13T00:00:00+08:00,0.86,synthetic,not_applicable,,team_generated,false,dev
RES-0547,synthetic_guide,软件工程职业应用指南-007,职业知识库,,intermediate,3,free_or_demo,zh-CN,50,false,synthetic,参赛团队生成,true,用于学习或理解软件工程，内容为演示指南。,1.2.0,synthetic,true,SRC-WEF|SRC-SYNTH,2026-09-13T00:00:00+08:00,0.86,synthetic,not_applicable,,team_generated,false,dev
RES-0548,synthetic_guide,测试与调试职业应用指南-008,职业知识库,,advanced,4,free_or_demo,zh-CN,70,false,synthetic,参赛团队生成,true,用于学习或理解测试与调试，内容为演示指南。,1.2.0,synthetic,true,SRC-WEF|SRC-SYNTH,2026-09-13T00:00:00+08:00,0.86,synthetic,not_applicable,,team_generated,false,dev
RES-0549,synthetic_guide,SQL职业应用指南-009,职业知识库,,beginner,5,free_or_demo,zh-CN,20,false,synthetic,参赛团队生成,true,用于学习或理解SQL，内容为演示指南。,1.2.0,synthetic,true,SRC-WEF|SRC-SYNTH,2026-09-13T00:00:00+08:00,0.86,synthetic,not_applicable,,team_generated,false,dev
RES-0550,synthetic_guide,数据清洗职业应用指南-010,职业知识库,,intermediate,6,free_or_demo,zh-CN,50,false,synthetic,参赛团队生成,true,用于学习或理解数据清洗，内容为演示指南。,1.2.0,synthetic,true,SRC-WEF|SRC-SYNTH,2026-09-13T00:00:00+08:00,0.86,synthetic,not_applicable,,team_generated,false,dev
RES-0551,synthetic_guide,统计学基础职业应用指南-011,职业知识库,,advanced,7,free_or_demo,zh-CN,70,false,synthetic,参赛团队生成,true,用于学习或理解统计学基础，内容为演示指南。,1.2.0,synthetic,true,SRC-WEF|SRC-SYNTH,2026-09-13T00:00:00+08:00,0.86,synthetic,not_applicable,,team_generated,false,dev
RES-0553,synthetic_guide,数据可视化职业应用指南-013,职业知识库,,intermediate,3,free_or_demo,zh-CN,50,false,synthetic,参赛团队生成,true,用于学习或理解数据可视化，内容为演示指南。,1.2.0,synthetic,true,SRC-WEF|SRC-SYNTH,2026-09-13T00:00:00+08:00,0.86,synthetic,not_applicable,,team_generated,false,dev
RES-0554,synthetic_guide,Excel与BI工具职业应用指南-014,职业知识库,,advanced,4,free_or_demo,zh-CN,70,false,synthetic,参赛团队生成,true,用于学习或理解Excel与BI工具，内容为演示指南。,1.2.0,synthetic,true,SRC-WEF|SRC-SYNTH,2026-09-13T00:00:00+08:00,0.86,synthetic,not_applicable,,team_generated,false,dev
RES-0555,synthetic_guide,数据建模职业应用指南-015,职业知识库,,beginner,5,free_or_demo,zh-CN,20,false,synthetic,参赛团队生成,true,用于学习或理解数据建模，内容为演示指南。,1.2.0,synthetic,true,SRC-WEF|SRC-SYNTH,2026-09-13T00:00:00+08:00,0.86,synthetic,not_applicable,,team_generated,false,dev
RES-0556,synthetic_guide,实验与A/B测试职业应用指南-016,职业知识库,,intermediate,6,free_or_demo,zh-CN,50,false,synthetic,参赛团队生成,true,用于学习或理解实验与A/B测试，内容为演示指南。,1.2.0,synthetic,true,SRC-WEF|SRC-SYNTH,2026-09-13T00:00:00+08:00,0.86,synthetic,not_applicable,,team_generated,false,dev
