resource_skill_id,resource_id,skill_id,coverage_weight,expected_score_gain,schema_version,origin,is_synthetic,source_ids,generated_at,confidence,claim_level,verification_status,last_verified_at,license_scope,is_market_fact,data_split
RES-0001-SKILL-002,RES-0001,SKILL-002,0.3333,3,1.2.0,derived,true,SRC-SMARTEDU,2026-09-13T00:00:00+08:00,0.84,primary_derived,derived,,reference_only,false,dev
RES-0001-SKILL-019,RES-0001,SKILL-019,0.3333,4,1.2.0,derived,true,SRC-SMARTEDU,2026-09-13T00:00:00+08:00,0.84,primary_derived,derived,,reference_only,false,dev
RES-0001-SKILL-022,RES-0001,SKILL-022,0.3334,5,1.2.0,derived,true,SRC-SMARTEDU,2026-09-13T00:00:00+08:00,0.84,primary_derived,derived,,reference_only,false,dev
RES-0002-SKILL-019,RES-0002,SKILL-019,0.3333,3,1.2.0,derived,true,SRC-SMARTEDU,2026-09-13T00:00:00+08:00,0.84,primary_derived,derived,,reference_only,false,dev
RES-0002-SKILL-023,RES-0002,SKILL-023,0.3333,4,1.2.0,derived,true,SRC-SMARTEDU,2026-09-13T00:00:00+08:00,0.84,primary_derived,derived,,reference_only,false,dev
RES-0002-SKILL-022,RES-0002,SKILL-022,0.3334,5,1.2.0,derived,true,SRC-SMARTEDU,2026-09-13T00:00:00+08:00,0.84,primary_derived,derived,,reference_only,false,dev
RES-0003-SKILL-002,RES-0003,SKILL-002,0.3333,3,1.2.0,derived,true,SRC-SMARTEDU,2026-09-13T00:00:00+08:00,0.84,primary_derived,derived,,reference_only,false,dev
RES-0003-SKILL-019,RES-0003,SKILL-019,0.3333,4,1.2.0,derived,true,SRC-SMARTEDU,2026-09-13T00:00:00+08:00,0.84,primary_derived,derived,,reference_only,false,dev
RES-0003-SKILL-029,RES-0003,SKILL-029,0.3334,5,1.2.0,derived,true,SRC-SMARTEDU,2026-09-13T00:00:00+08:00,0.84,primary_derived,derived,,reference_only,false,dev
RES-0004-SKILL-019,RES-0004,SKILL-019,0.3333,3,1.2.0,derived,true,SRC-SMARTEDU,2026-09-13T00:00:00+08:00,0.84,primary_derived,derived,,reference_only,false,dev
RES-0004-SKILL-022,RES-0004,SKILL-022,0.3333,4,1.2.0,derived,true,SRC-SMARTEDU,2026-09-13T00:00:00+08:00,0.84,primary_derived,derived,,reference_only,false,dev
RES-0004-SKILL-021,RES-0004,SKILL-021,0.3334,5,1.2.0,derived,true,SRC-SMARTEDU,2026-09-13T00:00:00+08:00,0.84,primary_derived,derived,,reference_only,false,dev
RES-0005-SKILL-019,RES-0005,SKILL-019,0.3333,3,1.2.0,derived,true,SRC-SMARTEDU,2026-09-13T00:00:00+08:00,0.84,primary_derived,derived,,reference_only,false,dev
RES-0005-SKILL-023,RES-0005,SKILL-023,0.3333,4,1.2.0,derived,true,SRC-SMARTEDU,2026-09-13T00:00:00+08:00,0.84,primary_derived,derived,,reference_only,false,dev
RES-0005-SKILL-054,RES-0005,SKILL-054,0.3334,5,1.2.0,derived,true,SRC-SMARTEDU,2026-09-13T00:00:00+08:00,0.84,primary_derived,derived,,reference_only,false,dev
RES-0006-SKILL-025,RES-0006,SKILL-025,0.3333,3,1.2.0,derived,true,SRC-SMARTEDU,2026-09-13T00:00:00+08:00,0.84,primary_derived,derived,,reference_only,false,dev
RES-0006-SKILL-026,RES-0006,SKILL-026,0.3333,4,1.2.0,derived,true,SRC-SMARTEDU,2026-09-13T00:00:00+08:00,0.84,primary_derived,derived,,reference_only,false,dev
RES-0006-SKILL-032,RES-0006,SKILL-032,0.3334,5,1.2.0,derived,true,SRC-SMARTEDU,2026-09-13T00:00:00+08:00,0.84,primary_derived,derived,,reference_only,false,dev
RES-0007-SKILL-025,RES-0007,SKILL-025,0.3333,3,1.2.0,derived,true,SRC-SMARTEDU,2026-09-13T00:00:00+08:00,0.84,primary_derived,derived,,reference_only,false,dev
RES-0007-SKILL-042,RES-0007,SKILL-042,0.3333,4,1.2.0,derived,true,SRC-SMARTEDU,2026-09-13T00:00:00+08:00,0.84,primary_derived,derived,,reference_only,false,dev
RES-0007-SKILL-060,RES-0007,SKILL-060,0.3334,5,1.2.0,derived,true,SRC-SMARTEDU,2026-09-13T00:00:00+08:00,0.84,primary_derived,derived,,reference_only,false,dev
RES-0008-SKILL-025,RES-0008,SKILL-025,0.3333,3,1.2.0,derived,true,SRC-SMARTEDU,2026-09-13T00:00:00+08:00,0.84,primary_derived,derived,,reference_only,false,dev
RES-0008-SKILL-023,RES-0008,SKILL-023,0.3333,4,1.2.0,derived,true,SRC-SMARTEDU,2026-09-13T00:00:00+08:00,0.84,primary_derived,derived,,reference_only,false,dev
RES-0008-SKILL-032,RES-0008,SKILL-032,0.3334,5,1.2.0,derived,true,SRC-SMARTEDU,2026-09-13T00:00:00+08:00,0.84,primary_derived,derived,,reference_only,false,dev
RES-0009-SKILL-025,RES-0009,SKILL-025,0.3333,3,1.2.0,derived,true,SRC-SMARTEDU,2026-09-13T00:00:00+08:00,0.84,primary_derived,derived,,reference_only,false,dev
RES-0009-SKILL-027,RES-0009,SKILL-027,0.3333,4,1.2.0,derived,true,SRC-SMARTEDU,2026-09-13T00:00:00+08:00,0.84,primary_derived,derived,,reference_only,false,dev
RES-0009-SKILL-029,RES-0009,SKILL-029,0.3334,5,1.2.0,derived,true,SRC-SMARTEDU,2026-09-13T00:00:00+08:00,0.84,primary_derived,derived,,reference_only,false,dev
RES-0010-SKILL-046,RES-0010,SKILL-046,0.3333,3,1.2.0,derived,true,SRC-SMARTEDU,2026-09-13T00:00:00+08:00,0.84,primary_derived,derived,,reference_only,false,dev
RES-0010-SKILL-040,RES-0010,SKILL-040,0.3333,4,1.2.0,derived,true,SRC-SMARTEDU,2026-09-13T00:00:00+08:00,0.84,primary_derived,derived,,reference_only,false,dev
RES-0010-SKILL-019,RES-0010,SKILL-019,0.3334,5,1.2.0,derived,true,SRC-SMARTEDU,2026-09-13T00:00:00+08:00,0.84,primary_derived,derived,,reference_only,false,dev
RES-0011-SKILL-025,RES-0011,SKILL-025,0.3333,3,1.2.0,derived,true,SRC-SMARTEDU,2026-09-13T00:00:00+08:00,0.84,primary_derived,derived,,reference_only,false,dev
RES-0011-SKILL-026,RES-0011,SKILL-026,0.3333,4,1.2.0,derived,true,SRC-SMARTEDU,2026-09-13T00:00:00+08:00,0.84,primary_derived,derived,,reference_only,false,dev
RES-0011-SKILL-029,RES-0011,SKILL-029,0.3334,5,1.2.0,derived,true,SRC-SMARTEDU,2026-09-13T00:00:00+08:00,0.84,primary_derived,derived,,reference_only,false,dev
RES-0018-SKILL-025,RES-0018,SKILL-025,0.3333,3,1.2.0,derived,true,SRC-SMARTEDU,2026-09-13T00:00:00+08:00,0.84,primary_derived,derived,,reference_only,false,dev
RES-0018-SKILL-029,RES-0018,SKILL-029,0.3333,4,1.2.0,derived,true,SRC-SMARTEDU,2026-09-13T00:00:00+08:00,0.84,primary_derived,derived,,reference_only,false,dev
RES-0018-SKILL-027,RES-0018,SKILL-027,0.3334,5,1.2.0,derived,true,SRC-SMARTEDU,2026-09-13T00:00:00+08:00,0.84,primary_derived,derived,,reference_only,false,dev
RES-0023-SKILL-023,RES-0023,SKILL-023,0.3333,3,1.2.0,derived,true,SRC-SMARTEDU|SRC-SYNTH,2026-09-13T00:00:00+08:00,0.84,primary_derived,derived,,reference_only,false,dev
RES-0023-SKILL-030,RES-0023,SKILL-030,0.3333,4,1.2.0,derived,true,SRC-SMARTEDU|SRC-SYNTH,2026-09-13T00:00:00+08:00,0.84,primary_derived,derived,,reference_only,false,dev
RES-0023-SKILL-037,RES-0023,SKILL-037,0.3334,5,1.2.0,derived,true,SRC-SMARTEDU|SRC-SYNTH,2026-09-13T00:00:00+08:00,0.84,primary_derived,derived,,reference_only,false,dev
RES-0024-SKILL-024,RES-0024,SKILL-024,1,3,1.2.0,derived,true,SRC-SMARTEDU|SRC-SYNTH,2026-09-13T00:00:00+08:00,0.84,primary_derived,derived,,reference_only,false,dev
RES-0025-SKILL-025,RES-0025,SKILL-025,0.5,3,1.2.0,derived,true,SRC-SMARTEDU|SRC-SYNTH,2026-09-13T00:00:00+08:00,0.84,primary_derived,derived,,reference_only,false,dev
RES-0025-SKILL-032,RES-0025,SKILL-032,0.5,4,1.2.0,derived,true,SRC-SMARTEDU|SRC-SYNTH,2026-09-13T00:00:00+08:00,0.84,primary_derived,derived,,reference_only,false,dev
RES-0026-SKILL-026,RES-0026,SKILL-026,0.3333,3,1.2.0,derived,true,SRC-SMARTEDU|SRC-SYNTH,2026-09-13T00:00:00+08:00,0.84,primary_derived,derived,,reference_only,false,dev
RES-0026-SKILL-033,RES-0026,SKILL-033,0.3333,4,1.2.0,derived,true,SRC-SMARTEDU|SRC-SYNTH,2026-09-13T00:00:00+08:00,0.84,primary_derived,derived,,reference_only,false,dev
RES-0026-SKILL-040,RES-0026,SKILL-040,0.3334,5,1.2.0,derived,true,SRC-SMARTEDU|SRC-SYNTH,2026-09-13T00:00:00+08:00,0.84,primary_derived,derived,,reference_only,false,dev
RES-0027-SKILL-027,RES-0027,SKILL-027,1,3,1.2.0,derived,true,SRC-SMARTEDU|SRC-SYNTH,2026-09-13T00:00:00+08:00,0.84,primary_derived,derived,,reference_only,false,dev
RES-0028-SKILL-028,RES-0028,SKILL-028,0.5,3,1.2.0,derived,true,SRC-SMARTEDU|SRC-SYNTH,2026-09-13T00:00:00+08:00,0.84,primary_derived,derived,,reference_only,false,dev
RES-0028-SKILL-035,RES-0028,SKILL-035,0.5,4,1.2.0,derived,true,SRC-SMARTEDU|SRC-SYNTH,2026-09-13T00:00:00+08:00,0.84,primary_derived,derived,,reference_only,false,dev
RES-0029-SKILL-029,RES-0029,SKILL-029,0.3333,3,1.2.0,derived,true,SRC-SMARTEDU|SRC-SYNTH,2026-09-13T00:00:00+08:00,0.84,primary_derived,derived,,reference_only,false,dev
RES-0029-SKILL-036,RES-0029,SKILL-036,0.3333,4,1.2.0,derived,true,SRC-SMARTEDU|SRC-SYNTH,2026-09-13T00:00:00+08:00,0.84,primary_derived,derived,,reference_only,false,dev
RES-0029-SKILL-043,RES-0029,SKILL-043,0.3334,5,1.2.0,derived,true,SRC-SMARTEDU|SRC-SYNTH,2026-09-13T00:00:00+08:00,0.84,primary_derived,derived,,reference_only,false,dev
RES-0030-SKILL-030,RES-0030,SKILL-030,1,3,1.2.0,derived,true,SRC-SMARTEDU|SRC-SYNTH,2026-09-13T00:00:00+08:00,0.84,primary_derived,derived,,reference_only,false,dev
RES-0031-SKILL-031,RES-0031,SKILL-031,0.5,3,1.2.0,derived,true,SRC-SMARTEDU|SRC-SYNTH,2026-09-13T00:00:00+08:00,0.84,primary_derived,derived,,reference_only,false,dev
RES-0031-SKILL-038,RES-0031,SKILL-038,0.5,4,1.2.0,derived,true,SRC-SMARTEDU|SRC-SYNTH,2026-09-13T00:00:00+08:00,0.84,primary_derived,derived,,reference_only,false,dev
RES-0032-SKILL-032,RES-0032,SKILL-032,0.3333,3,1.2.0,derived,true,SRC-SMARTEDU|SRC-SYNTH,2026-09-13T00:00:00+08:00,0.84,primary_derived,derived,,reference_only,false,dev
RES-0032-SKILL-039,RES-0032,SKILL-039,0.3333,4,1.2.0,derived,true,SRC-SMARTEDU|SRC-SYNTH,2026-09-13T00:00:00+08:00,0.84,primary_derived,derived,,reference_only,false,dev
RES-0032-SKILL-046,RES-0032,SKILL-046,0.3334,5,1.2.0,derived,true,SRC-SMARTEDU|SRC-SYNTH,2026-09-13T00:00:00+08:00,0.84,primary_derived,derived,,reference_only,false,dev
RES-0033-SKILL-033,RES-0033,SKILL-033,1,3,1.2.0,derived,true,SRC-SMARTEDU|SRC-SYNTH,2026-09-13T00:00:00+08:00,0.84,primary_derived,derived,,reference_only,false,dev
RES-0034-SKILL-034,RES-0034,SKILL-034,0.5,3,1.2.0,derived,true,SRC-SMARTEDU|SRC-SYNTH,2026-09-13T00:00:00+08:00,0.84,primary_derived,derived,,reference_only,false,dev
RES-0034-SKILL-041,RES-0034,SKILL-041,0.5,4,1.2.0,derived,true,SRC-SMARTEDU|SRC-SYNTH,2026-09-13T00:00:00+08:00,0.84,primary_derived,derived,,reference_only,false,dev
RES-0035-SKILL-035,RES-0035,SKILL-035,0.3333,3,1.2.0,derived,true,SRC-SMARTEDU|SRC-SYNTH,2026-09-13T00:00:00+08:00,0.84,primary_derived,derived,,reference_only,false,dev
RES-0035-SKILL-042,RES-0035,SKILL-042,0.3333,4,1.2.0,derived,true,SRC-SMARTEDU|SRC-SYNTH,2026-09-13T00:00:00+08:00,0.84,primary_derived,derived,,reference_only,false,dev
RES-0035-SKILL-049,RES-0035,SKILL-049,0.3334,5,1.2.0,derived,true,SRC-SMARTEDU|SRC-SYNTH,2026-09-13T00:00:00+08:00,0.84,primary_derived,derived,,reference_only,false,dev
RES-0036-SKILL-036,RES-0036,SKILL-036,1,3,1.2.0,derived,true,SRC-SMARTEDU|SRC-SYNTH,2026-09-13T00:00:00+08:00,0.84,primary_derived,derived,,reference_only,false,dev
RES-0037-SKILL-037,RES-0037,SKILL-037,0.5,3,1.2.0,derived,true,SRC-SMARTEDU|SRC-SYNTH,2026-09-13T00:00:00+08:00,0.84,primary_derived,derived,,reference_only,false,dev
RES-0037-SKILL-044,RES-0037,SKILL-044,0.5,4,1.2.0,derived,true,SRC-SMARTEDU|SRC-SYNTH,2026-09-13T00:00:00+08:00,0.84,primary_derived,derived,,reference_only,false,dev
RES-0038-SKILL-038,RES-0038,SKILL-038,0.3333,3,1.2.0,derived,true,SRC-SMARTEDU|SRC-SYNTH,2026-09-13T00:00:00+08:00,0.84,primary_derived,derived,,reference_only,false,dev
RES-0038-SKILL-045,RES-0038,SKILL-045,0.3333,4,1.2.0,derived,true,SRC-SMARTEDU|SRC-SYNTH,2026-09-13T00:00:00+08:00,0.84,primary_derived,derived,,reference_only,false,dev
RES-0038-SKILL-052,RES-0038,SKILL-052,0.3334,5,1.2.0,derived,true,SRC-SMARTEDU|SRC-SYNTH,2026-09-13T00:00:00+08:00,0.84,primary_derived,derived,,reference_only,false,dev
RES-0039-SKILL-039,RES-0039,SKILL-039,1,3,1.2.0,derived,true,SRC-SMARTEDU|SRC-SYNTH,2026-09-13T00:00:00+08:00,0.84,primary_derived,derived,,reference_only,false,dev
RES-0040-SKILL-040,RES-0040,SKILL-040,0.5,3,1.2.0,derived,true,SRC-SMARTEDU|SRC-SYNTH,2026-09-13T00:00:00+08:00,0.84,primary_derived,derived,,reference_only,false,dev
RES-0040-SKILL-047,RES-0040,SKILL-047,0.5,4,1.2.0,derived,true,SRC-SMARTEDU|SRC-SYNTH,2026-09-13T00:00:00+08:00,0.84,primary_derived,derived,,reference_only,false,dev
RES-0041-SKILL-041,RES-0041,SKILL-041,0.3333,3,1.2.0,derived,true,SRC-SMARTEDU|SRC-SYNTH,2026-09-13T00:00:00+08:00,0.84,primary_derived,derived,,reference_only,false,dev
RES-0041-SKILL-048,RES-0041,SKILL-048,0.3333,4,1.2.0,derived,true,SRC-SMARTEDU|SRC-SYNTH,2026-09-13T00:00:00+08:00,0.84,primary_derived,derived,,reference_only,false,dev
RES-0041-SKILL-055,RES-0041,SKILL-055,0.3334,5,1.2.0,derived,true,SRC-SMARTEDU|SRC-SYNTH,2026-09-13T00:00:00+08:00,0.84,primary_derived,derived,,reference_only,false,dev
RES-0042-SKILL-042,RES-0042,SKILL-042,1,3,1.2.0,derived,true,SRC-SMARTEDU|SRC-SYNTH,2026-09-13T00:00:00+08:00,0.84,primary_derived,derived,,reference_only,false,dev
RES-0043-SKILL-043,RES-0043,SKILL-043,0.5,3,1.2.0,derived,true,SRC-SMARTEDU|SRC-SYNTH,2026-09-13T00:00:00+08:00,0.84,primary_derived,derived,,reference_only,false,dev
RES-0043-SKILL-050,RES-0043,SKILL-050,0.5,4,1.2.0,derived,true,SRC-SMARTEDU|SRC-SYNTH,2026-09-13T00:00:00+08:00,0.84,primary_derived,derived,,reference_only,false,dev
RES-0044-SKILL-044,RES-0044,SKILL-044,0.3333,3,1.2.0,derived,true,SRC-SMARTEDU|SRC-SYNTH,2026-09-13T00:00:00+08:00,0.84,primary_derived,derived,,reference_only,false,dev
RES-0044-SKILL-051,RES-0044,SKILL-051,0.3333,4,1.2.0,derived,true,SRC-SMARTEDU|SRC-SYNTH,2026-09-13T00:00:00+08:00,0.84,primary_derived,derived,,reference_only,false,dev
RES-0044-SKILL-058,RES-0044,SKILL-058,0.3334,5,1.2.0,derived,true,SRC-SMARTEDU|SRC-SYNTH,2026-09-13T00:00:00+08:00,0.84,primary_derived,derived,,reference_only,false,dev
RES-0055-SKILL-055,RES-0055,SKILL-055,0.5,3,1.2.0,derived,true,SRC-SMARTEDU|SRC-SYNTH,2026-09-13T00:00:00+08:00,0.84,primary_derived,derived,,reference_only,false,dev
RES-0055-SKILL-002,RES-0055,SKILL-002,0.5,4,1.2.0,derived,true,SRC-SMARTEDU|SRC-SYNTH,2026-09-13T00:00:00+08:00,0.84,primary_derived,derived,,reference_only,false,dev
RES-0071-SKILL-011,RES-0071,SKILL-011,0.3333,3,1.2.0,derived,true,SRC-SMARTEDU|SRC-SYNTH,2026-09-13T00:00:00+08:00,0.84,primary_derived,derived,,reference_only,false,dev
RES-0071-SKILL-018,RES-0071,SKILL-018,0.3333,4,1.2.0,derived,true,SRC-SMARTEDU|SRC-SYNTH,2026-09-13T00:00:00+08:00,0.84,primary_derived,derived,,reference_only,false,dev
RES-0071-SKILL-025,RES-0071,SKILL-025,0.3334,5,1.2.0,derived,true,SRC-SMARTEDU|SRC-SYNTH,2026-09-13T00:00:00+08:00,0.84,primary_derived,derived,,reference_only,false,dev
RES-0076-SKILL-016,RES-0076,SKILL-016,0.5,3,1.2.0,derived,true,SRC-SMARTEDU|SRC-SYNTH,2026-09-13T00:00:00+08:00,0.84,primary_derived,derived,,reference_only,false,dev
RES-0076-SKILL-023,RES-0076,SKILL-023,0.5,4,1.2.0,derived,true,SRC-SMARTEDU|SRC-SYNTH,2026-09-13T00:00:00+08:00,0.84,primary_derived,derived,,reference_only,false,dev
RES-0092-SKILL-032,RES-0092,SKILL-032,0.3333,3,1.2.0,derived,true,SRC-SMARTEDU|SRC-SYNTH,2026-09-13T00:00:00+08:00,0.84,primary_derived,derived,,reference_only,false,dev
RES-0092-SKILL-039,RES-0092,SKILL-039,0.3333,4,1.2.0,derived,true,SRC-SMARTEDU|SRC-SYNTH,2026-09-13T00:00:00+08:00,0.84,primary_derived,derived,,reference_only,false,dev
RES-0092-SKILL-046,RES-0092,SKILL-046,0.3334,5,1.2.0,derived,true,SRC-SMARTEDU|SRC-SYNTH,2026-09-13T00:00:00+08:00,0.84,primary_derived,derived,,reference_only,false,dev
RES-0108-SKILL-048,RES-0108,SKILL-048,1,3,1.2.0,derived,true,SRC-SMARTEDU|SRC-SYNTH,2026-09-13T00:00:00+08:00,0.84,primary_derived,derived,,reference_only,false,dev
RES-0113-SKILL-053,RES-0113,SKILL-053,0.3333,3,1.2.0,derived,true,SRC-SMARTEDU|SRC-SYNTH,2026-09-13T00:00:00+08:00,0.84,primary_derived,derived,,reference_only,false,dev
RES-0113-SKILL-060,RES-0113,SKILL-060,0.3333,4,1.2.0,derived,true,SRC-SMARTEDU|SRC-SYNTH,2026-09-13T00:00:00+08:00,0.84,primary_derived,derived,,reference_only,false,dev
RES-0113-SKILL-007,RES-0113,SKILL-007,0.3334,5,1.2.0,derived,true,SRC-SMARTEDU|SRC-SYNTH,2026-09-13T00:00:00+08:00,0.84,primary_derived,derived,,reference_only,false,dev
RES-0121-SKILL-001,RES-0121,SKILL-001,0.5,6,1.2.0,derived,true,SRC-SYNTH,2026-09-13T00:00:00+08:00,0.84,primary_derived,derived,,team_generated,false,dev
RES-0121-SKILL-008,RES-0121,SKILL-008,0.5,7,1.2.0,derived,true,SRC-SYNTH,2026-09-13T00:00:00+08:00,0.84,primary_derived,derived,,team_generated,false,dev
RES-0122-SKILL-002,RES-0122,SKILL-002,0.3333,6,1.2.0,derived,true,SRC-SYNTH,2026-09-13T00:00:00+08:00,0.84,primary_derived,derived,,team_generated,false,dev
RES-0122-SKILL-009,RES-0122,SKILL-009,0.3333,7,1.2.0,derived,true,SRC-SYNTH,2026-09-13T00:00:00+08:00,0.84,primary_derived,derived,,team_generated,false,dev
RES-0122-SKILL-016,RES-0122,SKILL-016,0.3334,8,1.2.0,derived,true,SRC-SYNTH,2026-09-13T00:00:00+08:00,0.84,primary_derived,derived,,team_generated,false,dev
RES-0123-SKILL-003,RES-0123,SKILL-003,1,6,1.2.0,derived,true,SRC-SYNTH,2026-09-13T00:00:00+08:00,0.84,primary_derived,derived,,team_generated,false,dev
RES-0124-SKILL-004,RES-0124,SKILL-004,0.5,6,1.2.0,derived,true,SRC-SYNTH,2026-09-13T00:00:00+08:00,0.84,primary_derived,derived,,team_generated,false,dev
RES-0124-SKILL-011,RES-0124,SKILL-011,0.5,7,1.2.0,derived,true,SRC-SYNTH,2026-09-13T00:00:00+08:00,0.84,primary_derived,derived,,team_generated,false,dev
RES-0125-SKILL-005,RES-0125,SKILL-005,0.3333,6,1.2.0,derived,true,SRC-SYNTH,2026-09-13T00:00:00+08:00,0.84,primary_derived,derived,,team_generated,false,dev
RES-0125-SKILL-012,RES-0125,SKILL-012,0.3333,7,1.2.0,derived,true,SRC-SYNTH,2026-09-13T00:00:00+08:00,0.84,primary_derived,derived,,team_generated,false,dev
RES-0125-SKILL-019,RES-0125,SKILL-019,0.3334,8,1.2.0,derived,true,SRC-SYNTH,2026-09-13T00:00:00+08:00,0.84,primary_derived,derived,,team_generated,false,dev
RES-0126-SKILL-006,RES-0126,SKILL-006,1,6,1.2.0,derived,true,SRC-SYNTH,2026-09-13T00:00:00+08:00,0.84,primary_derived,derived,,team_generated,false,dev
RES-0127-SKILL-007,RES-0127,SKILL-007,0.5,6,1.2.0,derived,true,SRC-SYNTH,2026-09-13T00:00:00+08:00,0.84,primary_derived,derived,,team_generated,false,dev
RES-0127-SKILL-014,RES-0127,SKILL-014,0.5,7,1.2.0,derived,true,SRC-SYNTH,2026-09-13T00:00:00+08:00,0.84,primary_derived,derived,,team_generated,false,dev
RES-0128-SKILL-008,RES-0128,SKILL-008,0.3333,6,1.2.0,derived,true,SRC-SYNTH,2026-09-13T00:00:00+08:00,0.84,primary_derived,derived,,team_generated,false,dev
RES-0128-SKILL-015,RES-0128,SKILL-015,0.3333,7,1.2.0,derived,true,SRC-SYNTH,2026-09-13T00:00:00+08:00,0.84,primary_derived,derived,,team_generated,false,dev
RES-0128-SKILL-022,RES-0128,SKILL-022,0.3334,8,1.2.0,derived,true,SRC-SYNTH,2026-09-13T00:00:00+08:00,0.84,primary_derived,derived,,team_generated,false,dev
RES-0129-SKILL-009,RES-0129,SKILL-009,1,6,1.2.0,derived,true,SRC-SYNTH,2026-09-13T00:00:00+08:00,0.84,primary_derived,derived,,team_generated,false,dev
RES-0130-SKILL-010,RES-0130,SKILL-010,0.5,6,1.2.0,derived,true,SRC-SYNTH,2026-09-13T00:00:00+08:00,0.84,primary_derived,derived,,team_generated,false,dev
RES-0130-SKILL-017,RES-0130,SKILL-017,0.5,7,1.2.0,derived,true,SRC-SYNTH,2026-09-13T00:00:00+08:00,0.84,primary_derived,derived,,team_generated,false,dev
RES-0131-SKILL-011,RES-0131,SKILL-011,0.3333,6,1.2.0,derived,true,SRC-SYNTH,2026-09-13T00:00:00+08:00,0.84,primary_derived,derived,,team_generated,false,dev
RES-0131-SKILL-018,RES-0131,SKILL-018,0.3333,7,1.2.0,derived,true,SRC-SYNTH,2026-09-13T00:00:00+08:00,0.84,primary_derived,derived,,team_generated,false,dev
RES-0131-SKILL-025,RES-0131,SKILL-025,0.3334,8,1.2.0,derived,true,SRC-SYNTH,2026-09-13T00:00:00+08:00,0.84,primary_derived,derived,,team_generated,false,dev
RES-0132-SKILL-012,RES-0132,SKILL-012,1,6,1.2.0,derived,true,SRC-SYNTH,2026-09-13T00:00:00+08:00,0.84,primary_derived,derived,,team_generated,false,dev
RES-0133-SKILL-013,RES-0133,SKILL-013,0.5,6,1.2.0,derived,true,SRC-SYNTH,2026-09-13T00:00:00+08:00,0.84,primary_derived,derived,,team_generated,false,dev
RES-0133-SKILL-020,RES-0133,SKILL-020,0.5,7,1.2.0,derived,true,SRC-SYNTH,2026-09-13T00:00:00+08:00,0.84,primary_derived,derived,,team_generated,false,dev
RES-0134-SKILL-014,RES-0134,SKILL-014,0.3333,6,1.2.0,derived,true,SRC-SYNTH,2026-09-13T00:00:00+08:00,0.84,primary_derived,derived,,team_generated,false,dev
RES-0134-SKILL-021,RES-0134,SKILL-021,0.3333,7,1.2.0,derived,true,SRC-SYNTH,2026-09-13T00:00:00+08:00,0.84,primary_derived,derived,,team_generated,false,dev
RES-0134-SKILL-028,RES-0134,SKILL-028,0.3334,8,1.2.0,derived,true,SRC-SYNTH,2026-09-13T00:00:00+08:00,0.84,primary_derived,derived,,team_generated,false,dev
RES-0135-SKILL-015,RES-0135,SKILL-015,1,6,1.2.0,derived,true,SRC-SYNTH,2026-09-13T00:00:00+08:00,0.84,primary_derived,derived,,team_generated,false,dev
RES-0136-SKILL-016,RES-0136,SKILL-016,0.5,6,1.2.0,derived,true,SRC-SYNTH,2026-09-13T00:00:00+08:00,0.84,primary_derived,derived,,team_generated,false,dev
RES-0136-SKILL-023,RES-0136,SKILL-023,0.5,7,1.2.0,derived,true,SRC-SYNTH,2026-09-13T00:00:00+08:00,0.84,primary_derived,derived,,team_generated,false,dev
RES-0137-SKILL-017,RES-0137,SKILL-017,0.3333,6,1.2.0,derived,true,SRC-SYNTH,2026-09-13T00:00:00+08:00,0.84,primary_derived,derived,,team_generated,false,dev
RES-0137-SKILL-024,RES-0137,SKILL-024,0.3333,7,1.2.0,derived,true,SRC-SYNTH,2026-09-13T00:00:00+08:00,0.84,primary_derived,derived,,team_generated,false,dev
RES-0137-SKILL-031,RES-0137,SKILL-031,0.3334,8,1.2.0,derived,true,SRC-SYNTH,2026-09-13T00:00:00+08:00,0.84,primary_derived,derived,,team_generated,false,dev
RES-0138-SKILL-018,RES-0138,SKILL-018,1,6,1.2.0,derived,true,SRC-SYNTH,2026-09-13T00:00:00+08:00,0.84,primary_derived,derived,,team_generated,false,dev
RES-0139-SKILL-019,RES-0139,SKILL-019,0.5,6,1.2.0,derived,true,SRC-SYNTH,2026-09-13T00:00:00+08:00,0.84,primary_derived,derived,,team_generated,false,dev
RES-0139-SKILL-026,RES-0139,SKILL-026,0.5,7,1.2.0,derived,true,SRC-SYNTH,2026-09-13T00:00:00+08:00,0.84,primary_derived,derived,,team_generated,false,dev
RES-0140-SKILL-020,RES-0140,SKILL-020,0.3333,6,1.2.0,derived,true,SRC-SYNTH,2026-09-13T00:00:00+08:00,0.84,primary_derived,derived,,team_generated,false,dev
RES-0140-SKILL-027,RES-0140,SKILL-027,0.3333,7,1.2.0,derived,true,SRC-SYNTH,2026-09-13T00:00:00+08:00,0.84,primary_derived,derived,,team_generated,false,dev
RES-0140-SKILL-034,RES-0140,SKILL-034,0.3334,8,1.2.0,derived,true,SRC-SYNTH,2026-09-13T00:00:00+08:00,0.84,primary_derived,derived,,team_generated,false,dev
RES-0141-SKILL-021,RES-0141,SKILL-021,1,6,1.2.0,derived,true,SRC-SYNTH,2026-09-13T00:00:00+08:00,0.84,primary_derived,derived,,team_generated,false,dev
RES-0142-SKILL-022,RES-0142,SKILL-022,0.5,6,1.2.0,derived,true,SRC-SYNTH,2026-09-13T00:00:00+08:00,0.84,primary_derived,derived,,team_generated,false,dev
RES-0142-SKILL-029,RES-0142,SKILL-029,0.5,7,1.2.0,derived,true,SRC-SYNTH,2026-09-13T00:00:00+08:00,0.84,primary_derived,derived,,team_generated,false,dev
RES-0143-SKILL-023,RES-0143,SKILL-023,0.3333,6,1.2.0,derived,true,SRC-SYNTH,2026-09-13T00:00:00+08:00,0.84,primary_derived,derived,,team_generated,false,dev
RES-0143-SKILL-030,RES-0143,SKILL-030,0.3333,7,1.2.0,derived,true,SRC-SYNTH,2026-09-13T00:00:00+08:00,0.84,primary_derived,derived,,team_generated,false,dev
RES-0143-SKILL-037,RES-0143,SKILL-037,0.3334,8,1.2.0,derived,true,SRC-SYNTH,2026-09-13T00:00:00+08:00,0.84,primary_derived,derived,,team_generated,false,dev
RES-0144-SKILL-024,RES-0144,SKILL-024,1,6,1.2.0,derived,true,SRC-SYNTH,2026-09-13T00:00:00+08:00,0.84,primary_derived,derived,,team_generated,false,dev
RES-0145-SKILL-025,RES-0145,SKILL-025,0.5,6,1.2.0,derived,true,SRC-SYNTH,2026-09-13T00:00:00+08:00,0.84,primary_derived,derived,,team_generated,false,dev
RES-0145-SKILL-032,RES-0145,SKILL-032,0.5,7,1.2.0,derived,true,SRC-SYNTH,2026-09-13T00:00:00+08:00,0.84,primary_derived,derived,,team_generated,false,dev
RES-0146-SKILL-026,RES-0146,SKILL-026,0.3333,6,1.2.0,derived,true,SRC-SYNTH,2026-09-13T00:00:00+08:00,0.84,primary_derived,derived,,team_generated,false,dev
RES-0146-SKILL-033,RES-0146,SKILL-033,0.3333,7,1.2.0,derived,true,SRC-SYNTH,2026-09-13T00:00:00+08:00,0.84,primary_derived,derived,,team_generated,false,dev
RES-0146-SKILL-040,RES-0146,SKILL-040,0.3334,8,1.2.0,derived,true,SRC-SYNTH,2026-09-13T00:00:00+08:00,0.84,primary_derived,derived,,team_generated,false,dev
RES-0147-SKILL-027,RES-0147,SKILL-027,1,6,1.2.0,derived,true,SRC-SYNTH,2026-09-13T00:00:00+08:00,0.84,primary_derived,derived,,team_generated,false,dev
RES-0148-SKILL-028,RES-0148,SKILL-028,0.5,6,1.2.0,derived,true,SRC-SYNTH,2026-09-13T00:00:00+08:00,0.84,primary_derived,derived,,team_generated,false,dev
RES-0148-SKILL-035,RES-0148,SKILL-035,0.5,7,1.2.0,derived,true,SRC-SYNTH,2026-09-13T00:00:00+08:00,0.84,primary_derived,derived,,team_generated,false,dev
RES-0149-SKILL-029,RES-0149,SKILL-029,0.3333,6,1.2.0,derived,true,SRC-SYNTH,2026-09-13T00:00:00+08:00,0.84,primary_derived,derived,,team_generated,false,dev
RES-0149-SKILL-036,RES-0149,SKILL-036,0.3333,7,1.2.0,derived,true,SRC-SYNTH,2026-09-13T00:00:00+08:00,0.84,primary_derived,derived,,team_generated,false,dev
RES-0149-SKILL-043,RES-0149,SKILL-043,0.3334,8,1.2.0,derived,true,SRC-SYNTH,2026-09-13T00:00:00+08:00,0.84,primary_derived,derived,,team_generated,false,dev
RES-0150-SKILL-030,RES-0150,SKILL-030,1,6,1.2.0,derived,true,SRC-SYNTH,2026-09-13T00:00:00+08:00,0.84,primary_derived,derived,,team_generated,false,dev
RES-0151-SKILL-031,RES-0151,SKILL-031,0.5,6,1.2.0,derived,true,SRC-SYNTH,2026-09-13T00:00:00+08:00,0.84,primary_derived,derived,,team_generated,false,dev
RES-0151-SKILL-038,RES-0151,SKILL-038,0.5,7,1.2.0,derived,true,SRC-SYNTH,2026-09-13T00:00:00+08:00,0.84,primary_derived,derived,,team_generated,false,dev
RES-0152-SKILL-032,RES-0152,SKILL-032,0.3333,6,1.2.0,derived,true,SRC-SYNTH,2026-09-13T00:00:00+08:00,0.84,primary_derived,derived,,team_generated,false,dev
RES-0152-SKILL-039,RES-0152,SKILL-039,0.3333,7,1.2.0,derived,true,SRC-SYNTH,2026-09-13T00:00:00+08:00,0.84,primary_derived,derived,,team_generated,false,dev
RES-0152-SKILL-046,RES-0152,SKILL-046,0.3334,8,1.2.0,derived,true,SRC-SYNTH,2026-09-13T00:00:00+08:00,0.84,primary_derived,derived,,team_generated,false,dev
RES-0153-SKILL-033,RES-0153,SKILL-033,1,6,1.2.0,derived,true,SRC-SYNTH,2026-09-13T00:00:00+08:00,0.84,primary_derived,derived,,team_generated,false,dev
RES-0154-SKILL-034,RES-0154,SKILL-034,0.5,6,1.2.0,derived,true,SRC-SYNTH,2026-09-13T00:00:00+08:00,0.84,primary_derived,derived,,team_generated,false,dev
RES-0154-SKILL-041,RES-0154,SKILL-041,0.5,7,1.2.0,derived,true,SRC-SYNTH,2026-09-13T00:00:00+08:00,0.84,primary_derived,derived,,team_generated,false,dev
RES-0155-SKILL-035,RES-0155,SKILL-035,0.3333,6,1.2.0,derived,true,SRC-SYNTH,2026-09-13T00:00:00+08:00,0.84,primary_derived,derived,,team_generated,false,dev
RES-0155-SKILL-042,RES-0155,SKILL-042,0.3333,7,1.2.0,derived,true,SRC-SYNTH,2026-09-13T00:00:00+08:00,0.84,primary_derived,derived,,team_generated,false,dev
RES-0155-SKILL-049,RES-0155,SKILL-049,0.3334,8,1.2.0,derived,true,SRC-SYNTH,2026-09-13T00:00:00+08:00,0.84,primary_derived,derived,,team_generated,false,dev
RES-0156-SKILL-036,RES-0156,SKILL-036,1,6,1.2.0,derived,true,SRC-SYNTH,2026-09-13T00:00:00+08:00,0.84,primary_derived,derived,,team_generated,false,dev
RES-0157-SKILL-037,RES-0157,SKILL-037,0.5,6,1.2.0,derived,true,SRC-SYNTH,2026-09-13T00:00:00+08:00,0.84,primary_derived,derived,,team_generated,false,dev
RES-0157-SKILL-044,RES-0157,SKILL-044,0.5,7,1.2.0,derived,true,SRC-SYNTH,2026-09-13T00:00:00+08:00,0.84,primary_derived,derived,,team_generated,false,dev
RES-0158-SKILL-038,RES-0158,SKILL-038,0.3333,6,1.2.0,derived,true,SRC-SYNTH,2026-09-13T00:00:00+08:00,0.84,primary_derived,derived,,team_generated,false,dev
RES-0158-SKILL-045,RES-0158,SKILL-045,0.3333,7,1.2.0,derived,true,SRC-SYNTH,2026-09-13T00:00:00+08:00,0.84,primary_derived,derived,,team_generated,false,dev
RES-0158-SKILL-052,RES-0158,SKILL-052,0.3334,8,1.2.0,derived,true,SRC-SYNTH,2026-09-13T00:00:00+08:00,0.84,primary_derived,derived,,team_generated,false,dev
RES-0159-SKILL-039,RES-0159,SKILL-039,1,6,1.2.0,derived,true,SRC-SYNTH,2026-09-13T00:00:00+08:00,0.84,primary_derived,derived,,team_generated,false,dev
RES-0160-SKILL-040,RES-0160,SKILL-040,0.5,6,1.2.0,derived,true,SRC-SYNTH,2026-09-13T00:00:00+08:00,0.84,primary_derived,derived,,team_generated,false,dev
RES-0160-SKILL-047,RES-0160,SKILL-047,0.5,7,1.2.0,derived,true,SRC-SYNTH,2026-09-13T00:00:00+08:00,0.84,primary_derived,derived,,team_generated,false,dev
RES-0161-SKILL-041,RES-0161,SKILL-041,0.3333,6,1.2.0,derived,true,SRC-SYNTH,2026-09-13T00:00:00+08:00,0.84,primary_derived,derived,,team_generated,false,dev
RES-0161-SKILL-048,RES-0161,SKILL-048,0.3333,7,1.2.0,derived,true,SRC-SYNTH,2026-09-13T00:00:00+08:00,0.84,primary_derived,derived,,team_generated,false,dev
RES-0161-SKILL-055,RES-0161,SKILL-055,0.3334,8,1.2.0,derived,true,SRC-SYNTH,2026-09-13T00:00:00+08:00,0.84,primary_derived,derived,,team_generated,false,dev
RES-0162-SKILL-042,RES-0162,SKILL-042,1,6,1.2.0,derived,true,SRC-SYNTH,2026-09-13T00:00:00+08:00,0.84,primary_derived,derived,,team_generated,false,dev
RES-0163-SKILL-043,RES-0163,SKILL-043,0.5,6,1.2.0,derived,true,SRC-SYNTH,2026-09-13T00:00:00+08:00,0.84,primary_derived,derived,,team_generated,false,dev
RES-0163-SKILL-050,RES-0163,SKILL-050,0.5,7,1.2.0,derived,true,SRC-SYNTH,2026-09-13T00:00:00+08:00,0.84,primary_derived,derived,,team_generated,false,dev
RES-0164-SKILL-044,RES-0164,SKILL-044,0.3333,6,1.2.0,derived,true,SRC-SYNTH,2026-09-13T00:00:00+08:00,0.84,primary_derived,derived,,team_generated,false,dev
RES-0164-SKILL-051,RES-0164,SKILL-051,0.3333,7,1.2.0,derived,true,SRC-SYNTH,2026-09-13T00:00:00+08:00,0.84,primary_derived,derived,,team_generated,false,dev
RES-0164-SKILL-058,RES-0164,SKILL-058,0.3334,8,1.2.0,derived,true,SRC-SYNTH,2026-09-13T00:00:00+08:00,0.84,primary_derived,derived,,team_generated,false,dev
RES-0165-SKILL-045,RES-0165,SKILL-045,1,6,1.2.0,derived,true,SRC-SYNTH,2026-09-13T00:00:00+08:00,0.84,primary_derived,derived,,team_generated,false,dev
RES-0166-SKILL-046,RES-0166,SKILL-046,0.5,6,1.2.0,derived,true,SRC-SYNTH,2026-09-13T00:00:00+08:00,0.84,primary_derived,derived,,team_generated,false,dev
RES-0166-SKILL-053,RES-0166,SKILL-053,0.5,7,1.2.0,derived,true,SRC-SYNTH,2026-09-13T00:00:00+08:00,0.84,primary_derived,derived,,team_generated,false,dev
RES-0167-SKILL-047,RES-0167,SKILL-047,0.3333,6,1.2.0,derived,true,SRC-SYNTH,2026-09-13T00:00:00+08:00,0.84,primary_derived,derived,,team_generated,false,dev
RES-0167-SKILL-054,RES-0167,SKILL-054,0.3333,7,1.2.0,derived,true,SRC-SYNTH,2026-09-13T00:00:00+08:00,0.84,primary_derived,derived,,team_generated,false,dev
RES-0167-SKILL-001,RES-0167,SKILL-001,0.3334,8,1.2.0,derived,true,SRC-SYNTH,2026-09-13T00:00:00+08:00,0.84,primary_derived,derived,,team_generated,false,dev
RES-0168-SKILL-048,RES-0168,SKILL-048,1,6,1.2.0,derived,true,SRC-SYNTH,2026-09-13T00:00:00+08:00,0.84,primary_derived,derived,,team_generated,false,dev
RES-0169-SKILL-049,RES-0169,SKILL-049,0.5,6,1.2.0,derived,true,SRC-SYNTH,2026-09-13T00:00:00+08:00,0.84,primary_derived,derived,,team_generated,false,dev
RES-0169-SKILL-056,RES-0169,SKILL-056,0.5,7,1.2.0,derived,true,SRC-SYNTH,2026-09-13T00:00:00+08:00,0.84,primary_derived,derived,,team_generated,false,dev
RES-0170-SKILL-050,RES-0170,SKILL-050,0.3333,6,1.2.0,derived,true,SRC-SYNTH,2026-09-13T00:00:00+08:00,0.84,primary_derived,derived,,team_generated,false,dev
RES-0170-SKILL-057,RES-0170,SKILL-057,0.3333,7,1.2.0,derived,true,SRC-SYNTH,2026-09-13T00:00:00+08:00,0.84,primary_derived,derived,,team_generated,false,dev
RES-0170-SKILL-004,RES-0170,SKILL-004,0.3334,8,1.2.0,derived,true,SRC-SYNTH,2026-09-13T00:00:00+08:00,0.84,primary_derived,derived,,team_generated,false,dev
RES-0171-SKILL-051,RES-0171,SKILL-051,1,6,1.2.0,derived,true,SRC-SYNTH,2026-09-13T00:00:00+08:00,0.84,primary_derived,derived,,team_generated,false,dev
RES-0172-SKILL-052,RES-0172,SKILL-052,0.5,6,1.2.0,derived,true,SRC-SYNTH,2026-09-13T00:00:00+08:00,0.84,primary_derived,derived,,team_generated,false,dev
RES-0172-SKILL-059,RES-0172,SKILL-059,0.5,7,1.2.0,derived,true,SRC-SYNTH,2026-09-13T00:00:00+08:00,0.84,primary_derived,derived,,team_generated,false,dev
RES-0173-SKILL-053,RES-0173,SKILL-053,0.3333,6,1.2.0,derived,true,SRC-SYNTH,2026-09-13T00:00:00+08:00,0.84,primary_derived,derived,,team_generated,false,dev
RES-0173-SKILL-060,RES-0173,SKILL-060,0.3333,7,1.2.0,derived,true,SRC-SYNTH,2026-09-13T00:00:00+08:00,0.84,primary_derived,derived,,team_generated,false,dev
RES-0173-SKILL-007,RES-0173,SKILL-007,0.3334,8,1.2.0,derived,true,SRC-SYNTH,2026-09-13T00:00:00+08:00,0.84,primary_derived,derived,,team_generated,false,dev
RES-0174-SKILL-054,RES-0174,SKILL-054,1,6,1.2.0,derived,true,SRC-SYNTH,2026-09-13T00:00:00+08:00,0.84,primary_derived,derived,,team_generated,false,dev
RES-0175-SKILL-055,RES-0175,SKILL-055,0.5,6,1.2.0,derived,true,SRC-SYNTH,2026-09-13T00:00:00+08:00,0.84,primary_derived,derived,,team_generated,false,dev
RES-0175-SKILL-002,RES-0175,SKILL-002,0.5,7,1.2.0,derived,true,SRC-SYNTH,2026-09-13T00:00:00+08:00,0.84,primary_derived,derived,,team_generated,false,dev
RES-0176-SKILL-056,RES-0176,SKILL-056,0.3333,6,1.2.0,derived,true,SRC-SYNTH,2026-09-13T00:00:00+08:00,0.84,primary_derived,derived,,team_generated,false,dev
RES-0176-SKILL-003,RES-0176,SKILL-003,0.3333,7,1.2.0,derived,true,SRC-SYNTH,2026-09-13T00:00:00+08:00,0.84,primary_derived,derived,,team_generated,false,dev
RES-0176-SKILL-010,RES-0176,SKILL-010,0.3334,8,1.2.0,derived,true,SRC-SYNTH,2026-09-13T00:00:00+08:00,0.84,primary_derived,derived,,team_generated,false,dev
RES-0177-SKILL-057,RES-0177,SKILL-057,1,6,1.2.0,derived,true,SRC-SYNTH,2026-09-13T00:00:00+08:00,0.84,primary_derived,derived,,team_generated,false,dev
RES-0178-SKILL-058,RES-0178,SKILL-058,0.5,6,1.2.0,derived,true,SRC-SYNTH,2026-09-13T00:00:00+08:00,0.84,primary_derived,derived,,team_generated,false,dev
RES-0178-SKILL-005,RES-0178,SKILL-005,0.5,7,1.2.0,derived,true,SRC-SYNTH,2026-09-13T00:00:00+08:00,0.84,primary_derived,derived,,team_generated,false,dev
RES-0179-SKILL-059,RES-0179,SKILL-059,0.3333,6,1.2.0,derived,true,SRC-SYNTH,2026-09-13T00:00:00+08:00,0.84,primary_derived,derived,,team_generated,false,dev
RES-0179-SKILL-006,RES-0179,SKILL-006,0.3333,7,1.2.0,derived,true,SRC-SYNTH,2026-09-13T00:00:00+08:00,0.84,primary_derived,derived,,team_generated,false,dev
RES-0179-SKILL-013,RES-0179,SKILL-013,0.3334,8,1.2.0,derived,true,SRC-SYNTH,2026-09-13T00:00:00+08:00,0.84,primary_derived,derived,,team_generated,false,dev
RES-0180-SKILL-060,RES-0180,SKILL-060,1,6,1.2.0,derived,true,SRC-SYNTH,2026-09-13T00:00:00+08:00,0.84,primary_derived,derived,,team_generated,false,dev
RES-0181-SKILL-001,RES-0181,SKILL-001,0.5,6,1.2.0,derived,true,SRC-SYNTH,2026-09-13T00:00:00+08:00,0.84,primary_derived,derived,,team_generated,false,dev
RES-0181-SKILL-008,RES-0181,SKILL-008,0.5,7,1.2.0,derived,true,SRC-SYNTH,2026-09-13T00:00:00+08:00,0.84,primary_derived,derived,,team_generated,false,dev
RES-0182-SKILL-002,RES-0182,SKILL-002,0.3333,6,1.2.0,derived,true,SRC-SYNTH,2026-09-13T00:00:00+08:00,0.84,primary_derived,derived,,team_generated,false,dev
RES-0182-SKILL-009,RES-0182,SKILL-009,0.3333,7,1.2.0,derived,true,SRC-SYNTH,2026-09-13T00:00:00+08:00,0.84,primary_derived,derived,,team_generated,false,dev
RES-0182-SKILL-016,RES-0182,SKILL-016,0.3334,8,1.2.0,derived,true,SRC-SYNTH,2026-09-13T00:00:00+08:00,0.84,primary_derived,derived,,team_generated,false,dev
RES-0183-SKILL-003,RES-0183,SKILL-003,1,6,1.2.0,derived,true,SRC-SYNTH,2026-09-13T00:00:00+08:00,0.84,primary_derived,derived,,team_generated,false,dev
RES-0184-SKILL-004,RES-0184,SKILL-004,0.5,6,1.2.0,derived,true,SRC-SYNTH,2026-09-13T00:00:00+08:00,0.84,primary_derived,derived,,team_generated,false,dev
RES-0184-SKILL-011,RES-0184,SKILL-011,0.5,7,1.2.0,derived,true,SRC-SYNTH,2026-09-13T00:00:00+08:00,0.84,primary_derived,derived,,team_generated,false,dev
RES-0185-SKILL-005,RES-0185,SKILL-005,0.3333,6,1.2.0,derived,true,SRC-SYNTH,2026-09-13T00:00:00+08:00,0.84,primary_derived,derived,,team_generated,false,dev
RES-0185-SKILL-012,RES-0185,SKILL-012,0.3333,7,1.2.0,derived,true,SRC-SYNTH,2026-09-13T00:00:00+08:00,0.84,primary_derived,derived,,team_generated,false,dev
RES-0185-SKILL-019,RES-0185,SKILL-019,0.3334,8,1.2.0,derived,true,SRC-SYNTH,2026-09-13T00:00:00+08:00,0.84,primary_derived,derived,,team_generated,false,dev
RES-0186-SKILL-006,RES-0186,SKILL-006,1,6,1.2.0,derived,true,SRC-SYNTH,2026-09-13T00:00:00+08:00,0.84,primary_derived,derived,,team_generated,false,dev
RES-0187-SKILL-007,RES-0187,SKILL-007,0.5,6,1.2.0,derived,true,SRC-SYNTH,2026-09-13T00:00:00+08:00,0.84,primary_derived,derived,,team_generated,false,dev
RES-0187-SKILL-014,RES-0187,SKILL-014,0.5,7,1.2.0,derived,true,SRC-SYNTH,2026-09-13T00:00:00+08:00,0.84,primary_derived,derived,,team_generated,false,dev
RES-0188-SKILL-008,RES-0188,SKILL-008,0.3333,6,1.2.0,derived,true,SRC-SYNTH,2026-09-13T00:00:00+08:00,0.84,primary_derived,derived,,team_generated,false,dev
RES-0188-SKILL-015,RES-0188,SKILL-015,0.3333,7,1.2.0,derived,true,SRC-SYNTH,2026-09-13T00:00:00+08:00,0.84,primary_derived,derived,,team_generated,false,dev
RES-0188-SKILL-022,RES-0188,SKILL-022,0.3334,8,1.2.0,derived,true,SRC-SYNTH,2026-09-13T00:00:00+08:00,0.84,primary_derived,derived,,team_generated,false,dev
RES-0189-SKILL-009,RES-0189,SKILL-009,1,6,1.2.0,derived,true,SRC-SYNTH,2026-09-13T00:00:00+08:00,0.84,primary_derived,derived,,team_generated,false,dev
RES-0190-SKILL-010,RES-0190,SKILL-010,0.5,6,1.2.0,derived,true,SRC-SYNTH,2026-09-13T00:00:00+08:00,0.84,primary_derived,derived,,team_generated,false,dev
RES-0190-SKILL-017,RES-0190,SKILL-017,0.5,7,1.2.0,derived,true,SRC-SYNTH,2026-09-13T00:00:00+08:00,0.84,primary_derived,derived,,team_generated,false,dev
RES-0191-SKILL-011,RES-0191,SKILL-011,0.3333,6,1.2.0,derived,true,SRC-SYNTH,2026-09-13T00:00:00+08:00,0.84,primary_derived,derived,,team_generated,false,dev
RES-0191-SKILL-018,RES-0191,SKILL-018,0.3333,7,1.2.0,derived,true,SRC-SYNTH,2026-09-13T00:00:00+08:00,0.84,primary_derived,derived,,team_generated,false,dev
RES-0191-SKILL-025,RES-0191,SKILL-025,0.3334,8,1.2.0,derived,true,SRC-SYNTH,2026-09-13T00:00:00+08:00,0.84,primary_derived,derived,,team_generated,false,dev
RES-0192-SKILL-012,RES-0192,SKILL-012,1,6,1.2.0,derived,true,SRC-SYNTH,2026-09-13T00:00:00+08:00,0.84,primary_derived,derived,,team_generated,false,dev
RES-0193-SKILL-013,RES-0193,SKILL-013,0.5,6,1.2.0,derived,true,SRC-SYNTH,2026-09-13T00:00:00+08:00,0.84,primary_derived,derived,,team_generated,false,dev
RES-0193-SKILL-020,RES-0193,SKILL-020,0.5,7,1.2.0,derived,true,SRC-SYNTH,2026-09-13T00:00:00+08:00,0.84,primary_derived,derived,,team_generated,false,dev
RES-0194-SKILL-014,RES-0194,SKILL-014,0.3333,6,1.2.0,derived,true,SRC-SYNTH,2026-09-13T00:00:00+08:00,0.84,primary_derived,derived,,team_generated,false,dev
RES-0194-SKILL-021,RES-0194,SKILL-021,0.3333,7,1.2.0,derived,true,SRC-SYNTH,2026-09-13T00:00:00+08:00,0.84,primary_derived,derived,,team_generated,false,dev
RES-0194-SKILL-028,RES-0194,SKILL-028,0.3334,8,1.2.0,derived,true,SRC-SYNTH,2026-09-13T00:00:00+08:00,0.84,primary_derived,derived,,team_generated,false,dev
RES-0195-SKILL-015,RES-0195,SKILL-015,1,6,1.2.0,derived,true,SRC-SYNTH,2026-09-13T00:00:00+08:00,0.84,primary_derived,derived,,team_generated,false,dev
RES-0196-SKILL-016,RES-0196,SKILL-016,0.5,6,1.2.0,derived,true,SRC-SYNTH,2026-09-13T00:00:00+08:00,0.84,primary_derived,derived,,team_generated,false,dev
RES-0196-SKILL-023,RES-0196,SKILL-023,0.5,7,1.2.0,derived,true,SRC-SYNTH,2026-09-13T00:00:00+08:00,0.84,primary_derived,derived,,team_generated,false,dev
RES-0197-SKILL-017,RES-0197,SKILL-017,0.3333,6,1.2.0,derived,true,SRC-SYNTH,2026-09-13T00:00:00+08:00,0.84,primary_derived,derived,,team_generated,false,dev
RES-0197-SKILL-024,RES-0197,SKILL-024,0.3333,7,1.2.0,derived,true,SRC-SYNTH,2026-09-13T00:00:00+08:00,0.84,primary_derived,derived,,team_generated,false,dev
RES-0197-SKILL-031,RES-0197,SKILL-031,0.3334,8,1.2.0,derived,true,SRC-SYNTH,2026-09-13T00:00:00+08:00,0.84,primary_derived,derived,,team_generated,false,dev
RES-0198-SKILL-018,RES-0198,SKILL-018,1,6,1.2.0,derived,true,SRC-SYNTH,2026-09-13T00:00:00+08:00,0.84,primary_derived,derived,,team_generated,false,dev
RES-0199-SKILL-019,RES-0199,SKILL-019,0.5,6,1.2.0,derived,true,SRC-SYNTH,2026-09-13T00:00:00+08:00,0.84,primary_derived,derived,,team_generated,false,dev
RES-0199-SKILL-026,RES-0199,SKILL-026,0.5,7,1.2.0,derived,true,SRC-SYNTH,2026-09-13T00:00:00+08:00,0.84,primary_derived,derived,,team_generated,false,dev
RES-0200-SKILL-020,RES-0200,SKILL-020,0.3333,6,1.2.0,derived,true,SRC-SYNTH,2026-09-13T00:00:00+08:00,0.84,primary_derived,derived,,team_generated,false,dev
RES-0200-SKILL-027,RES-0200,SKILL-027,0.3333,7,1.2.0,derived,true,SRC-SYNTH,2026-09-13T00:00:00+08:00,0.84,primary_derived,derived,,team_generated,false,dev
RES-0200-SKILL-034,RES-0200,SKILL-034,0.3334,8,1.2.0,derived,true,SRC-SYNTH,2026-09-13T00:00:00+08:00,0.84,primary_derived,derived,,team_generated,false,dev
RES-0201-SKILL-021,RES-0201,SKILL-021,1,6,1.2.0,derived,true,SRC-SYNTH,2026-09-13T00:00:00+08:00,0.84,primary_derived,derived,,team_generated,false,dev
RES-0202-SKILL-022,RES-0202,SKILL-022,0.5,6,1.2.0,derived,true,SRC-SYNTH,2026-09-13T00:00:00+08:00,0.84,primary_derived,derived,,team_generated,false,dev
RES-0202-SKILL-029,RES-0202,SKILL-029,0.5,7,1.2.0,derived,true,SRC-SYNTH,2026-09-13T00:00:00+08:00,0.84,primary_derived,derived,,team_generated,false,dev
RES-0203-SKILL-023,RES-0203,SKILL-023,0.3333,6,1.2.0,derived,true,SRC-SYNTH,2026-09-13T00:00:00+08:00,0.84,primary_derived,derived,,team_generated,false,dev
RES-0203-SKILL-030,RES-0203,SKILL-030,0.3333,7,1.2.0,derived,true,SRC-SYNTH,2026-09-13T00:00:00+08:00,0.84,primary_derived,derived,,team_generated,false,dev
RES-0203-SKILL-037,RES-0203,SKILL-037,0.3334,8,1.2.0,derived,true,SRC-SYNTH,2026-09-13T00:00:00+08:00,0.84,primary_derived,derived,,team_generated,false,dev
RES-0219-SKILL-039,RES-0219,SKILL-039,1,6,1.2.0,derived,true,SRC-SYNTH,2026-09-13T00:00:00+08:00,0.84,primary_derived,derived,,team_generated,false,dev
RES-0224-SKILL-044,RES-0224,SKILL-044,0.3333,6,1.2.0,derived,true,SRC-SYNTH,2026-09-13T00:00:00+08:00,0.84,primary_derived,derived,,team_generated,false,dev
RES-0224-SKILL-051,RES-0224,SKILL-051,0.3333,7,1.2.0,derived,true,SRC-SYNTH,2026-09-13T00:00:00+08:00,0.84,primary_derived,derived,,team_generated,false,dev
RES-0224-SKILL-058,RES-0224,SKILL-058,0.3334,8,1.2.0,derived,true,SRC-SYNTH,2026-09-13T00:00:00+08:00,0.84,primary_derived,derived,,team_generated,false,dev
RES-0240-SKILL-060,RES-0240,SKILL-060,1,6,1.2.0,derived,true,SRC-SYNTH,2026-09-13T00:00:00+08:00,0.84,primary_derived,derived,,team_generated,false,dev
RES-0256-SKILL-016,RES-0256,SKILL-016,0.5,6,1.2.0,derived,true,SRC-SYNTH,2026-09-13T00:00:00+08:00,0.84,primary_derived,derived,,team_generated,false,dev
RES-0256-SKILL-023,RES-0256,SKILL-023,0.5,7,1.2.0,derived,true,SRC-SYNTH,2026-09-13T00:00:00+08:00,0.84,primary_derived,derived,,team_generated,false,dev
RES-0261-SKILL-021,RES-0261,SKILL-021,1,6,1.2.0,derived,true,SRC-SYNTH,2026-09-13T00:00:00+08:00,0.84,primary_derived,derived,,team_generated,false,dev
RES-0277-SKILL-037,RES-0277,SKILL-037,0.5,6,1.2.0,derived,true,SRC-SYNTH,2026-09-13T00:00:00+08:00,0.84,primary_derived,derived,,team_generated,false,dev
RES-0277-SKILL-044,RES-0277,SKILL-044,0.5,7,1.2.0,derived,true,SRC-SYNTH,2026-09-13T00:00:00+08:00,0.84,primary_derived,derived,,team_generated,false,dev
RES-0293-SKILL-053,RES-0293,SKILL-053,0.3333,6,1.2.0,derived,true,SRC-SYNTH,2026-09-13T00:00:00+08:00,0.84,primary_derived,derived,,team_generated,false,dev
RES-0293-SKILL-060,RES-0293,SKILL-060,0.3333,7,1.2.0,derived,true,SRC-SYNTH,2026-09-13T00:00:00+08:00,0.84,primary_derived,derived,,team_generated,false,dev
RES-0293-SKILL-007,RES-0293,SKILL-007,0.3334,8,1.2.0,derived,true,SRC-SYNTH,2026-09-13T00:00:00+08:00,0.84,primary_derived,derived,,team_generated,false,dev
RES-0298-SKILL-058,RES-0298,SKILL-058,0.5,6,1.2.0,derived,true,SRC-SYNTH,2026-09-13T00:00:00+08:00,0.84,primary_derived,derived,,team_generated,false,dev
RES-0298-SKILL-005,RES-0298,SKILL-005,0.5,7,1.2.0,derived,true,SRC-SYNTH,2026-09-13T00:00:00+08:00,0.84,primary_derived,derived,,team_generated,false,dev
RES-0314-SKILL-014,RES-0314,SKILL-014,0.3333,6,1.2.0,derived,true,SRC-SYNTH,2026-09-13T00:00:00+08:00,0.84,primary_derived,derived,,team_generated,false,dev
RES-0314-SKILL-021,RES-0314,SKILL-021,0.3333,7,1.2.0,derived,true,SRC-SYNTH,2026-09-13T00:00:00+08:00,0.84,primary_derived,derived,,team_generated,false,dev
RES-0314-SKILL-028,RES-0314,SKILL-028,0.3334,8,1.2.0,derived,true,SRC-SYNTH,2026-09-13T00:00:00+08:00,0.84,primary_derived,derived,,team_generated,false,dev
RES-0330-SKILL-030,RES-0330,SKILL-030,1,6,1.2.0,derived,true,SRC-SYNTH,2026-09-13T00:00:00+08:00,0.84,primary_derived,derived,,team_generated,false,dev
RES-0335-SKILL-035,RES-0335,SKILL-035,0.3333,6,1.2.0,derived,true,SRC-SYNTH,2026-09-13T00:00:00+08:00,0.84,primary_derived,derived,,team_generated,false,dev
RES-0335-SKILL-042,RES-0335,SKILL-042,0.3333,7,1.2.0,derived,true,SRC-SYNTH,2026-09-13T00:00:00+08:00,0.84,primary_derived,derived,,team_generated,false,dev
RES-0335-SKILL-049,RES-0335,SKILL-049,0.3334,8,1.2.0,derived,true,SRC-SYNTH,2026-09-13T00:00:00+08:00,0.84,primary_derived,derived,,team_generated,false,dev
RES-0351-SKILL-051,RES-0351,SKILL-051,1,6,1.2.0,derived,true,SRC-SYNTH,2026-09-13T00:00:00+08:00,0.84,primary_derived,derived,,team_generated,false,dev
RES-0367-SKILL-007,RES-0367,SKILL-007,0.5,6,1.2.0,derived,true,SRC-SYNTH,2026-09-13T00:00:00+08:00,0.84,primary_derived,derived,,team_generated,false,dev
RES-0367-SKILL-014,RES-0367,SKILL-014,0.5,7,1.2.0,derived,true,SRC-SYNTH,2026-09-13T00:00:00+08:00,0.84,primary_derived,derived,,team_generated,false,dev
RES-0372-SKILL-012,RES-0372,SKILL-012,1,6,1.2.0,derived,true,SRC-SYNTH,2026-09-13T00:00:00+08:00,0.84,primary_derived,derived,,team_generated,false,dev
RES-0388-SKILL-028,RES-0388,SKILL-028,0.5,6,1.2.0,derived,true,SRC-SYNTH,2026-09-13T00:00:00+08:00,0.84,primary_derived,derived,,team_generated,false,dev
RES-0388-SKILL-035,RES-0388,SKILL-035,0.5,7,1.2.0,derived,true,SRC-SYNTH,2026-09-13T00:00:00+08:00,0.84,primary_derived,derived,,team_generated,false,dev
RES-0404-SKILL-044,RES-0404,SKILL-044,0.3333,6,1.2.0,derived,true,SRC-SYNTH,2026-09-13T00:00:00+08:00,0.84,primary_derived,derived,,team_generated,false,dev
RES-0404-SKILL-051,RES-0404,SKILL-051,0.3333,7,1.2.0,derived,true,SRC-SYNTH,2026-09-13T00:00:00+08:00,0.84,primary_derived,derived,,team_generated,false,dev
RES-0404-SKILL-058,RES-0404,SKILL-058,0.3334,8,1.2.0,derived,true,SRC-SYNTH,2026-09-13T00:00:00+08:00,0.84,primary_derived,derived,,team_generated,false,dev
RES-0409-SKILL-049,RES-0409,SKILL-049,0.5,6,1.2.0,derived,true,SRC-SYNTH,2026-09-13T00:00:00+08:00,0.84,primary_derived,derived,,team_generated,false,dev
RES-0409-SKILL-056,RES-0409,SKILL-056,0.5,7,1.2.0,derived,true,SRC-SYNTH,2026-09-13T00:00:00+08:00,0.84,primary_derived,derived,,team_generated,false,dev
RES-0421-SKILL-001,RES-0421,SKILL-001,0.5,2,1.2.0,derived,true,SRC-SYNTH,2026-09-13T00:00:00+08:00,0.84,primary_derived,derived,,team_generated,false,dev
RES-0421-SKILL-008,RES-0421,SKILL-008,0.5,2,1.2.0,derived,true,SRC-SYNTH,2026-09-13T00:00:00+08:00,0.84,primary_derived,derived,,team_generated,false,dev
RES-0422-SKILL-002,RES-0422,SKILL-002,0.3333,2,1.2.0,derived,true,SRC-SYNTH,2026-09-13T00:00:00+08:00,0.84,primary_derived,derived,,team_generated,false,dev
RES-0422-SKILL-009,RES-0422,SKILL-009,0.3333,2,1.2.0,derived,true,SRC-SYNTH,2026-09-13T00:00:00+08:00,0.84,primary_derived,derived,,team_generated,false,dev
RES-0422-SKILL-016,RES-0422,SKILL-016,0.3334,2,1.2.0,derived,true,SRC-SYNTH,2026-09-13T00:00:00+08:00,0.84,primary_derived,derived,,team_generated,false,dev
RES-0423-SKILL-003,RES-0423,SKILL-003,1,2,1.2.0,derived,true,SRC-SYNTH,2026-09-13T00:00:00+08:00,0.84,primary_derived,derived,,team_generated,false,dev
RES-0424-SKILL-004,RES-0424,SKILL-004,0.5,2,1.2.0,derived,true,SRC-SYNTH,2026-09-13T00:00:00+08:00,0.84,primary_derived,derived,,team_generated,false,dev
RES-0424-SKILL-011,RES-0424,SKILL-011,0.5,2,1.2.0,derived,true,SRC-SYNTH,2026-09-13T00:00:00+08:00,0.84,primary_derived,derived,,team_generated,false,dev
RES-0425-SKILL-005,RES-0425,SKILL-005,0.3333,2,1.2.0,derived,true,SRC-SYNTH,2026-09-13T00:00:00+08:00,0.84,primary_derived,derived,,team_generated,false,dev
RES-0425-SKILL-012,RES-0425,SKILL-012,0.3333,2,1.2.0,derived,true,SRC-SYNTH,2026-09-13T00:00:00+08:00,0.84,primary_derived,derived,,team_generated,false,dev
RES-0425-SKILL-019,RES-0425,SKILL-019,0.3334,2,1.2.0,derived,true,SRC-SYNTH,2026-09-13T00:00:00+08:00,0.84,primary_derived,derived,,team_generated,false,dev
RES-0426-SKILL-006,RES-0426,SKILL-006,1,2,1.2.0,derived,true,SRC-SYNTH,2026-09-13T00:00:00+08:00,0.84,primary_derived,derived,,team_generated,false,dev
RES-0427-SKILL-007,RES-0427,SKILL-007,0.5,2,1.2.0,derived,true,SRC-SYNTH,2026-09-13T00:00:00+08:00,0.84,primary_derived,derived,,team_generated,false,dev
RES-0427-SKILL-014,RES-0427,SKILL-014,0.5,2,1.2.0,derived,true,SRC-SYNTH,2026-09-13T00:00:00+08:00,0.84,primary_derived,derived,,team_generated,false,dev
RES-0428-SKILL-008,RES-0428,SKILL-008,0.3333,2,1.2.0,derived,true,SRC-SYNTH,2026-09-13T00:00:00+08:00,0.84,primary_derived,derived,,team_generated,false,dev
RES-0428-SKILL-015,RES-0428,SKILL-015,0.3333,2,1.2.0,derived,true,SRC-SYNTH,2026-09-13T00:00:00+08:00,0.84,primary_derived,derived,,team_generated,false,dev
RES-0428-SKILL-022,RES-0428,SKILL-022,0.3334,2,1.2.0,derived,true,SRC-SYNTH,2026-09-13T00:00:00+08:00,0.84,primary_derived,derived,,team_generated,false,dev
RES-0429-SKILL-009,RES-0429,SKILL-009,1,2,1.2.0,derived,true,SRC-SYNTH,2026-09-13T00:00:00+08:00,0.84,primary_derived,derived,,team_generated,false,dev
RES-0430-SKILL-010,RES-0430,SKILL-010,0.5,2,1.2.0,derived,true,SRC-SYNTH,2026-09-13T00:00:00+08:00,0.84,primary_derived,derived,,team_generated,false,dev
RES-0430-SKILL-017,RES-0430,SKILL-017,0.5,2,1.2.0,derived,true,SRC-SYNTH,2026-09-13T00:00:00+08:00,0.84,primary_derived,derived,,team_generated,false,dev
RES-0431-SKILL-011,RES-0431,SKILL-011,0.3333,2,1.2.0,derived,true,SRC-SYNTH,2026-09-13T00:00:00+08:00,0.84,primary_derived,derived,,team_generated,false,dev
RES-0431-SKILL-018,RES-0431,SKILL-018,0.3333,2,1.2.0,derived,true,SRC-SYNTH,2026-09-13T00:00:00+08:00,0.84,primary_derived,derived,,team_generated,false,dev
RES-0431-SKILL-025,RES-0431,SKILL-025,0.3334,2,1.2.0,derived,true,SRC-SYNTH,2026-09-13T00:00:00+08:00,0.84,primary_derived,derived,,team_generated,false,dev
RES-0432-SKILL-012,RES-0432,SKILL-012,1,2,1.2.0,derived,true,SRC-SYNTH,2026-09-13T00:00:00+08:00,0.84,primary_derived,derived,,team_generated,false,dev
RES-0433-SKILL-013,RES-0433,SKILL-013,0.5,2,1.2.0,derived,true,SRC-SYNTH,2026-09-13T00:00:00+08:00,0.84,primary_derived,derived,,team_generated,false,dev
RES-0433-SKILL-020,RES-0433,SKILL-020,0.5,2,1.2.0,derived,true,SRC-SYNTH,2026-09-13T00:00:00+08:00,0.84,primary_derived,derived,,team_generated,false,dev
RES-0434-SKILL-014,RES-0434,SKILL-014,0.3333,2,1.2.0,derived,true,SRC-SYNTH,2026-09-13T00:00:00+08:00,0.84,primary_derived,derived,,team_generated,false,dev
RES-0434-SKILL-021,RES-0434,SKILL-021,0.3333,2,1.2.0,derived,true,SRC-SYNTH,2026-09-13T00:00:00+08:00,0.84,primary_derived,derived,,team_generated,false,dev
RES-0434-SKILL-028,RES-0434,SKILL-028,0.3334,2,1.2.0,derived,true,SRC-SYNTH,2026-09-13T00:00:00+08:00,0.84,primary_derived,derived,,team_generated,false,dev
RES-0435-SKILL-015,RES-0435,SKILL-015,1,2,1.2.0,derived,true,SRC-SYNTH,2026-09-13T00:00:00+08:00,0.84,primary_derived,derived,,team_generated,false,dev
RES-0436-SKILL-016,RES-0436,SKILL-016,0.5,2,1.2.0,derived,true,SRC-SYNTH,2026-09-13T00:00:00+08:00,0.84,primary_derived,derived,,team_generated,false,dev
RES-0436-SKILL-023,RES-0436,SKILL-023,0.5,2,1.2.0,derived,true,SRC-SYNTH,2026-09-13T00:00:00+08:00,0.84,primary_derived,derived,,team_generated,false,dev
RES-0437-SKILL-017,RES-0437,SKILL-017,0.3333,2,1.2.0,derived,true,SRC-SYNTH,2026-09-13T00:00:00+08:00,0.84,primary_derived,derived,,team_generated,false,dev
RES-0437-SKILL-024,RES-0437,SKILL-024,0.3333,2,1.2.0,derived,true,SRC-SYNTH,2026-09-13T00:00:00+08:00,0.84,primary_derived,derived,,team_generated,false,dev
RES-0437-SKILL-031,RES-0437,SKILL-031,0.3334,2,1.2.0,derived,true,SRC-SYNTH,2026-09-13T00:00:00+08:00,0.84,primary_derived,derived,,team_generated,false,dev
RES-0438-SKILL-018,RES-0438,SKILL-018,1,2,1.2.0,derived,true,SRC-SYNTH,2026-09-13T00:00:00+08:00,0.84,primary_derived,derived,,team_generated,false,dev
RES-0439-SKILL-019,RES-0439,SKILL-019,0.5,2,1.2.0,derived,true,SRC-SYNTH,2026-09-13T00:00:00+08:00,0.84,primary_derived,derived,,team_generated,false,dev
RES-0439-SKILL-026,RES-0439,SKILL-026,0.5,2,1.2.0,derived,true,SRC-SYNTH,2026-09-13T00:00:00+08:00,0.84,primary_derived,derived,,team_generated,false,dev
RES-0440-SKILL-020,RES-0440,SKILL-020,0.3333,2,1.2.0,derived,true,SRC-SYNTH,2026-09-13T00:00:00+08:00,0.84,primary_derived,derived,,team_generated,false,dev
RES-0440-SKILL-027,RES-0440,SKILL-027,0.3333,2,1.2.0,derived,true,SRC-SYNTH,2026-09-13T00:00:00+08:00,0.84,primary_derived,derived,,team_generated,false,dev
RES-0440-SKILL-034,RES-0440,SKILL-034,0.3334,2,1.2.0,derived,true,SRC-SYNTH,2026-09-13T00:00:00+08:00,0.84,primary_derived,derived,,team_generated,false,dev
RES-0441-SKILL-021,RES-0441,SKILL-021,1,2,1.2.0,derived,true,SRC-SYNTH,2026-09-13T00:00:00+08:00,0.84,primary_derived,derived,,team_generated,false,dev
RES-0442-SKILL-022,RES-0442,SKILL-022,0.5,2,1.2.0,derived,true,SRC-SYNTH,2026-09-13T00:00:00+08:00,0.84,primary_derived,derived,,team_generated,false,dev
RES-0442-SKILL-029,RES-0442,SKILL-029,0.5,2,1.2.0,derived,true,SRC-SYNTH,2026-09-13T00:00:00+08:00,0.84,primary_derived,derived,,team_generated,false,dev
RES-0443-SKILL-023,RES-0443,SKILL-023,0.3333,2,1.2.0,derived,true,SRC-SYNTH,2026-09-13T00:00:00+08:00,0.84,primary_derived,derived,,team_generated,false,dev
RES-0443-SKILL-030,RES-0443,SKILL-030,0.3333,2,1.2.0,derived,true,SRC-SYNTH,2026-09-13T00:00:00+08:00,0.84,primary_derived,derived,,team_generated,false,dev
RES-0443-SKILL-037,RES-0443,SKILL-037,0.3334,2,1.2.0,derived,true,SRC-SYNTH,2026-09-13T00:00:00+08:00,0.84,primary_derived,derived,,team_generated,false,dev
RES-0444-SKILL-024,RES-0444,SKILL-024,1,2,1.2.0,derived,true,SRC-SYNTH,2026-09-13T00:00:00+08:00,0.84,primary_derived,derived,,team_generated,false,dev
RES-0445-SKILL-025,RES-0445,SKILL-025,0.5,2,1.2.0,derived,true,SRC-SYNTH,2026-09-13T00:00:00+08:00,0.84,primary_derived,derived,,team_generated,false,dev
RES-0445-SKILL-032,RES-0445,SKILL-032,0.5,2,1.2.0,derived,true,SRC-SYNTH,2026-09-13T00:00:00+08:00,0.84,primary_derived,derived,,team_generated,false,dev
RES-0446-SKILL-026,RES-0446,SKILL-026,0.3333,2,1.2.0,derived,true,SRC-SYNTH,2026-09-13T00:00:00+08:00,0.84,primary_derived,derived,,team_generated,false,dev
RES-0446-SKILL-033,RES-0446,SKILL-033,0.3333,2,1.2.0,derived,true,SRC-SYNTH,2026-09-13T00:00:00+08:00,0.84,primary_derived,derived,,team_generated,false,dev
RES-0446-SKILL-040,RES-0446,SKILL-040,0.3334,2,1.2.0,derived,true,SRC-SYNTH,2026-09-13T00:00:00+08:00,0.84,primary_derived,derived,,team_generated,false,dev
RES-0447-SKILL-027,RES-0447,SKILL-027,1,2,1.2.0,derived,true,SRC-SYNTH,2026-09-13T00:00:00+08:00,0.84,primary_derived,derived,,team_generated,false,dev
RES-0448-SKILL-028,RES-0448,SKILL-028,0.5,2,1.2.0,derived,true,SRC-SYNTH,2026-09-13T00:00:00+08:00,0.84,primary_derived,derived,,team_generated,false,dev
RES-0448-SKILL-035,RES-0448,SKILL-035,0.5,2,1.2.0,derived,true,SRC-SYNTH,2026-09-13T00:00:00+08:00,0.84,primary_derived,derived,,team_generated,false,dev
RES-0449-SKILL-029,RES-0449,SKILL-029,0.3333,2,1.2.0,derived,true,SRC-SYNTH,2026-09-13T00:00:00+08:00,0.84,primary_derived,derived,,team_generated,false,dev
RES-0449-SKILL-036,RES-0449,SKILL-036,0.3333,2,1.2.0,derived,true,SRC-SYNTH,2026-09-13T00:00:00+08:00,0.84,primary_derived,derived,,team_generated,false,dev
RES-0449-SKILL-043,RES-0449,SKILL-043,0.3334,2,1.2.0,derived,true,SRC-SYNTH,2026-09-13T00:00:00+08:00,0.84,primary_derived,derived,,team_generated,false,dev
RES-0450-SKILL-030,RES-0450,SKILL-030,1,2,1.2.0,derived,true,SRC-SYNTH,2026-09-13T00:00:00+08:00,0.84,primary_derived,derived,,team_generated,false,dev
RES-0451-SKILL-031,RES-0451,SKILL-031,0.5,2,1.2.0,derived,true,SRC-SYNTH,2026-09-13T00:00:00+08:00,0.84,primary_derived,derived,,team_generated,false,dev
RES-0451-SKILL-038,RES-0451,SKILL-038,0.5,2,1.2.0,derived,true,SRC-SYNTH,2026-09-13T00:00:00+08:00,0.84,primary_derived,derived,,team_generated,false,dev
RES-0452-SKILL-032,RES-0452,SKILL-032,0.3333,2,1.2.0,derived,true,SRC-SYNTH,2026-09-13T00:00:00+08:00,0.84,primary_derived,derived,,team_generated,false,dev
RES-0452-SKILL-039,RES-0452,SKILL-039,0.3333,2,1.2.0,derived,true,SRC-SYNTH,2026-09-13T00:00:00+08:00,0.84,primary_derived,derived,,team_generated,false,dev
RES-0452-SKILL-046,RES-0452,SKILL-046,0.3334,2,1.2.0,derived,true,SRC-SYNTH,2026-09-13T00:00:00+08:00,0.84,primary_derived,derived,,team_generated,false,dev
RES-0453-SKILL-033,RES-0453,SKILL-033,1,2,1.2.0,derived,true,SRC-SYNTH,2026-09-13T00:00:00+08:00,0.84,primary_derived,derived,,team_generated,false,dev
RES-0462-SKILL-042,RES-0462,SKILL-042,1,2,1.2.0,derived,true,SRC-SYNTH,2026-09-13T00:00:00+08:00,0.84,primary_derived,derived,,team_generated,false,dev
RES-0478-SKILL-058,RES-0478,SKILL-058,0.5,2,1.2.0,derived,true,SRC-SYNTH,2026-09-13T00:00:00+08:00,0.84,primary_derived,derived,,team_generated,false,dev
RES-0478-SKILL-005,RES-0478,SKILL-005,0.5,2,1.2.0,derived,true,SRC-SYNTH,2026-09-13T00:00:00+08:00,0.84,primary_derived,derived,,team_generated,false,dev
RES-0483-SKILL-003,RES-0483,SKILL-003,1,2,1.2.0,derived,true,SRC-SYNTH,2026-09-13T00:00:00+08:00,0.84,primary_derived,derived,,team_generated,false,dev
RES-0499-SKILL-019,RES-0499,SKILL-019,0.5,2,1.2.0,derived,true,SRC-SYNTH,2026-09-13T00:00:00+08:00,0.84,primary_derived,derived,,team_generated,false,dev
RES-0499-SKILL-026,RES-0499,SKILL-026,0.5,2,1.2.0,derived,true,SRC-SYNTH,2026-09-13T00:00:00+08:00,0.84,primary_derived,derived,,team_generated,false,dev
RES-0515-SKILL-035,RES-0515,SKILL-035,0.3333,2,1.2.0,derived,true,SRC-SYNTH,2026-09-13T00:00:00+08:00,0.84,primary_derived,derived,,team_generated,false,dev
RES-0515-SKILL-042,RES-0515,SKILL-042,0.3333,2,1.2.0,derived,true,SRC-SYNTH,2026-09-13T00:00:00+08:00,0.84,primary_derived,derived,,team_generated,false,dev
RES-0515-SKILL-049,RES-0515,SKILL-049,0.3334,2,1.2.0,derived,true,SRC-SYNTH,2026-09-13T00:00:00+08:00,0.84,primary_derived,derived,,team_generated,false,dev
RES-0520-SKILL-040,RES-0520,SKILL-040,0.5,2,1.2.0,derived,true,SRC-SYNTH,2026-09-13T00:00:00+08:00,0.84,primary_derived,derived,,team_generated,false,dev
RES-0520-SKILL-047,RES-0520,SKILL-047,0.5,2,1.2.0,derived,true,SRC-SYNTH,2026-09-13T00:00:00+08:00,0.84,primary_derived,derived,,team_generated,false,dev
RES-0536-SKILL-056,RES-0536,SKILL-056,0.3333,2,1.2.0,derived,true,SRC-SYNTH,2026-09-13T00:00:00+08:00,0.84,primary_derived,derived,,team_generated,false,dev
RES-0536-SKILL-003,RES-0536,SKILL-003,0.3333,2,1.2.0,derived,true,SRC-SYNTH,2026-09-13T00:00:00+08:00,0.84,primary_derived,derived,,team_generated,false,dev
RES-0536-SKILL-010,RES-0536,SKILL-010,0.3334,2,1.2.0,derived,true,SRC-SYNTH,2026-09-13T00:00:00+08:00,0.84,primary_derived,derived,,team_generated,false,dev
RES-0541-SKILL-001,RES-0541,SKILL-001,0.5,3,1.2.0,derived,true,SRC-WEF|SRC-SYNTH,2026-09-13T00:00:00+08:00,0.84,primary_derived,derived,,reference_only,false,dev
RES-0541-SKILL-008,RES-0541,SKILL-008,0.5,4,1.2.0,derived,true,SRC-WEF|SRC-SYNTH,2026-09-13T00:00:00+08:00,0.84,primary_derived,derived,,reference_only,false,dev
RES-0542-SKILL-002,RES-0542,SKILL-002,0.3333,3,1.2.0,derived,true,SRC-WEF|SRC-SYNTH,2026-09-13T00:00:00+08:00,0.84,primary_derived,derived,,reference_only,false,dev
RES-0542-SKILL-009,RES-0542,SKILL-009,0.3333,4,1.2.0,derived,true,SRC-WEF|SRC-SYNTH,2026-09-13T00:00:00+08:00,0.84,primary_derived,derived,,reference_only,false,dev
RES-0542-SKILL-016,RES-0542,SKILL-016,0.3334,5,1.2.0,derived,true,SRC-WEF|SRC-SYNTH,2026-09-13T00:00:00+08:00,0.84,primary_derived,derived,,reference_only,false,dev
RES-0543-SKILL-003,RES-0543,SKILL-003,1,3,1.2.0,derived,true,SRC-WEF|SRC-SYNTH,2026-09-13T00:00:00+08:00,0.84,primary_derived,derived,,reference_only,false,dev
RES-0544-SKILL-004,RES-0544,SKILL-004,0.5,3,1.2.0,derived,true,SRC-WEF|SRC-SYNTH,2026-09-13T00:00:00+08:00,0.84,primary_derived,derived,,reference_only,false,dev
RES-0544-SKILL-011,RES-0544,SKILL-011,0.5,4,1.2.0,derived,true,SRC-WEF|SRC-SYNTH,2026-09-13T00:00:00+08:00,0.84,primary_derived,derived,,reference_only,false,dev
RES-0545-SKILL-005,RES-0545,SKILL-005,0.3333,3,1.2.0,derived,true,SRC-WEF|SRC-SYNTH,2026-09-13T00:00:00+08:00,0.84,primary_derived,derived,,reference_only,false,dev
RES-0545-SKILL-012,RES-0545,SKILL-012,0.3333,4,1.2.0,derived,true,SRC-WEF|SRC-SYNTH,2026-09-13T00:00:00+08:00,0.84,primary_derived,derived,,reference_only,false,dev
RES-0545-SKILL-019,RES-0545,SKILL-019,0.3334,5,1.2.0,derived,true,SRC-WEF|SRC-SYNTH,2026-09-13T00:00:00+08:00,0.84,primary_derived,derived,,reference_only,false,dev
RES-0546-SKILL-006,RES-0546,SKILL-006,1,3,1.2.0,derived,true,SRC-WEF|SRC-SYNTH,2026-09-13T00:00:00+08:00,0.84,primary_derived,derived,,reference_only,false,dev
RES-0547-SKILL-007,RES-0547,SKILL-007,0.5,3,1.2.0,derived,true,SRC-WEF|SRC-SYNTH,2026-09-13T00:00:00+08:00,0.84,primary_derived,derived,,reference_only,false,dev
RES-0547-SKILL-014,RES-0547,SKILL-014,0.5,4,1.2.0,derived,true,SRC-WEF|SRC-SYNTH,2026-09-13T00:00:00+08:00,0.84,primary_derived,derived,,reference_only,false,dev
RES-0548-SKILL-008,RES-0548,SKILL-008,0.3333,3,1.2.0,derived,true,SRC-WEF|SRC-SYNTH,2026-09-13T00:00:00+08:00,0.84,primary_derived,derived,,reference_only,false,dev
RES-0548-SKILL-015,RES-0548,SKILL-015,0.3333,4,1.2.0,derived,true,SRC-WEF|SRC-SYNTH,2026-09-13T00:00:00+08:00,0.84,primary_derived,derived,,reference_only,false,dev
RES-0548-SKILL-022,RES-0548,SKILL-022,0.3334,5,1.2.0,derived,true,SRC-WEF|SRC-SYNTH,2026-09-13T00:00:00+08:00,0.84,primary_derived,derived,,reference_only,false,dev
RES-0549-SKILL-009,RES-0549,SKILL-009,1,3,1.2.0,derived,true,SRC-WEF|SRC-SYNTH,2026-09-13T00:00:00+08:00,0.84,primary_derived,derived,,reference_only,false,dev
RES-0550-SKILL-010,RES-0550,SKILL-010,0.5,3,1.2.0,derived,true,SRC-WEF|SRC-SYNTH,2026-09-13T00:00:00+08:00,0.84,primary_derived,derived,,reference_only,false,dev
RES-0550-SKILL-017,RES-0550,SKILL-017,0.5,4,1.2.0,derived,true,SRC-WEF|SRC-SYNTH,2026-09-13T00:00:00+08:00,0.84,primary_derived,derived,,reference_only,false,dev
RES-0551-SKILL-011,RES-0551,SKILL-011,0.3333,3,1.2.0,derived,true,SRC-WEF|SRC-SYNTH,2026-09-13T00:00:00+08:00,0.84,primary_derived,derived,,reference_only,false,dev
RES-0551-SKILL-018,RES-0551,SKILL-018,0.3333,4,1.2.0,derived,true,SRC-WEF|SRC-SYNTH,2026-09-13T00:00:00+08:00,0.84,primary_derived,derived,,reference_only,false,dev
RES-0551-SKILL-025,RES-0551,SKILL-025,0.3334,5,1.2.0,derived,true,SRC-WEF|SRC-SYNTH,2026-09-13T00:00:00+08:00,0.84,primary_derived,derived,,reference_only,false,dev
RES-0552-SKILL-012,RES-0552,SKILL-012,1,3,1.2.0,derived,true,SRC-WEF|SRC-SYNTH,2026-09-13T00:00:00+08:00,0.84,primary_derived,derived,,reference_only,false,dev
RES-0553-SKILL-013,RES-0553,SKILL-013,0.5,3,1.2.0,derived,true,SRC-WEF|SRC-SYNTH,2026-09-13T00:00:00+08:00,0.84,primary_derived,derived,,reference_only,false,dev
RES-0553-SKILL-020,RES-0553,SKILL-020,0.5,4,1.2.0,derived,true,SRC-WEF|SRC-SYNTH,2026-09-13T00:00:00+08:00,0.84,primary_derived,derived,,reference_only,false,dev
RES-0554-SKILL-014,RES-0554,SKILL-014,0.3333,3,1.2.0,derived,true,SRC-WEF|SRC-SYNTH,2026-09-13T00:00:00+08:00,0.84,primary_derived,derived,,reference_only,false,dev
RES-0554-SKILL-021,RES-0554,SKILL-021,0.3333,4,1.2.0,derived,true,SRC-WEF|SRC-SYNTH,2026-09-13T00:00:00+08:00,0.84,primary_derived,derived,,reference_only,false,dev
RES-0554-SKILL-028,RES-0554,SKILL-028,0.3334,5,1.2.0,derived,true,SRC-WEF|SRC-SYNTH,2026-09-13T00:00:00+08:00,0.84,primary_derived,derived,,reference_only,false,dev
RES-0555-SKILL-015,RES-0555,SKILL-015,1,3,1.2.0,derived,true,SRC-WEF|SRC-SYNTH,2026-09-13T00:00:00+08:00,0.84,primary_derived,derived,,reference_only,false,dev
RES-0556-SKILL-016,RES-0556,SKILL-016,0.5,3,1.2.0,derived,true,SRC-WEF|SRC-SYNTH,2026-09-13T00:00:00+08:00,0.84,primary_derived,derived,,reference_only,false,dev
RES-0556-SKILL-023,RES-0556,SKILL-023,0.5,4,1.2.0,derived,true,SRC-WEF|SRC-SYNTH,2026-09-13T00:00:00+08:00,0.84,primary_derived,derived,,reference_only,false,dev
RES-0557-SKILL-017,RES-0557,SKILL-017,0.3333,3,1.2.0,derived,true,SRC-WEF|SRC-SYNTH,2026-09-13T00:00:00+08:00,0.84,primary_derived,derived,,reference_only,false,dev
RES-0557-SKILL-024,RES-0557,SKILL-024,0.3333,4,1.2.0,derived,true,SRC-WEF|SRC-SYNTH,2026-09-13T00:00:00+08:00,0.84,primary_derived,derived,,reference_only,false,dev
RES-0557-SKILL-031,RES-0557,SKILL-031,0.3334,5,1.2.0,derived,true,SRC-WEF|SRC-SYNTH,2026-09-13T00:00:00+08:00,0.84,primary_derived,derived,,reference_only,false,dev
RES-0573-SKILL-033,RES-0573,SKILL-033,1,3,1.2.0,derived,true,SRC-WEF|SRC-SYNTH,2026-09-13T00:00:00+08:00,0.84,primary_derived,derived,,reference_only,false,dev
RES-0589-SKILL-049,RES-0589,SKILL-049,0.5,3,1.2.0,derived,true,SRC-PIPL|SRC-WEF|SRC-SYNTH,2026-09-13T00:00:00+08:00,0.84,primary_derived,derived,,reference_only,false,dev
RES-0589-SKILL-056,RES-0589,SKILL-056,0.5,4,1.2.0,derived,true,SRC-PIPL|SRC-WEF|SRC-SYNTH,2026-09-13T00:00:00+08:00,0.84,primary_derived,derived,,reference_only,false,dev
RES-0594-SKILL-054,RES-0594,SKILL-054,1,3,1.2.0,derived,true,SRC-PIPL|SRC-WEF|SRC-SYNTH,2026-09-13T00:00:00+08:00,0.84,primary_derived,derived,,reference_only,false,dev
