trend_id,skill_id,month,trend_index,month_over_month_change,direction,is_market_fact,display_disclaimer,schema_version,origin,is_synthetic,source_ids,generated_at,confidence,claim_level,verification_status,last_verified_at,license_scope,data_split
TREND-001-2026-03,SKILL-001,2026-03,56.3,-0.8,down,false,模拟趋势/演示数据，不代表真实市场统计,1.1.0,synthetic,true,SRC-WEF|SRC-SYNTH,2026-09-05T00:00:00+08:00,0.72,synthetic,not_applicable,,reference_only,dev
TREND-001-2026-04,SKILL-001,2026-04,55.8,-0.5,stable,false,模拟趋势/演示数据，不代表真实市场统计,1.1.0,synthetic,true,SRC-WEF|SRC-SYNTH,2026-09-05T00:00:00+08:00,0.72,synthetic,not_applicable,,reference_only,dev
TREND-001-2026-05,SKILL-001,2026-05,55.6,-0.2,stable,false,模拟趋势/演示数据，不代表真实市场统计,1.1.0,synthetic,true,SRC-WEF|SRC-SYNTH,2026-09-05T00:00:00+08:00,0.72,synthetic,not_applicable,,reference_only,dev
TREND-001-2026-06,SKILL-001,2026-06,56,0.4,stable,false,模拟趋势/演示数据，不代表真实市场统计,1.1.0,synthetic,true,SRC-WEF|SRC-SYNTH,2026-09-05T00:00:00+08:00,0.72,synthetic,not_applicable,,reference_only,dev
TREND-001-2026-07,SKILL-001,2026-07,56.9,0.9,up,false,模拟趋势/演示数据，不代表真实市场统计,1.1.0,synthetic,true,SRC-WEF|SRC-SYNTH,2026-09-05T00:00:00+08:00,0.72,synthetic,not_applicable,,reference_only,dev
TREND-001-2026-08,SKILL-001,2026-08,58.2,1.3,up,false,模拟趋势/演示数据，不代表真实市场统计,1.1.0,synthetic,true,SRC-WEF|SRC-SYNTH,2026-09-05T00:00:00+08:00,0.72,synthetic,not_applicable,,reference_only,dev
TREND-002-2026-03,SKILL-002,2026-03,62.4,-0.6,down,false,模拟趋势/演示数据，不代表真实市场统计,1.1.0,synthetic,true,SRC-WEF|SRC-SYNTH,2026-09-05T00:00:00+08:00,0.72,synthetic,not_applicable,,reference_only,dev
TREND-002-2026-04,SKILL-002,2026-04,62.3,-0.1,stable,false,模拟趋势/演示数据，不代表真实市场统计,1.1.0,synthetic,true,SRC-WEF|SRC-SYNTH,2026-09-05T00:00:00+08:00,0.72,synthetic,not_applicable,,reference_only,dev
TREND-002-2026-05,SKILL-002,2026-05,62.7,0.4,stable,false,模拟趋势/演示数据，不代表真实市场统计,1.1.0,synthetic,true,SRC-WEF|SRC-SYNTH,2026-09-05T00:00:00+08:00,0.72,synthetic,not_applicable,,reference_only,dev
TREND-002-2026-06,SKILL-002,2026-06,63.6,0.9,up,false,模拟趋势/演示数据，不代表真实市场统计,1.1.0,synthetic,true,SRC-WEF|SRC-SYNTH,2026-09-05T00:00:00+08:00,0.72,synthetic,not_applicable,,reference_only,dev
TREND-002-2026-07,SKILL-002,2026-07,64.9,1.3,up,false,模拟趋势/演示数据，不代表真实市场统计,1.1.0,synthetic,true,SRC-WEF|SRC-SYNTH,2026-09-05T00:00:00+08:00,0.72,synthetic,not_applicable,,reference_only,dev
TREND-002-2026-08,SKILL-002,2026-08,66.3,1.4,up,false,模拟趋势/演示数据，不代表真实市场统计,1.1.0,synthetic,true,SRC-WEF|SRC-SYNTH,2026-09-05T00:00:00+08:00,0.72,synthetic,not_applicable,,reference_only,dev
TREND-003-2026-03,SKILL-003,2026-03,68.9,-0.2,stable,false,模拟趋势/演示数据，不代表真实市场统计,1.1.0,synthetic,true,SRC-WEF|SRC-SYNTH,2026-09-05T00:00:00+08:00,0.72,synthetic,not_applicable,,reference_only,dev
TREND-003-2026-04,SKILL-003,2026-04,69.3,0.4,stable,false,模拟趋势/演示数据，不代表真实市场统计,1.1.0,synthetic,true,SRC-WEF|SRC-SYNTH,2026-09-05T00:00:00+08:00,0.72,synthetic,not_applicable,,reference_only,dev
TREND-003-2026-05,SKILL-003,2026-05,70.2,0.9,up,false,模拟趋势/演示数据，不代表真实市场统计,1.1.0,synthetic,true,SRC-WEF|SRC-SYNTH,2026-09-05T00:00:00+08:00,0.72,synthetic,not_applicable,,reference_only,dev
TREND-003-2026-06,SKILL-003,2026-06,71.5,1.3,up,false,模拟趋势/演示数据，不代表真实市场统计,1.1.0,synthetic,true,SRC-WEF|SRC-SYNTH,2026-09-05T00:00:00+08:00,0.72,synthetic,not_applicable,,reference_only,dev
TREND-003-2026-07,SKILL-003,2026-07,73,1.5,up,false,模拟趋势/演示数据，不代表真实市场统计,1.1.0,synthetic,true,SRC-WEF|SRC-SYNTH,2026-09-05T00:00:00+08:00,0.72,synthetic,not_applicable,,reference_only,dev
TREND-003-2026-08,SKILL-003,2026-08,74.3,1.3,up,false,模拟趋势/演示数据，不代表真实市场统计,1.1.0,synthetic,true,SRC-WEF|SRC-SYNTH,2026-09-05T00:00:00+08:00,0.72,synthetic,not_applicable,,reference_only,dev
TREND-004-2026-03,SKILL-004,2026-03,76,0.4,stable,false,模拟趋势/演示数据，不代表真实市场统计,1.1.0,synthetic,true,SRC-WEF|SRC-SYNTH,2026-09-05T00:00:00+08:00,0.72,synthetic,not_applicable,,reference_only,dev
TREND-004-2026-04,SKILL-004,2026-04,76.9,0.9,up,false,模拟趋势/演示数据，不代表真实市场统计,1.1.0,synthetic,true,SRC-WEF|SRC-SYNTH,2026-09-05T00:00:00+08:00,0.72,synthetic,not_applicable,,reference_only,dev
TREND-004-2026-05,SKILL-004,2026-05,78.2,1.3,up,false,模拟趋势/演示数据，不代表真实市场统计,1.1.0,synthetic,true,SRC-WEF|SRC-SYNTH,2026-09-05T00:00:00+08:00,0.72,synthetic,not_applicable,,reference_only,dev
TREND-004-2026-06,SKILL-004,2026-06,79.6,1.4,up,false,模拟趋势/演示数据，不代表真实市场统计,1.1.0,synthetic,true,SRC-WEF|SRC-SYNTH,2026-09-05T00:00:00+08:00,0.72,synthetic,not_applicable,,reference_only,dev
TREND-004-2026-07,SKILL-004,2026-07,80.9,1.3,up,false,模拟趋势/演示数据，不代表真实市场统计,1.1.0,synthetic,true,SRC-WEF|SRC-SYNTH,2026-09-05T00:00:00+08:00,0.72,synthetic,not_applicable,,reference_only,dev
TREND-004-2026-08,SKILL-004,2026-08,81.9,1,up,false,模拟趋势/演示数据，不代表真实市场统计,1.1.0,synthetic,true,SRC-WEF|SRC-SYNTH,2026-09-05T00:00:00+08:00,0.72,synthetic,not_applicable,,reference_only,dev
TREND-005-2026-03,SKILL-005,2026-03,52.5,0.9,up,false,模拟趋势/演示数据，不代表真实市场统计,1.1.0,synthetic,true,SRC-WEF|SRC-SYNTH,2026-09-05T00:00:00+08:00,0.72,synthetic,not_applicable,,reference_only,dev
TREND-005-2026-04,SKILL-005,2026-04,53.8,1.3,up,false,模拟趋势/演示数据，不代表真实市场统计,1.1.0,synthetic,true,SRC-WEF|SRC-SYNTH,2026-09-05T00:00:00+08:00,0.72,synthetic,not_applicable,,reference_only,dev
TREND-005-2026-05,SKILL-005,2026-05,55.3,1.5,up,false,模拟趋势/演示数据，不代表真实市场统计,1.1.0,synthetic,true,SRC-WEF|SRC-SYNTH,2026-09-05T00:00:00+08:00,0.72,synthetic,not_applicable,,reference_only,dev
TREND-005-2026-06,SKILL-005,2026-06,56.6,1.3,up,false,模拟趋势/演示数据，不代表真实市场统计,1.1.0,synthetic,true,SRC-WEF|SRC-SYNTH,2026-09-05T00:00:00+08:00,0.72,synthetic,not_applicable,,reference_only,dev
TREND-005-2026-07,SKILL-005,2026-07,57.6,1,up,false,模拟趋势/演示数据，不代表真实市场统计,1.1.0,synthetic,true,SRC-WEF|SRC-SYNTH,2026-09-05T00:00:00+08:00,0.72,synthetic,not_applicable,,reference_only,dev
TREND-005-2026-08,SKILL-005,2026-08,58,0.4,stable,false,模拟趋势/演示数据，不代表真实市场统计,1.1.0,synthetic,true,SRC-WEF|SRC-SYNTH,2026-09-05T00:00:00+08:00,0.72,synthetic,not_applicable,,reference_only,dev
TREND-006-2026-03,SKILL-006,2026-03,60.5,1.3,up,false,模拟趋势/演示数据，不代表真实市场统计,1.1.0,synthetic,true,SRC-WEF|SRC-SYNTH,2026-09-05T00:00:00+08:00,0.72,synthetic,not_applicable,,reference_only,dev
TREND-006-2026-04,SKILL-006,2026-04,61.9,1.4,up,false,模拟趋势/演示数据，不代表真实市场统计,1.1.0,synthetic,true,SRC-WEF|SRC-SYNTH,2026-09-05T00:00:00+08:00,0.72,synthetic,not_applicable,,reference_only,dev
TREND-006-2026-05,SKILL-006,2026-05,63.2,1.3,up,false,模拟趋势/演示数据，不代表真实市场统计,1.1.0,synthetic,true,SRC-WEF|SRC-SYNTH,2026-09-05T00:00:00+08:00,0.72,synthetic,not_applicable,,reference_only,dev
TREND-006-2026-06,SKILL-006,2026-06,64.2,1,up,false,模拟趋势/演示数据，不代表真实市场统计,1.1.0,synthetic,true,SRC-WEF|SRC-SYNTH,2026-09-05T00:00:00+08:00,0.72,synthetic,not_applicable,,reference_only,dev
TREND-006-2026-07,SKILL-006,2026-07,64.7,0.5,stable,false,模拟趋势/演示数据，不代表真实市场统计,1.1.0,synthetic,true,SRC-WEF|SRC-SYNTH,2026-09-05T00:00:00+08:00,0.72,synthetic,not_applicable,,reference_only,dev
TREND-006-2026-08,SKILL-006,2026-08,64.6,-0.1,stable,false,模拟趋势/演示数据，不代表真实市场统计,1.1.0,synthetic,true,SRC-WEF|SRC-SYNTH,2026-09-05T00:00:00+08:00,0.72,synthetic,not_applicable,,reference_only,dev
TREND-007-2026-03,SKILL-007,2026-03,68.6,1.5,up,false,模拟趋势/演示数据，不代表真实市场统计,1.1.0,synthetic,true,SRC-WEF|SRC-SYNTH,2026-09-05T00:00:00+08:00,0.72,synthetic,not_applicable,,reference_only,dev
TREND-007-2026-04,SKILL-007,2026-04,69.9,1.3,up,false,模拟趋势/演示数据，不代表真实市场统计,1.1.0,synthetic,true,SRC-WEF|SRC-SYNTH,2026-09-05T00:00:00+08:00,0.72,synthetic,not_applicable,,reference_only,dev
TREND-007-2026-05,SKILL-007,2026-05,70.9,1,up,false,模拟趋势/演示数据，不代表真实市场统计,1.1.0,synthetic,true,SRC-WEF|SRC-SYNTH,2026-09-05T00:00:00+08:00,0.72,synthetic,not_applicable,,reference_only,dev
TREND-007-2026-06,SKILL-007,2026-06,71.3,0.4,stable,false,模拟趋势/演示数据，不代表真实市场统计,1.1.0,synthetic,true,SRC-WEF|SRC-SYNTH,2026-09-05T00:00:00+08:00,0.72,synthetic,not_applicable,,reference_only,dev
TREND-007-2026-07,SKILL-007,2026-07,71.3,0,stable,false,模拟趋势/演示数据，不代表真实市场统计,1.1.0,synthetic,true,SRC-WEF|SRC-SYNTH,2026-09-05T00:00:00+08:00,0.72,synthetic,not_applicable,,reference_only,dev
TREND-007-2026-08,SKILL-007,2026-08,70.8,-0.5,stable,false,模拟趋势/演示数据，不代表真实市场统计,1.1.0,synthetic,true,SRC-WEF|SRC-SYNTH,2026-09-05T00:00:00+08:00,0.72,synthetic,not_applicable,,reference_only,dev
TREND-008-2026-03,SKILL-008,2026-03,76.5,1.3,up,false,模拟趋势/演示数据，不代表真实市场统计,1.1.0,synthetic,true,SRC-WEF|SRC-SYNTH,2026-09-05T00:00:00+08:00,0.72,synthetic,not_applicable,,reference_only,dev
TREND-008-2026-04,SKILL-008,2026-04,77.5,1,up,false,模拟趋势/演示数据，不代表真实市场统计,1.1.0,synthetic,true,SRC-WEF|SRC-SYNTH,2026-09-05T00:00:00+08:00,0.72,synthetic,not_applicable,,reference_only,dev
TREND-008-2026-05,SKILL-008,2026-05,78,0.5,stable,false,模拟趋势/演示数据，不代表真实市场统计,1.1.0,synthetic,true,SRC-WEF|SRC-SYNTH,2026-09-05T00:00:00+08:00,0.72,synthetic,not_applicable,,reference_only,dev
TREND-008-2026-06,SKILL-008,2026-06,77.9,-0.1,stable,false,模拟趋势/演示数据，不代表真实市场统计,1.1.0,synthetic,true,SRC-WEF|SRC-SYNTH,2026-09-05T00:00:00+08:00,0.72,synthetic,not_applicable,,reference_only,dev
TREND-008-2026-07,SKILL-008,2026-07,77.4,-0.5,stable,false,模拟趋势/演示数据，不代表真实市场统计,1.1.0,synthetic,true,SRC-WEF|SRC-SYNTH,2026-09-05T00:00:00+08:00,0.72,synthetic,not_applicable,,reference_only,dev
TREND-008-2026-08,SKILL-008,2026-08,76.7,-0.7,down,false,模拟趋势/演示数据，不代表真实市场统计,1.1.0,synthetic,true,SRC-WEF|SRC-SYNTH,2026-09-05T00:00:00+08:00,0.72,synthetic,not_applicable,,reference_only,dev
TREND-009-2026-03,SKILL-009,2026-03,53.2,1,up,false,模拟趋势/演示数据，不代表真实市场统计,1.1.0,synthetic,true,SRC-WEF|SRC-SYNTH,2026-09-05T00:00:00+08:00,0.72,synthetic,not_applicable,,reference_only,dev
TREND-009-2026-04,SKILL-009,2026-04,53.6,0.4,stable,false,模拟趋势/演示数据，不代表真实市场统计,1.1.0,synthetic,true,SRC-WEF|SRC-SYNTH,2026-09-05T00:00:00+08:00,0.72,synthetic,not_applicable,,reference_only,dev
TREND-009-2026-05,SKILL-009,2026-05,53.6,0,stable,false,模拟趋势/演示数据，不代表真实市场统计,1.1.0,synthetic,true,SRC-WEF|SRC-SYNTH,2026-09-05T00:00:00+08:00,0.72,synthetic,not_applicable,,reference_only,dev
TREND-009-2026-06,SKILL-009,2026-06,53.1,-0.5,stable,false,模拟趋势/演示数据，不代表真实市场统计,1.1.0,synthetic,true,SRC-WEF|SRC-SYNTH,2026-09-05T00:00:00+08:00,0.72,synthetic,not_applicable,,reference_only,dev
TREND-009-2026-07,SKILL-009,2026-07,52.3,-0.8,down,false,模拟趋势/演示数据，不代表真实市场统计,1.1.0,synthetic,true,SRC-WEF|SRC-SYNTH,2026-09-05T00:00:00+08:00,0.72,synthetic,not_applicable,,reference_only,dev
TREND-009-2026-08,SKILL-009,2026-08,51.7,-0.6,down,false,模拟趋势/演示数据，不代表真实市场统计,1.1.0,synthetic,true,SRC-WEF|SRC-SYNTH,2026-09-05T00:00:00+08:00,0.72,synthetic,not_applicable,,reference_only,dev
TREND-010-2026-03,SKILL-010,2026-03,60.3,0.5,stable,false,模拟趋势/演示数据，不代表真实市场统计,1.1.0,synthetic,true,SRC-WEF|SRC-SYNTH,2026-09-05T00:00:00+08:00,0.72,synthetic,not_applicable,,reference_only,dev
TREND-010-2026-04,SKILL-010,2026-04,60.2,-0.1,stable,false,模拟趋势/演示数据，不代表真实市场统计,1.1.0,synthetic,true,SRC-WEF|SRC-SYNTH,2026-09-05T00:00:00+08:00,0.72,synthetic,not_applicable,,reference_only,dev
TREND-010-2026-05,SKILL-010,2026-05,59.7,-0.5,stable,false,模拟趋势/演示数据，不代表真实市场统计,1.1.0,synthetic,true,SRC-WEF|SRC-SYNTH,2026-09-05T00:00:00+08:00,0.72,synthetic,not_applicable,,reference_only,dev
TREND-010-2026-06,SKILL-010,2026-06,59,-0.7,down,false,模拟趋势/演示数据，不代表真实市场统计,1.1.0,synthetic,true,SRC-WEF|SRC-SYNTH,2026-09-05T00:00:00+08:00,0.72,synthetic,not_applicable,,reference_only,dev
TREND-010-2026-07,SKILL-010,2026-07,58.3,-0.7,down,false,模拟趋势/演示数据，不代表真实市场统计,1.1.0,synthetic,true,SRC-WEF|SRC-SYNTH,2026-09-05T00:00:00+08:00,0.72,synthetic,not_applicable,,reference_only,dev
TREND-010-2026-08,SKILL-010,2026-08,57.9,-0.4,stable,false,模拟趋势/演示数据，不代表真实市场统计,1.1.0,synthetic,true,SRC-WEF|SRC-SYNTH,2026-09-05T00:00:00+08:00,0.72,synthetic,not_applicable,,reference_only,dev
TREND-011-2026-03,SKILL-011,2026-03,66.9,0,stable,false,模拟趋势/演示数据，不代表真实市场统计,1.1.0,synthetic,true,SRC-WEF|SRC-SYNTH,2026-09-05T00:00:00+08:00,0.72,synthetic,not_applicable,,reference_only,dev
TREND-011-2026-04,SKILL-011,2026-04,66.4,-0.5,stable,false,模拟趋势/演示数据，不代表真实市场统计,1.1.0,synthetic,true,SRC-WEF|SRC-SYNTH,2026-09-05T00:00:00+08:00,0.72,synthetic,not_applicable,,reference_only,dev
TREND-011-2026-05,SKILL-011,2026-05,65.6,-0.8,down,false,模拟趋势/演示数据，不代表真实市场统计,1.1.0,synthetic,true,SRC-WEF|SRC-SYNTH,2026-09-05T00:00:00+08:00,0.72,synthetic,not_applicable,,reference_only,dev
TREND-011-2026-06,SKILL-011,2026-06,65,-0.6,down,false,模拟趋势/演示数据，不代表真实市场统计,1.1.0,synthetic,true,SRC-WEF|SRC-SYNTH,2026-09-05T00:00:00+08:00,0.72,synthetic,not_applicable,,reference_only,dev
TREND-011-2026-07,SKILL-011,2026-07,64.6,-0.4,stable,false,模拟趋势/演示数据，不代表真实市场统计,1.1.0,synthetic,true,SRC-WEF|SRC-SYNTH,2026-09-05T00:00:00+08:00,0.72,synthetic,not_applicable,,reference_only,dev
TREND-011-2026-08,SKILL-011,2026-08,64.7,0.1,stable,false,模拟趋势/演示数据，不代表真实市场统计,1.1.0,synthetic,true,SRC-WEF|SRC-SYNTH,2026-09-05T00:00:00+08:00,0.72,synthetic,not_applicable,,reference_only,dev
TREND-012-2026-03,SKILL-012,2026-03,73,-0.5,stable,false,模拟趋势/演示数据，不代表真实市场统计,1.1.0,synthetic,true,SRC-WEF|SRC-SYNTH,2026-09-05T00:00:00+08:00,0.72,synthetic,not_applicable,,reference_only,dev
TREND-012-2026-04,SKILL-012,2026-04,72.3,-0.7,down,false,模拟趋势/演示数据，不代表真实市场统计,1.1.0,synthetic,true,SRC-WEF|SRC-SYNTH,2026-09-05T00:00:00+08:00,0.72,synthetic,not_applicable,,reference_only,dev
TREND-012-2026-05,SKILL-012,2026-05,71.6,-0.7,down,false,模拟趋势/演示数据，不代表真实市场统计,1.1.0,synthetic,true,SRC-WEF|SRC-SYNTH,2026-09-05T00:00:00+08:00,0.72,synthetic,not_applicable,,reference_only,dev
TREND-012-2026-06,SKILL-012,2026-06,71.2,-0.4,stable,false,模拟趋势/演示数据，不代表真实市场统计,1.1.0,synthetic,true,SRC-WEF|SRC-SYNTH,2026-09-05T00:00:00+08:00,0.72,synthetic,not_applicable,,reference_only,dev
TREND-012-2026-07,SKILL-012,2026-07,71.3,0.1,stable,false,模拟趋势/演示数据，不代表真实市场统计,1.1.0,synthetic,true,SRC-WEF|SRC-SYNTH,2026-09-05T00:00:00+08:00,0.72,synthetic,not_applicable,,reference_only,dev
TREND-012-2026-08,SKILL-012,2026-08,71.9,0.6,up,false,模拟趋势/演示数据，不代表真实市场统计,1.1.0,synthetic,true,SRC-WEF|SRC-SYNTH,2026-09-05T00:00:00+08:00,0.72,synthetic,not_applicable,,reference_only,dev
TREND-013-2026-03,SKILL-013,2026-03,78.9,-0.8,down,false,模拟趋势/演示数据，不代表真实市场统计,1.1.0,synthetic,true,SRC-WEF|SRC-SYNTH,2026-09-05T00:00:00+08:00,0.72,synthetic,not_applicable,,reference_only,dev
TREND-013-2026-04,SKILL-013,2026-04,78.3,-0.6,down,false,模拟趋势/演示数据，不代表真实市场统计,1.1.0,synthetic,true,SRC-WEF|SRC-SYNTH,2026-09-05T00:00:00+08:00,0.72,synthetic,not_applicable,,reference_only,dev
TREND-013-2026-05,SKILL-013,2026-05,77.9,-0.4,stable,false,模拟趋势/演示数据，不代表真实市场统计,1.1.0,synthetic,true,SRC-WEF|SRC-SYNTH,2026-09-05T00:00:00+08:00,0.72,synthetic,not_applicable,,reference_only,dev
TREND-013-2026-06,SKILL-013,2026-06,78,0.1,stable,false,模拟趋势/演示数据，不代表真实市场统计,1.1.0,synthetic,true,SRC-WEF|SRC-SYNTH,2026-09-05T00:00:00+08:00,0.72,synthetic,not_applicable,,reference_only,dev
TREND-013-2026-07,SKILL-013,2026-07,78.6,0.6,up,false,模拟趋势/演示数据，不代表真实市场统计,1.1.0,synthetic,true,SRC-WEF|SRC-SYNTH,2026-09-05T00:00:00+08:00,0.72,synthetic,not_applicable,,reference_only,dev
TREND-013-2026-08,SKILL-013,2026-08,79.7,1.1,up,false,模拟趋势/演示数据，不代表真实市场统计,1.1.0,synthetic,true,SRC-WEF|SRC-SYNTH,2026-09-05T00:00:00+08:00,0.72,synthetic,not_applicable,,reference_only,dev
TREND-014-2026-03,SKILL-014,2026-03,53.9,-0.7,down,false,模拟趋势/演示数据，不代表真实市场统计,1.1.0,synthetic,true,SRC-WEF|SRC-SYNTH,2026-09-05T00:00:00+08:00,0.72,synthetic,not_applicable,,reference_only,dev
TREND-014-2026-04,SKILL-014,2026-04,53.5,-0.4,stable,false,模拟趋势/演示数据，不代表真实市场统计,1.1.0,synthetic,true,SRC-WEF|SRC-SYNTH,2026-09-05T00:00:00+08:00,0.72,synthetic,not_applicable,,reference_only,dev
TREND-014-2026-05,SKILL-014,2026-05,53.6,0.1,stable,false,模拟趋势/演示数据，不代表真实市场统计,1.1.0,synthetic,true,SRC-WEF|SRC-SYNTH,2026-09-05T00:00:00+08:00,0.72,synthetic,not_applicable,,reference_only,dev
TREND-014-2026-06,SKILL-014,2026-06,54.2,0.6,up,false,模拟趋势/演示数据，不代表真实市场统计,1.1.0,synthetic,true,SRC-WEF|SRC-SYNTH,2026-09-05T00:00:00+08:00,0.72,synthetic,not_applicable,,reference_only,dev
TREND-014-2026-07,SKILL-014,2026-07,55.3,1.1,up,false,模拟趋势/演示数据，不代表真实市场统计,1.1.0,synthetic,true,SRC-WEF|SRC-SYNTH,2026-09-05T00:00:00+08:00,0.72,synthetic,not_applicable,,reference_only,dev
TREND-014-2026-08,SKILL-014,2026-08,56.7,1.4,up,false,模拟趋势/演示数据，不代表真实市场统计,1.1.0,synthetic,true,SRC-WEF|SRC-SYNTH,2026-09-05T00:00:00+08:00,0.72,synthetic,not_applicable,,reference_only,dev
TREND-015-2026-03,SKILL-015,2026-03,60.2,-0.4,stable,false,模拟趋势/演示数据，不代表真实市场统计,1.1.0,synthetic,true,SRC-WEF|SRC-SYNTH,2026-09-05T00:00:00+08:00,0.72,synthetic,not_applicable,,reference_only,dev
TREND-015-2026-04,SKILL-015,2026-04,60.3,0.1,stable,false,模拟趋势/演示数据，不代表真实市场统计,1.1.0,synthetic,true,SRC-WEF|SRC-SYNTH,2026-09-05T00:00:00+08:00,0.72,synthetic,not_applicable,,reference_only,dev
TREND-015-2026-05,SKILL-015,2026-05,60.9,0.6,up,false,模拟趋势/演示数据，不代表真实市场统计,1.1.0,synthetic,true,SRC-WEF|SRC-SYNTH,2026-09-05T00:00:00+08:00,0.72,synthetic,not_applicable,,reference_only,dev
TREND-015-2026-06,SKILL-015,2026-06,62,1.1,up,false,模拟趋势/演示数据，不代表真实市场统计,1.1.0,synthetic,true,SRC-WEF|SRC-SYNTH,2026-09-05T00:00:00+08:00,0.72,synthetic,not_applicable,,reference_only,dev
TREND-015-2026-07,SKILL-015,2026-07,63.4,1.4,up,false,模拟趋势/演示数据，不代表真实市场统计,1.1.0,synthetic,true,SRC-WEF|SRC-SYNTH,2026-09-05T00:00:00+08:00,0.72,synthetic,not_applicable,,reference_only,dev
TREND-015-2026-08,SKILL-015,2026-08,64.8,1.4,up,false,模拟趋势/演示数据，不代表真实市场统计,1.1.0,synthetic,true,SRC-WEF|SRC-SYNTH,2026-09-05T00:00:00+08:00,0.72,synthetic,not_applicable,,reference_only,dev
TREND-016-2026-03,SKILL-016,2026-03,66.9,0.1,stable,false,模拟趋势/演示数据，不代表真实市场统计,1.1.0,synthetic,true,SRC-WEF|SRC-SYNTH,2026-09-05T00:00:00+08:00,0.72,synthetic,not_applicable,,reference_only,dev
TREND-016-2026-04,SKILL-016,2026-04,67.5,0.6,up,false,模拟趋势/演示数据，不代表真实市场统计,1.1.0,synthetic,true,SRC-WEF|SRC-SYNTH,2026-09-05T00:00:00+08:00,0.72,synthetic,not_applicable,,reference_only,dev
TREND-016-2026-05,SKILL-016,2026-05,68.6,1.1,up,false,模拟趋势/演示数据，不代表真实市场统计,1.1.0,synthetic,true,SRC-WEF|SRC-SYNTH,2026-09-05T00:00:00+08:00,0.72,synthetic,not_applicable,,reference_only,dev
TREND-016-2026-06,SKILL-016,2026-06,70,1.4,up,false,模拟趋势/演示数据，不代表真实市场统计,1.1.0,synthetic,true,SRC-WEF|SRC-SYNTH,2026-09-05T00:00:00+08:00,0.72,synthetic,not_applicable,,reference_only,dev
TREND-016-2026-07,SKILL-016,2026-07,71.4,1.4,up,false,模拟趋势/演示数据，不代表真实市场统计,1.1.0,synthetic,true,SRC-WEF|SRC-SYNTH,2026-09-05T00:00:00+08:00,0.72,synthetic,not_applicable,,reference_only,dev
TREND-016-2026-08,SKILL-016,2026-08,72.6,1.2,up,false,模拟趋势/演示数据，不代表真实市场统计,1.1.0,synthetic,true,SRC-WEF|SRC-SYNTH,2026-09-05T00:00:00+08:00,0.72,synthetic,not_applicable,,reference_only,dev
TREND-017-2026-03,SKILL-017,2026-03,74.2,0.6,up,false,模拟趋势/演示数据，不代表真实市场统计,1.1.0,synthetic,true,SRC-WEF|SRC-SYNTH,2026-09-05T00:00:00+08:00,0.72,synthetic,not_applicable,,reference_only,dev
TREND-017-2026-04,SKILL-017,2026-04,75.3,1.1,up,false,模拟趋势/演示数据，不代表真实市场统计,1.1.0,synthetic,true,SRC-WEF|SRC-SYNTH,2026-09-05T00:00:00+08:00,0.72,synthetic,not_applicable,,reference_only,dev
TREND-017-2026-05,SKILL-017,2026-05,76.7,1.4,up,false,模拟趋势/演示数据，不代表真实市场统计,1.1.0,synthetic,true,SRC-WEF|SRC-SYNTH,2026-09-05T00:00:00+08:00,0.72,synthetic,not_applicable,,reference_only,dev
TREND-017-2026-06,SKILL-017,2026-06,78.1,1.4,up,false,模拟趋势/演示数据，不代表真实市场统计,1.1.0,synthetic,true,SRC-WEF|SRC-SYNTH,2026-09-05T00:00:00+08:00,0.72,synthetic,not_applicable,,reference_only,dev
TREND-017-2026-07,SKILL-017,2026-07,79.3,1.2,up,false,模拟趋势/演示数据，不代表真实市场统计,1.1.0,synthetic,true,SRC-WEF|SRC-SYNTH,2026-09-05T00:00:00+08:00,0.72,synthetic,not_applicable,,reference_only,dev
TREND-017-2026-08,SKILL-017,2026-08,80,0.7,up,false,模拟趋势/演示数据，不代表真实市场统计,1.1.0,synthetic,true,SRC-WEF|SRC-SYNTH,2026-09-05T00:00:00+08:00,0.72,synthetic,not_applicable,,reference_only,dev
TREND-018-2026-03,SKILL-018,2026-03,50.9,1.1,up,false,模拟趋势/演示数据，不代表真实市场统计,1.1.0,synthetic,true,SRC-WEF|SRC-SYNTH,2026-09-05T00:00:00+08:00,0.72,synthetic,not_applicable,,reference_only,dev
TREND-018-2026-04,SKILL-018,2026-04,52.3,1.4,up,false,模拟趋势/演示数据，不代表真实市场统计,1.1.0,synthetic,true,SRC-WEF|SRC-SYNTH,2026-09-05T00:00:00+08:00,0.72,synthetic,not_applicable,,reference_only,dev
TREND-018-2026-05,SKILL-018,2026-05,53.7,1.4,up,false,模拟趋势/演示数据，不代表真实市场统计,1.1.0,synthetic,true,SRC-WEF|SRC-SYNTH,2026-09-05T00:00:00+08:00,0.72,synthetic,not_applicable,,reference_only,dev
TREND-018-2026-06,SKILL-018,2026-06,54.9,1.2,up,false,模拟趋势/演示数据，不代表真实市场统计,1.1.0,synthetic,true,SRC-WEF|SRC-SYNTH,2026-09-05T00:00:00+08:00,0.72,synthetic,not_applicable,,reference_only,dev
TREND-018-2026-07,SKILL-018,2026-07,55.7,0.8,up,false,模拟趋势/演示数据，不代表真实市场统计,1.1.0,synthetic,true,SRC-WEF|SRC-SYNTH,2026-09-05T00:00:00+08:00,0.72,synthetic,not_applicable,,reference_only,dev
TREND-018-2026-08,SKILL-018,2026-08,55.9,0.2,stable,false,模拟趋势/演示数据，不代表真实市场统计,1.1.0,synthetic,true,SRC-WEF|SRC-SYNTH,2026-09-05T00:00:00+08:00,0.72,synthetic,not_applicable,,reference_only,dev
TREND-019-2026-03,SKILL-019,2026-03,59,1.4,up,false,模拟趋势/演示数据，不代表真实市场统计,1.1.0,synthetic,true,SRC-WEF|SRC-SYNTH,2026-09-05T00:00:00+08:00,0.72,synthetic,not_applicable,,reference_only,dev
TREND-019-2026-04,SKILL-019,2026-04,60.4,1.4,up,false,模拟趋势/演示数据，不代表真实市场统计,1.1.0,synthetic,true,SRC-WEF|SRC-SYNTH,2026-09-05T00:00:00+08:00,0.72,synthetic,not_applicable,,reference_only,dev
TREND-019-2026-05,SKILL-019,2026-05,61.6,1.2,up,false,模拟趋势/演示数据，不代表真实市场统计,1.1.0,synthetic,true,SRC-WEF|SRC-SYNTH,2026-09-05T00:00:00+08:00,0.72,synthetic,not_applicable,,reference_only,dev
TREND-019-2026-06,SKILL-019,2026-06,62.3,0.7,up,false,模拟趋势/演示数据，不代表真实市场统计,1.1.0,synthetic,true,SRC-WEF|SRC-SYNTH,2026-09-05T00:00:00+08:00,0.72,synthetic,not_applicable,,reference_only,dev
TREND-019-2026-07,SKILL-019,2026-07,62.6,0.3,stable,false,模拟趋势/演示数据，不代表真实市场统计,1.1.0,synthetic,true,SRC-WEF|SRC-SYNTH,2026-09-05T00:00:00+08:00,0.72,synthetic,not_applicable,,reference_only,dev
TREND-019-2026-08,SKILL-019,2026-08,62.3,-0.3,stable,false,模拟趋势/演示数据，不代表真实市场统计,1.1.0,synthetic,true,SRC-WEF|SRC-SYNTH,2026-09-05T00:00:00+08:00,0.72,synthetic,not_applicable,,reference_only,dev
TREND-020-2026-03,SKILL-020,2026-03,67,1.4,up,false,模拟趋势/演示数据，不代表真实市场统计,1.1.0,synthetic,true,SRC-WEF|SRC-SYNTH,2026-09-05T00:00:00+08:00,0.72,synthetic,not_applicable,,reference_only,dev
TREND-020-2026-04,SKILL-020,2026-04,68.2,1.2,up,false,模拟趋势/演示数据，不代表真实市场统计,1.1.0,synthetic,true,SRC-WEF|SRC-SYNTH,2026-09-05T00:00:00+08:00,0.72,synthetic,not_applicable,,reference_only,dev
TREND-020-2026-05,SKILL-020,2026-05,69,0.8,up,false,模拟趋势/演示数据，不代表真实市场统计,1.1.0,synthetic,true,SRC-WEF|SRC-SYNTH,2026-09-05T00:00:00+08:00,0.72,synthetic,not_applicable,,reference_only,dev
TREND-020-2026-06,SKILL-020,2026-06,69.2,0.2,stable,false,模拟趋势/演示数据，不代表真实市场统计,1.1.0,synthetic,true,SRC-WEF|SRC-SYNTH,2026-09-05T00:00:00+08:00,0.72,synthetic,not_applicable,,reference_only,dev
TREND-020-2026-07,SKILL-020,2026-07,68.9,-0.3,stable,false,模拟趋势/演示数据，不代表真实市场统计,1.1.0,synthetic,true,SRC-WEF|SRC-SYNTH,2026-09-05T00:00:00+08:00,0.72,synthetic,not_applicable,,reference_only,dev
TREND-020-2026-08,SKILL-020,2026-08,68.3,-0.6,down,false,模拟趋势/演示数据，不代表真实市场统计,1.1.0,synthetic,true,SRC-WEF|SRC-SYNTH,2026-09-05T00:00:00+08:00,0.72,synthetic,not_applicable,,reference_only,dev
TREND-021-2026-03,SKILL-021,2026-03,74.9,1.2,up,false,模拟趋势/演示数据，不代表真实市场统计,1.1.0,synthetic,true,SRC-WEF|SRC-SYNTH,2026-09-05T00:00:00+08:00,0.72,synthetic,not_applicable,,reference_only,dev
TREND-021-2026-04,SKILL-021,2026-04,75.6,0.7,up,false,模拟趋势/演示数据，不代表真实市场统计,1.1.0,synthetic,true,SRC-WEF|SRC-SYNTH,2026-09-05T00:00:00+08:00,0.72,synthetic,not_applicable,,reference_only,dev
TREND-021-2026-05,SKILL-021,2026-05,75.9,0.3,stable,false,模拟趋势/演示数据，不代表真实市场统计,1.1.0,synthetic,true,SRC-WEF|SRC-SYNTH,2026-09-05T00:00:00+08:00,0.72,synthetic,not_applicable,,reference_only,dev
TREND-021-2026-06,SKILL-021,2026-06,75.6,-0.3,stable,false,模拟趋势/演示数据，不代表真实市场统计,1.1.0,synthetic,true,SRC-WEF|SRC-SYNTH,2026-09-05T00:00:00+08:00,0.72,synthetic,not_applicable,,reference_only,dev
TREND-021-2026-07,SKILL-021,2026-07,75,-0.6,down,false,模拟趋势/演示数据，不代表真实市场统计,1.1.0,synthetic,true,SRC-WEF|SRC-SYNTH,2026-09-05T00:00:00+08:00,0.72,synthetic,not_applicable,,reference_only,dev
TREND-021-2026-08,SKILL-021,2026-08,74.2,-0.8,down,false,模拟趋势/演示数据，不代表真实市场统计,1.1.0,synthetic,true,SRC-WEF|SRC-SYNTH,2026-09-05T00:00:00+08:00,0.72,synthetic,not_applicable,,reference_only,dev
TREND-022-2026-03,SKILL-022,2026-03,82.3,0.8,up,false,模拟趋势/演示数据，不代表真实市场统计,1.1.0,synthetic,true,SRC-WEF|SRC-SYNTH,2026-09-05T00:00:00+08:00,0.72,synthetic,not_applicable,,reference_only,dev
TREND-022-2026-04,SKILL-022,2026-04,82.5,0.2,stable,false,模拟趋势/演示数据，不代表真实市场统计,1.1.0,synthetic,true,SRC-WEF|SRC-SYNTH,2026-09-05T00:00:00+08:00,0.72,synthetic,not_applicable,,reference_only,dev
TREND-022-2026-05,SKILL-022,2026-05,82.2,-0.3,stable,false,模拟趋势/演示数据，不代表真实市场统计,1.1.0,synthetic,true,SRC-WEF|SRC-SYNTH,2026-09-05T00:00:00+08:00,0.72,synthetic,not_applicable,,reference_only,dev
TREND-022-2026-06,SKILL-022,2026-06,81.6,-0.6,down,false,模拟趋势/演示数据，不代表真实市场统计,1.1.0,synthetic,true,SRC-WEF|SRC-SYNTH,2026-09-05T00:00:00+08:00,0.72,synthetic,not_applicable,,reference_only,dev
TREND-022-2026-07,SKILL-022,2026-07,80.9,-0.7,down,false,模拟趋势/演示数据，不代表真实市场统计,1.1.0,synthetic,true,SRC-WEF|SRC-SYNTH,2026-09-05T00:00:00+08:00,0.72,synthetic,not_applicable,,reference_only,dev
TREND-022-2026-08,SKILL-022,2026-08,80.3,-0.6,down,false,模拟趋势/演示数据，不代表真实市场统计,1.1.0,synthetic,true,SRC-WEF|SRC-SYNTH,2026-09-05T00:00:00+08:00,0.72,synthetic,not_applicable,,reference_only,dev
TREND-023-2026-03,SKILL-023,2026-03,58.2,0.3,stable,false,模拟趋势/演示数据，不代表真实市场统计,1.1.0,synthetic,true,SRC-WEF|SRC-SYNTH,2026-09-05T00:00:00+08:00,0.72,synthetic,not_applicable,,reference_only,dev
TREND-023-2026-04,SKILL-023,2026-04,57.9,-0.3,stable,false,模拟趋势/演示数据，不代表真实市场统计,1.1.0,synthetic,true,SRC-WEF|SRC-SYNTH,2026-09-05T00:00:00+08:00,0.72,synthetic,not_applicable,,reference_only,dev
TREND-023-2026-05,SKILL-023,2026-05,57.3,-0.6,down,false,模拟趋势/演示数据，不代表真实市场统计,1.1.0,synthetic,true,SRC-WEF|SRC-SYNTH,2026-09-05T00:00:00+08:00,0.72,synthetic,not_applicable,,reference_only,dev
TREND-023-2026-06,SKILL-023,2026-06,56.5,-0.8,down,false,模拟趋势/演示数据，不代表真实市场统计,1.1.0,synthetic,true,SRC-WEF|SRC-SYNTH,2026-09-05T00:00:00+08:00,0.72,synthetic,not_applicable,,reference_only,dev
TREND-023-2026-07,SKILL-023,2026-07,55.9,-0.6,down,false,模拟趋势/演示数据，不代表真实市场统计,1.1.0,synthetic,true,SRC-WEF|SRC-SYNTH,2026-09-05T00:00:00+08:00,0.72,synthetic,not_applicable,,reference_only,dev
TREND-023-2026-08,SKILL-023,2026-08,55.7,-0.2,stable,false,模拟趋势/演示数据，不代表真实市场统计,1.1.0,synthetic,true,SRC-WEF|SRC-SYNTH,2026-09-05T00:00:00+08:00,0.72,synthetic,not_applicable,,reference_only,dev
TREND-024-2026-03,SKILL-024,2026-03,64.5,-0.3,stable,false,模拟趋势/演示数据，不代表真实市场统计,1.1.0,synthetic,true,SRC-WEF|SRC-SYNTH,2026-09-05T00:00:00+08:00,0.72,synthetic,not_applicable,,reference_only,dev
TREND-024-2026-04,SKILL-024,2026-04,63.9,-0.6,down,false,模拟趋势/演示数据，不代表真实市场统计,1.1.0,synthetic,true,SRC-WEF|SRC-SYNTH,2026-09-05T00:00:00+08:00,0.72,synthetic,not_applicable,,reference_only,dev
TREND-024-2026-05,SKILL-024,2026-05,63.2,-0.7,down,false,模拟趋势/演示数据，不代表真实市场统计,1.1.0,synthetic,true,SRC-WEF|SRC-SYNTH,2026-09-05T00:00:00+08:00,0.72,synthetic,not_applicable,,reference_only,dev
TREND-024-2026-06,SKILL-024,2026-06,62.6,-0.6,down,false,模拟趋势/演示数据，不代表真实市场统计,1.1.0,synthetic,true,SRC-WEF|SRC-SYNTH,2026-09-05T00:00:00+08:00,0.72,synthetic,not_applicable,,reference_only,dev
TREND-024-2026-07,SKILL-024,2026-07,62.4,-0.2,stable,false,模拟趋势/演示数据，不代表真实市场统计,1.1.0,synthetic,true,SRC-WEF|SRC-SYNTH,2026-09-05T00:00:00+08:00,0.72,synthetic,not_applicable,,reference_only,dev
TREND-024-2026-08,SKILL-024,2026-08,62.7,0.3,stable,false,模拟趋势/演示数据，不代表真实市场统计,1.1.0,synthetic,true,SRC-WEF|SRC-SYNTH,2026-09-05T00:00:00+08:00,0.72,synthetic,not_applicable,,reference_only,dev
TREND-025-2026-03,SKILL-025,2026-03,76.3,0.4,stable,false,模拟趋势/演示数据，不代表真实市场统计,1.1.0,synthetic,true,SRC-WEF|SRC-SYNTH,2026-09-05T00:00:00+08:00,0.72,synthetic,not_applicable,,reference_only,dev
TREND-025-2026-04,SKILL-025,2026-04,76.5,0.2,stable,false,模拟趋势/演示数据，不代表真实市场统计,1.1.0,synthetic,true,SRC-WEF|SRC-SYNTH,2026-09-05T00:00:00+08:00,0.72,synthetic,not_applicable,,reference_only,dev
TREND-025-2026-05,SKILL-025,2026-05,76.8,0.3,stable,false,模拟趋势/演示数据，不代表真实市场统计,1.1.0,synthetic,true,SRC-WEF|SRC-SYNTH,2026-09-05T00:00:00+08:00,0.72,synthetic,not_applicable,,reference_only,dev
TREND-025-2026-06,SKILL-025,2026-06,77.6,0.8,up,false,模拟趋势/演示数据，不代表真实市场统计,1.1.0,synthetic,true,SRC-WEF|SRC-SYNTH,2026-09-05T00:00:00+08:00,0.72,synthetic,not_applicable,,reference_only,dev
TREND-025-2026-07,SKILL-025,2026-07,78.9,1.3,up,false,模拟趋势/演示数据，不代表真实市场统计,1.1.0,synthetic,true,SRC-WEF|SRC-SYNTH,2026-09-05T00:00:00+08:00,0.72,synthetic,not_applicable,,reference_only,dev
TREND-025-2026-08,SKILL-025,2026-08,80.6,1.7,up,false,模拟趋势/演示数据，不代表真实市场统计,1.1.0,synthetic,true,SRC-WEF|SRC-SYNTH,2026-09-05T00:00:00+08:00,0.72,synthetic,not_applicable,,reference_only,dev
TREND-026-2026-03,SKILL-026,2026-03,76.5,-0.7,down,false,模拟趋势/演示数据，不代表真实市场统计,1.1.0,synthetic,true,SRC-WEF|SRC-SYNTH,2026-09-05T00:00:00+08:00,0.72,synthetic,not_applicable,,reference_only,dev
TREND-026-2026-04,SKILL-026,2026-04,75.9,-0.6,down,false,模拟趋势/演示数据，不代表真实市场统计,1.1.0,synthetic,true,SRC-WEF|SRC-SYNTH,2026-09-05T00:00:00+08:00,0.72,synthetic,not_applicable,,reference_only,dev
TREND-026-2026-05,SKILL-026,2026-05,75.7,-0.2,stable,false,模拟趋势/演示数据，不代表真实市场统计,1.1.0,synthetic,true,SRC-WEF|SRC-SYNTH,2026-09-05T00:00:00+08:00,0.72,synthetic,not_applicable,,reference_only,dev
TREND-026-2026-06,SKILL-026,2026-06,76,0.3,stable,false,模拟趋势/演示数据，不代表真实市场统计,1.1.0,synthetic,true,SRC-WEF|SRC-SYNTH,2026-09-05T00:00:00+08:00,0.72,synthetic,not_applicable,,reference_only,dev
TREND-026-2026-07,SKILL-026,2026-07,76.8,0.8,up,false,模拟趋势/演示数据，不代表真实市场统计,1.1.0,synthetic,true,SRC-WEF|SRC-SYNTH,2026-09-05T00:00:00+08:00,0.72,synthetic,not_applicable,,reference_only,dev
TREND-026-2026-08,SKILL-026,2026-08,78.1,1.3,up,false,模拟趋势/演示数据，不代表真实市场统计,1.1.0,synthetic,true,SRC-WEF|SRC-SYNTH,2026-09-05T00:00:00+08:00,0.72,synthetic,not_applicable,,reference_only,dev
TREND-027-2026-03,SKILL-027,2026-03,57.2,0.3,stable,false,模拟趋势/演示数据，不代表真实市场统计,1.1.0,synthetic,true,SRC-WEF|SRC-SYNTH,2026-09-05T00:00:00+08:00,0.72,synthetic,not_applicable,,reference_only,dev
TREND-027-2026-04,SKILL-027,2026-04,58,0.8,up,false,模拟趋势/演示数据，不代表真实市场统计,1.1.0,synthetic,true,SRC-WEF|SRC-SYNTH,2026-09-05T00:00:00+08:00,0.72,synthetic,not_applicable,,reference_only,dev
TREND-027-2026-05,SKILL-027,2026-05,59.3,1.3,up,false,模拟趋势/演示数据，不代表真实市场统计,1.1.0,synthetic,true,SRC-WEF|SRC-SYNTH,2026-09-05T00:00:00+08:00,0.72,synthetic,not_applicable,,reference_only,dev
TREND-027-2026-06,SKILL-027,2026-06,61,1.7,up,false,模拟趋势/演示数据，不代表真实市场统计,1.1.0,synthetic,true,SRC-WEF|SRC-SYNTH,2026-09-05T00:00:00+08:00,0.72,synthetic,not_applicable,,reference_only,dev
TREND-027-2026-07,SKILL-027,2026-07,63.2,2.2,up,false,模拟趋势/演示数据，不代表真实市场统计,1.1.0,synthetic,true,SRC-WEF|SRC-SYNTH,2026-09-05T00:00:00+08:00,0.72,synthetic,not_applicable,,reference_only,dev
TREND-027-2026-08,SKILL-027,2026-08,65.6,2.4,up,false,模拟趋势/演示数据，不代表真实市场统计,1.1.0,synthetic,true,SRC-WEF|SRC-SYNTH,2026-09-05T00:00:00+08:00,0.72,synthetic,not_applicable,,reference_only,dev
TREND-028-2026-03,SKILL-028,2026-03,58,-0.2,stable,false,模拟趋势/演示数据，不代表真实市场统计,1.1.0,synthetic,true,SRC-WEF|SRC-SYNTH,2026-09-05T00:00:00+08:00,0.72,synthetic,not_applicable,,reference_only,dev
TREND-028-2026-04,SKILL-028,2026-04,58.3,0.3,stable,false,模拟趋势/演示数据，不代表真实市场统计,1.1.0,synthetic,true,SRC-WEF|SRC-SYNTH,2026-09-05T00:00:00+08:00,0.72,synthetic,not_applicable,,reference_only,dev
TREND-028-2026-05,SKILL-028,2026-05,59.1,0.8,up,false,模拟趋势/演示数据，不代表真实市场统计,1.1.0,synthetic,true,SRC-WEF|SRC-SYNTH,2026-09-05T00:00:00+08:00,0.72,synthetic,not_applicable,,reference_only,dev
TREND-028-2026-06,SKILL-028,2026-06,60.4,1.3,up,false,模拟趋势/演示数据，不代表真实市场统计,1.1.0,synthetic,true,SRC-WEF|SRC-SYNTH,2026-09-05T00:00:00+08:00,0.72,synthetic,not_applicable,,reference_only,dev
TREND-028-2026-07,SKILL-028,2026-07,61.8,1.4,up,false,模拟趋势/演示数据，不代表真实市场统计,1.1.0,synthetic,true,SRC-WEF|SRC-SYNTH,2026-09-05T00:00:00+08:00,0.72,synthetic,not_applicable,,reference_only,dev
TREND-028-2026-08,SKILL-028,2026-08,63.2,1.4,up,false,模拟趋势/演示数据，不代表真实市场统计,1.1.0,synthetic,true,SRC-WEF|SRC-SYNTH,2026-09-05T00:00:00+08:00,0.72,synthetic,not_applicable,,reference_only,dev
TREND-029-2026-03,SKILL-029,2026-03,70.7,1.3,up,false,模拟趋势/演示数据，不代表真实市场统计,1.1.0,synthetic,true,SRC-WEF|SRC-SYNTH,2026-09-05T00:00:00+08:00,0.72,synthetic,not_applicable,,reference_only,dev
TREND-029-2026-04,SKILL-029,2026-04,72.4,1.7,up,false,模拟趋势/演示数据，不代表真实市场统计,1.1.0,synthetic,true,SRC-WEF|SRC-SYNTH,2026-09-05T00:00:00+08:00,0.72,synthetic,not_applicable,,reference_only,dev
TREND-029-2026-05,SKILL-029,2026-05,74.6,2.2,up,false,模拟趋势/演示数据，不代表真实市场统计,1.1.0,synthetic,true,SRC-WEF|SRC-SYNTH,2026-09-05T00:00:00+08:00,0.72,synthetic,not_applicable,,reference_only,dev
TREND-029-2026-06,SKILL-029,2026-06,77,2.4,up,false,模拟趋势/演示数据，不代表真实市场统计,1.1.0,synthetic,true,SRC-WEF|SRC-SYNTH,2026-09-05T00:00:00+08:00,0.72,synthetic,not_applicable,,reference_only,dev
TREND-029-2026-07,SKILL-029,2026-07,79.3,2.3,up,false,模拟趋势/演示数据，不代表真实市场统计,1.1.0,synthetic,true,SRC-WEF|SRC-SYNTH,2026-09-05T00:00:00+08:00,0.72,synthetic,not_applicable,,reference_only,dev
TREND-029-2026-08,SKILL-029,2026-08,81.3,2,up,false,模拟趋势/演示数据，不代表真实市场统计,1.1.0,synthetic,true,SRC-WEF|SRC-SYNTH,2026-09-05T00:00:00+08:00,0.72,synthetic,not_applicable,,reference_only,dev
TREND-030-2026-03,SKILL-030,2026-03,78.1,1.7,up,false,模拟趋势/演示数据，不代表真实市场统计,1.1.0,synthetic,true,SRC-WEF|SRC-SYNTH,2026-09-05T00:00:00+08:00,0.72,synthetic,not_applicable,,reference_only,dev
TREND-030-2026-04,SKILL-030,2026-04,80.3,2.2,up,false,模拟趋势/演示数据，不代表真实市场统计,1.1.0,synthetic,true,SRC-WEF|SRC-SYNTH,2026-09-05T00:00:00+08:00,0.72,synthetic,not_applicable,,reference_only,dev
TREND-030-2026-05,SKILL-030,2026-05,82.7,2.4,up,false,模拟趋势/演示数据，不代表真实市场统计,1.1.0,synthetic,true,SRC-WEF|SRC-SYNTH,2026-09-05T00:00:00+08:00,0.72,synthetic,not_applicable,,reference_only,dev
TREND-030-2026-06,SKILL-030,2026-06,85,2.3,up,false,模拟趋势/演示数据，不代表真实市场统计,1.1.0,synthetic,true,SRC-WEF|SRC-SYNTH,2026-09-05T00:00:00+08:00,0.72,synthetic,not_applicable,,reference_only,dev
TREND-030-2026-07,SKILL-030,2026-07,87,2,up,false,模拟趋势/演示数据，不代表真实市场统计,1.1.0,synthetic,true,SRC-WEF|SRC-SYNTH,2026-09-05T00:00:00+08:00,0.72,synthetic,not_applicable,,reference_only,dev
TREND-030-2026-08,SKILL-030,2026-08,88.5,1.5,up,false,模拟趋势/演示数据，不代表真实市场统计,1.1.0,synthetic,true,SRC-WEF|SRC-SYNTH,2026-09-05T00:00:00+08:00,0.72,synthetic,not_applicable,,reference_only,dev
TREND-031-2026-03,SKILL-031,2026-03,49.3,1.2,up,false,模拟趋势/演示数据，不代表真实市场统计,1.1.0,synthetic,true,SRC-WEF|SRC-SYNTH,2026-09-05T00:00:00+08:00,0.72,synthetic,not_applicable,,reference_only,dev
TREND-031-2026-04,SKILL-031,2026-04,50.8,1.5,up,false,模拟趋势/演示数据，不代表真实市场统计,1.1.0,synthetic,true,SRC-WEF|SRC-SYNTH,2026-09-05T00:00:00+08:00,0.72,synthetic,not_applicable,,reference_only,dev
TREND-031-2026-05,SKILL-031,2026-05,52.1,1.3,up,false,模拟趋势/演示数据，不代表真实市场统计,1.1.0,synthetic,true,SRC-WEF|SRC-SYNTH,2026-09-05T00:00:00+08:00,0.72,synthetic,not_applicable,,reference_only,dev
TREND-031-2026-06,SKILL-031,2026-06,53.2,1.1,up,false,模拟趋势/演示数据，不代表真实市场统计,1.1.0,synthetic,true,SRC-WEF|SRC-SYNTH,2026-09-05T00:00:00+08:00,0.72,synthetic,not_applicable,,reference_only,dev
TREND-031-2026-07,SKILL-031,2026-07,53.7,0.5,stable,false,模拟趋势/演示数据，不代表真实市场统计,1.1.0,synthetic,true,SRC-WEF|SRC-SYNTH,2026-09-05T00:00:00+08:00,0.72,synthetic,not_applicable,,reference_only,dev
TREND-031-2026-08,SKILL-031,2026-08,53.7,0,stable,false,模拟趋势/演示数据，不代表真实市场统计,1.1.0,synthetic,true,SRC-WEF|SRC-SYNTH,2026-09-05T00:00:00+08:00,0.72,synthetic,not_applicable,,reference_only,dev
TREND-032-2026-03,SKILL-032,2026-03,63.1,2.4,up,false,模拟趋势/演示数据，不代表真实市场统计,1.1.0,synthetic,true,SRC-WEF|SRC-SYNTH,2026-09-05T00:00:00+08:00,0.72,synthetic,not_applicable,,reference_only,dev
TREND-032-2026-04,SKILL-032,2026-04,65.4,2.3,up,false,模拟趋势/演示数据，不代表真实市场统计,1.1.0,synthetic,true,SRC-WEF|SRC-SYNTH,2026-09-05T00:00:00+08:00,0.72,synthetic,not_applicable,,reference_only,dev
TREND-032-2026-05,SKILL-032,2026-05,67.4,2,up,false,模拟趋势/演示数据，不代表真实市场统计,1.1.0,synthetic,true,SRC-WEF|SRC-SYNTH,2026-09-05T00:00:00+08:00,0.72,synthetic,not_applicable,,reference_only,dev
TREND-032-2026-06,SKILL-032,2026-06,68.9,1.5,up,false,模拟趋势/演示数据，不代表真实市场统计,1.1.0,synthetic,true,SRC-WEF|SRC-SYNTH,2026-09-05T00:00:00+08:00,0.72,synthetic,not_applicable,,reference_only,dev
TREND-032-2026-07,SKILL-032,2026-07,69.8,0.9,up,false,模拟趋势/演示数据，不代表真实市场统计,1.1.0,synthetic,true,SRC-WEF|SRC-SYNTH,2026-09-05T00:00:00+08:00,0.72,synthetic,not_applicable,,reference_only,dev
TREND-032-2026-08,SKILL-032,2026-08,70.3,0.5,stable,false,模拟趋势/演示数据，不代表真实市场统计,1.1.0,synthetic,true,SRC-WEF|SRC-SYNTH,2026-09-05T00:00:00+08:00,0.72,synthetic,not_applicable,,reference_only,dev
TREND-033-2026-03,SKILL-033,2026-03,65.4,1.3,up,false,模拟趋势/演示数据，不代表真实市场统计,1.1.0,synthetic,true,SRC-WEF|SRC-SYNTH,2026-09-05T00:00:00+08:00,0.72,synthetic,not_applicable,,reference_only,dev
TREND-033-2026-04,SKILL-033,2026-04,66.5,1.1,up,false,模拟趋势/演示数据，不代表真实市场统计,1.1.0,synthetic,true,SRC-WEF|SRC-SYNTH,2026-09-05T00:00:00+08:00,0.72,synthetic,not_applicable,,reference_only,dev
TREND-033-2026-05,SKILL-033,2026-05,67,0.5,stable,false,模拟趋势/演示数据，不代表真实市场统计,1.1.0,synthetic,true,SRC-WEF|SRC-SYNTH,2026-09-05T00:00:00+08:00,0.72,synthetic,not_applicable,,reference_only,dev
TREND-033-2026-06,SKILL-033,2026-06,67,0,stable,false,模拟趋势/演示数据，不代表真实市场统计,1.1.0,synthetic,true,SRC-WEF|SRC-SYNTH,2026-09-05T00:00:00+08:00,0.72,synthetic,not_applicable,,reference_only,dev
TREND-033-2026-07,SKILL-033,2026-07,66.5,-0.5,stable,false,模拟趋势/演示数据，不代表真实市场统计,1.1.0,synthetic,true,SRC-WEF|SRC-SYNTH,2026-09-05T00:00:00+08:00,0.72,synthetic,not_applicable,,reference_only,dev
TREND-033-2026-08,SKILL-033,2026-08,65.8,-0.7,down,false,模拟趋势/演示数据，不代表真实市场统计,1.1.0,synthetic,true,SRC-WEF|SRC-SYNTH,2026-09-05T00:00:00+08:00,0.72,synthetic,not_applicable,,reference_only,dev
TREND-034-2026-03,SKILL-034,2026-03,73.1,1,up,false,模拟趋势/演示数据，不代表真实市场统计,1.1.0,synthetic,true,SRC-WEF|SRC-SYNTH,2026-09-05T00:00:00+08:00,0.72,synthetic,not_applicable,,reference_only,dev
TREND-034-2026-04,SKILL-034,2026-04,73.6,0.5,stable,false,模拟趋势/演示数据，不代表真实市场统计,1.1.0,synthetic,true,SRC-WEF|SRC-SYNTH,2026-09-05T00:00:00+08:00,0.72,synthetic,not_applicable,,reference_only,dev
TREND-034-2026-05,SKILL-034,2026-05,73.6,0,stable,false,模拟趋势/演示数据，不代表真实市场统计,1.1.0,synthetic,true,SRC-WEF|SRC-SYNTH,2026-09-05T00:00:00+08:00,0.72,synthetic,not_applicable,,reference_only,dev
TREND-034-2026-06,SKILL-034,2026-06,73.2,-0.4,stable,false,模拟趋势/演示数据，不代表真实市场统计,1.1.0,synthetic,true,SRC-WEF|SRC-SYNTH,2026-09-05T00:00:00+08:00,0.72,synthetic,not_applicable,,reference_only,dev
TREND-034-2026-07,SKILL-034,2026-07,72.5,-0.7,down,false,模拟趋势/演示数据，不代表真实市场统计,1.1.0,synthetic,true,SRC-WEF|SRC-SYNTH,2026-09-05T00:00:00+08:00,0.72,synthetic,not_applicable,,reference_only,dev
TREND-034-2026-08,SKILL-034,2026-08,71.8,-0.7,down,false,模拟趋势/演示数据，不代表真实市场统计,1.1.0,synthetic,true,SRC-WEF|SRC-SYNTH,2026-09-05T00:00:00+08:00,0.72,synthetic,not_applicable,,reference_only,dev
TREND-035-2026-03,SKILL-035,2026-03,80.3,0.5,stable,false,模拟趋势/演示数据，不代表真实市场统计,1.1.0,synthetic,true,SRC-WEF|SRC-SYNTH,2026-09-05T00:00:00+08:00,0.72,synthetic,not_applicable,,reference_only,dev
TREND-035-2026-04,SKILL-035,2026-04,80.3,0,stable,false,模拟趋势/演示数据，不代表真实市场统计,1.1.0,synthetic,true,SRC-WEF|SRC-SYNTH,2026-09-05T00:00:00+08:00,0.72,synthetic,not_applicable,,reference_only,dev
TREND-035-2026-05,SKILL-035,2026-05,79.8,-0.5,stable,false,模拟趋势/演示数据，不代表真实市场统计,1.1.0,synthetic,true,SRC-WEF|SRC-SYNTH,2026-09-05T00:00:00+08:00,0.72,synthetic,not_applicable,,reference_only,dev
TREND-035-2026-06,SKILL-035,2026-06,79.1,-0.7,down,false,模拟趋势/演示数据，不代表真实市场统计,1.1.0,synthetic,true,SRC-WEF|SRC-SYNTH,2026-09-05T00:00:00+08:00,0.72,synthetic,not_applicable,,reference_only,dev
TREND-035-2026-07,SKILL-035,2026-07,78.4,-0.7,down,false,模拟趋势/演示数据，不代表真实市场统计,1.1.0,synthetic,true,SRC-WEF|SRC-SYNTH,2026-09-05T00:00:00+08:00,0.72,synthetic,not_applicable,,reference_only,dev
TREND-035-2026-08,SKILL-035,2026-08,78,-0.4,stable,false,模拟趋势/演示数据，不代表真实市场统计,1.1.0,synthetic,true,SRC-WEF|SRC-SYNTH,2026-09-05T00:00:00+08:00,0.72,synthetic,not_applicable,,reference_only,dev
TREND-036-2026-03,SKILL-036,2026-03,55.9,0,stable,false,模拟趋势/演示数据，不代表真实市场统计,1.1.0,synthetic,true,SRC-WEF|SRC-SYNTH,2026-09-05T00:00:00+08:00,0.72,synthetic,not_applicable,,reference_only,dev
TREND-036-2026-04,SKILL-036,2026-04,55.5,-0.4,stable,false,模拟趋势/演示数据，不代表真实市场统计,1.1.0,synthetic,true,SRC-WEF|SRC-SYNTH,2026-09-05T00:00:00+08:00,0.72,synthetic,not_applicable,,reference_only,dev
TREND-036-2026-05,SKILL-036,2026-05,54.8,-0.7,down,false,模拟趋势/演示数据，不代表真实市场统计,1.1.0,synthetic,true,SRC-WEF|SRC-SYNTH,2026-09-05T00:00:00+08:00,0.72,synthetic,not_applicable,,reference_only,dev
TREND-036-2026-06,SKILL-036,2026-06,54.1,-0.7,down,false,模拟趋势/演示数据，不代表真实市场统计,1.1.0,synthetic,true,SRC-WEF|SRC-SYNTH,2026-09-05T00:00:00+08:00,0.72,synthetic,not_applicable,,reference_only,dev
TREND-036-2026-07,SKILL-036,2026-07,53.6,-0.5,stable,false,模拟趋势/演示数据，不代表真实市场统计,1.1.0,synthetic,true,SRC-WEF|SRC-SYNTH,2026-09-05T00:00:00+08:00,0.72,synthetic,not_applicable,,reference_only,dev
TREND-036-2026-08,SKILL-036,2026-08,53.7,0.1,stable,false,模拟趋势/演示数据，不代表真实市场统计,1.1.0,synthetic,true,SRC-WEF|SRC-SYNTH,2026-09-05T00:00:00+08:00,0.72,synthetic,not_applicable,,reference_only,dev
TREND-037-2026-03,SKILL-037,2026-03,62.1,-0.5,stable,false,模拟趋势/演示数据，不代表真实市场统计,1.1.0,synthetic,true,SRC-WEF|SRC-SYNTH,2026-09-05T00:00:00+08:00,0.72,synthetic,not_applicable,,reference_only,dev
TREND-037-2026-04,SKILL-037,2026-04,61.4,-0.7,down,false,模拟趋势/演示数据，不代表真实市场统计,1.1.0,synthetic,true,SRC-WEF|SRC-SYNTH,2026-09-05T00:00:00+08:00,0.72,synthetic,not_applicable,,reference_only,dev
TREND-037-2026-05,SKILL-037,2026-05,60.7,-0.7,down,false,模拟趋势/演示数据，不代表真实市场统计,1.1.0,synthetic,true,SRC-WEF|SRC-SYNTH,2026-09-05T00:00:00+08:00,0.72,synthetic,not_applicable,,reference_only,dev
TREND-037-2026-06,SKILL-037,2026-06,60.3,-0.4,stable,false,模拟趋势/演示数据，不代表真实市场统计,1.1.0,synthetic,true,SRC-WEF|SRC-SYNTH,2026-09-05T00:00:00+08:00,0.72,synthetic,not_applicable,,reference_only,dev
TREND-037-2026-07,SKILL-037,2026-07,60.3,0,stable,false,模拟趋势/演示数据，不代表真实市场统计,1.1.0,synthetic,true,SRC-WEF|SRC-SYNTH,2026-09-05T00:00:00+08:00,0.72,synthetic,not_applicable,,reference_only,dev
TREND-037-2026-08,SKILL-037,2026-08,60.9,0.6,up,false,模拟趋势/演示数据，不代表真实市场统计,1.1.0,synthetic,true,SRC-WEF|SRC-SYNTH,2026-09-05T00:00:00+08:00,0.72,synthetic,not_applicable,,reference_only,dev
TREND-038-2026-03,SKILL-038,2026-03,68.1,-0.7,down,false,模拟趋势/演示数据，不代表真实市场统计,1.1.0,synthetic,true,SRC-WEF|SRC-SYNTH,2026-09-05T00:00:00+08:00,0.72,synthetic,not_applicable,,reference_only,dev
TREND-038-2026-04,SKILL-038,2026-04,67.4,-0.7,down,false,模拟趋势/演示数据，不代表真实市场统计,1.1.0,synthetic,true,SRC-WEF|SRC-SYNTH,2026-09-05T00:00:00+08:00,0.72,synthetic,not_applicable,,reference_only,dev
TREND-038-2026-05,SKILL-038,2026-05,66.9,-0.5,stable,false,模拟趋势/演示数据，不代表真实市场统计,1.1.0,synthetic,true,SRC-WEF|SRC-SYNTH,2026-09-05T00:00:00+08:00,0.72,synthetic,not_applicable,,reference_only,dev
TREND-038-2026-06,SKILL-038,2026-06,67,0.1,stable,false,模拟趋势/演示数据，不代表真实市场统计,1.1.0,synthetic,true,SRC-WEF|SRC-SYNTH,2026-09-05T00:00:00+08:00,0.72,synthetic,not_applicable,,reference_only,dev
TREND-038-2026-07,SKILL-038,2026-07,67.5,0.5,stable,false,模拟趋势/演示数据，不代表真实市场统计,1.1.0,synthetic,true,SRC-WEF|SRC-SYNTH,2026-09-05T00:00:00+08:00,0.72,synthetic,not_applicable,,reference_only,dev
TREND-038-2026-08,SKILL-038,2026-08,68.5,1,up,false,模拟趋势/演示数据，不代表真实市场统计,1.1.0,synthetic,true,SRC-WEF|SRC-SYNTH,2026-09-05T00:00:00+08:00,0.72,synthetic,not_applicable,,reference_only,dev
TREND-039-2026-03,SKILL-039,2026-03,74,-0.7,down,false,模拟趋势/演示数据，不代表真实市场统计,1.1.0,synthetic,true,SRC-WEF|SRC-SYNTH,2026-09-05T00:00:00+08:00,0.72,synthetic,not_applicable,,reference_only,dev
TREND-039-2026-04,SKILL-039,2026-04,73.6,-0.4,stable,false,模拟趋势/演示数据，不代表真实市场统计,1.1.0,synthetic,true,SRC-WEF|SRC-SYNTH,2026-09-05T00:00:00+08:00,0.72,synthetic,not_applicable,,reference_only,dev
TREND-039-2026-05,SKILL-039,2026-05,73.6,0,stable,false,模拟趋势/演示数据，不代表真实市场统计,1.1.0,synthetic,true,SRC-WEF|SRC-SYNTH,2026-09-05T00:00:00+08:00,0.72,synthetic,not_applicable,,reference_only,dev
TREND-039-2026-06,SKILL-039,2026-06,74.2,0.6,up,false,模拟趋势/演示数据，不代表真实市场统计,1.1.0,synthetic,true,SRC-WEF|SRC-SYNTH,2026-09-05T00:00:00+08:00,0.72,synthetic,not_applicable,,reference_only,dev
TREND-039-2026-07,SKILL-039,2026-07,75.2,1,up,false,模拟趋势/演示数据，不代表真实市场统计,1.1.0,synthetic,true,SRC-WEF|SRC-SYNTH,2026-09-05T00:00:00+08:00,0.72,synthetic,not_applicable,,reference_only,dev
TREND-039-2026-08,SKILL-039,2026-08,76.6,1.4,up,false,模拟趋势/演示数据，不代表真实市场统计,1.1.0,synthetic,true,SRC-WEF|SRC-SYNTH,2026-09-05T00:00:00+08:00,0.72,synthetic,not_applicable,,reference_only,dev
TREND-040-2026-03,SKILL-040,2026-03,54.9,0.5,stable,false,模拟趋势/演示数据，不代表真实市场统计,1.1.0,synthetic,true,SRC-WEF|SRC-SYNTH,2026-09-05T00:00:00+08:00,0.72,synthetic,not_applicable,,reference_only,dev
TREND-040-2026-04,SKILL-040,2026-04,55.9,1,up,false,模拟趋势/演示数据，不代表真实市场统计,1.1.0,synthetic,true,SRC-WEF|SRC-SYNTH,2026-09-05T00:00:00+08:00,0.72,synthetic,not_applicable,,reference_only,dev
TREND-040-2026-05,SKILL-040,2026-05,57.4,1.5,up,false,模拟趋势/演示数据，不代表真实市场统计,1.1.0,synthetic,true,SRC-WEF|SRC-SYNTH,2026-09-05T00:00:00+08:00,0.72,synthetic,not_applicable,,reference_only,dev
TREND-040-2026-06,SKILL-040,2026-06,59.4,2,up,false,模拟趋势/演示数据，不代表真实市场统计,1.1.0,synthetic,true,SRC-WEF|SRC-SYNTH,2026-09-05T00:00:00+08:00,0.72,synthetic,not_applicable,,reference_only,dev
TREND-040-2026-07,SKILL-040,2026-07,61.7,2.3,up,false,模拟趋势/演示数据，不代表真实市场统计,1.1.0,synthetic,true,SRC-WEF|SRC-SYNTH,2026-09-05T00:00:00+08:00,0.72,synthetic,not_applicable,,reference_only,dev
TREND-040-2026-08,SKILL-040,2026-08,64.1,2.4,up,false,模拟趋势/演示数据，不代表真实市场统计,1.1.0,synthetic,true,SRC-WEF|SRC-SYNTH,2026-09-05T00:00:00+08:00,0.72,synthetic,not_applicable,,reference_only,dev
TREND-041-2026-03,SKILL-041,2026-03,55.9,0,stable,false,模拟趋势/演示数据，不代表真实市场统计,1.1.0,synthetic,true,SRC-WEF|SRC-SYNTH,2026-09-05T00:00:00+08:00,0.72,synthetic,not_applicable,,reference_only,dev
TREND-041-2026-04,SKILL-041,2026-04,56.5,0.6,up,false,模拟趋势/演示数据，不代表真实市场统计,1.1.0,synthetic,true,SRC-WEF|SRC-SYNTH,2026-09-05T00:00:00+08:00,0.72,synthetic,not_applicable,,reference_only,dev
TREND-041-2026-05,SKILL-041,2026-05,57.5,1,up,false,模拟趋势/演示数据，不代表真实市场统计,1.1.0,synthetic,true,SRC-WEF|SRC-SYNTH,2026-09-05T00:00:00+08:00,0.72,synthetic,not_applicable,,reference_only,dev
TREND-041-2026-06,SKILL-041,2026-06,58.9,1.4,up,false,模拟趋势/演示数据，不代表真实市场统计,1.1.0,synthetic,true,SRC-WEF|SRC-SYNTH,2026-09-05T00:00:00+08:00,0.72,synthetic,not_applicable,,reference_only,dev
TREND-041-2026-07,SKILL-041,2026-07,60.3,1.4,up,false,模拟趋势/演示数据，不代表真实市场统计,1.1.0,synthetic,true,SRC-WEF|SRC-SYNTH,2026-09-05T00:00:00+08:00,0.72,synthetic,not_applicable,,reference_only,dev
TREND-041-2026-08,SKILL-041,2026-08,61.5,1.2,up,false,模拟趋势/演示数据，不代表真实市场统计,1.1.0,synthetic,true,SRC-WEF|SRC-SYNTH,2026-09-05T00:00:00+08:00,0.72,synthetic,not_applicable,,reference_only,dev
TREND-042-2026-03,SKILL-042,2026-03,63.1,0.5,stable,false,模拟趋势/演示数据，不代表真实市场统计,1.1.0,synthetic,true,SRC-WEF|SRC-SYNTH,2026-09-05T00:00:00+08:00,0.72,synthetic,not_applicable,,reference_only,dev
TREND-042-2026-04,SKILL-042,2026-04,64.1,1,up,false,模拟趋势/演示数据，不代表真实市场统计,1.1.0,synthetic,true,SRC-WEF|SRC-SYNTH,2026-09-05T00:00:00+08:00,0.72,synthetic,not_applicable,,reference_only,dev
TREND-042-2026-05,SKILL-042,2026-05,65.5,1.4,up,false,模拟趋势/演示数据，不代表真实市场统计,1.1.0,synthetic,true,SRC-WEF|SRC-SYNTH,2026-09-05T00:00:00+08:00,0.72,synthetic,not_applicable,,reference_only,dev
TREND-042-2026-06,SKILL-042,2026-06,66.9,1.4,up,false,模拟趋势/演示数据，不代表真实市场统计,1.1.0,synthetic,true,SRC-WEF|SRC-SYNTH,2026-09-05T00:00:00+08:00,0.72,synthetic,not_applicable,,reference_only,dev
TREND-042-2026-07,SKILL-042,2026-07,68.2,1.3,up,false,模拟趋势/演示数据，不代表真实市场统计,1.1.0,synthetic,true,SRC-WEF|SRC-SYNTH,2026-09-05T00:00:00+08:00,0.72,synthetic,not_applicable,,reference_only,dev
TREND-042-2026-08,SKILL-042,2026-08,69,0.8,up,false,模拟趋势/演示数据，不代表真实市场统计,1.1.0,synthetic,true,SRC-WEF|SRC-SYNTH,2026-09-05T00:00:00+08:00,0.72,synthetic,not_applicable,,reference_only,dev
TREND-043-2026-03,SKILL-043,2026-03,70.8,1,up,false,模拟趋势/演示数据，不代表真实市场统计,1.1.0,synthetic,true,SRC-WEF|SRC-SYNTH,2026-09-05T00:00:00+08:00,0.72,synthetic,not_applicable,,reference_only,dev
TREND-043-2026-04,SKILL-043,2026-04,72.2,1.4,up,false,模拟趋势/演示数据，不代表真实市场统计,1.1.0,synthetic,true,SRC-WEF|SRC-SYNTH,2026-09-05T00:00:00+08:00,0.72,synthetic,not_applicable,,reference_only,dev
TREND-043-2026-05,SKILL-043,2026-05,73.6,1.4,up,false,模拟趋势/演示数据，不代表真实市场统计,1.1.0,synthetic,true,SRC-WEF|SRC-SYNTH,2026-09-05T00:00:00+08:00,0.72,synthetic,not_applicable,,reference_only,dev
TREND-043-2026-06,SKILL-043,2026-06,74.8,1.2,up,false,模拟趋势/演示数据，不代表真实市场统计,1.1.0,synthetic,true,SRC-WEF|SRC-SYNTH,2026-09-05T00:00:00+08:00,0.72,synthetic,not_applicable,,reference_only,dev
TREND-043-2026-07,SKILL-043,2026-07,75.7,0.9,up,false,模拟趋势/演示数据，不代表真实市场统计,1.1.0,synthetic,true,SRC-WEF|SRC-SYNTH,2026-09-05T00:00:00+08:00,0.72,synthetic,not_applicable,,reference_only,dev
TREND-043-2026-08,SKILL-043,2026-08,76,0.3,stable,false,模拟趋势/演示数据，不代表真实市场统计,1.1.0,synthetic,true,SRC-WEF|SRC-SYNTH,2026-09-05T00:00:00+08:00,0.72,synthetic,not_applicable,,reference_only,dev
TREND-044-2026-03,SKILL-044,2026-03,78.8,1.4,up,false,模拟趋势/演示数据，不代表真实市场统计,1.1.0,synthetic,true,SRC-WEF|SRC-SYNTH,2026-09-05T00:00:00+08:00,0.72,synthetic,not_applicable,,reference_only,dev
TREND-044-2026-04,SKILL-044,2026-04,80.2,1.4,up,false,模拟趋势/演示数据，不代表真实市场统计,1.1.0,synthetic,true,SRC-WEF|SRC-SYNTH,2026-09-05T00:00:00+08:00,0.72,synthetic,not_applicable,,reference_only,dev
TREND-044-2026-05,SKILL-044,2026-05,81.5,1.3,up,false,模拟趋势/演示数据，不代表真实市场统计,1.1.0,synthetic,true,SRC-WEF|SRC-SYNTH,2026-09-05T00:00:00+08:00,0.72,synthetic,not_applicable,,reference_only,dev
TREND-044-2026-06,SKILL-044,2026-06,82.3,0.8,up,false,模拟趋势/演示数据，不代表真实市场统计,1.1.0,synthetic,true,SRC-WEF|SRC-SYNTH,2026-09-05T00:00:00+08:00,0.72,synthetic,not_applicable,,reference_only,dev
TREND-044-2026-07,SKILL-044,2026-07,82.6,0.3,stable,false,模拟趋势/演示数据，不代表真实市场统计,1.1.0,synthetic,true,SRC-WEF|SRC-SYNTH,2026-09-05T00:00:00+08:00,0.72,synthetic,not_applicable,,reference_only,dev
TREND-044-2026-08,SKILL-044,2026-08,82.4,-0.2,stable,false,模拟趋势/演示数据，不代表真实市场统计,1.1.0,synthetic,true,SRC-WEF|SRC-SYNTH,2026-09-05T00:00:00+08:00,0.72,synthetic,not_applicable,,reference_only,dev
TREND-045-2026-03,SKILL-045,2026-03,55.9,1.4,up,false,模拟趋势/演示数据，不代表真实市场统计,1.1.0,synthetic,true,SRC-WEF|SRC-SYNTH,2026-09-05T00:00:00+08:00,0.72,synthetic,not_applicable,,reference_only,dev
TREND-045-2026-04,SKILL-045,2026-04,57.1,1.2,up,false,模拟趋势/演示数据，不代表真实市场统计,1.1.0,synthetic,true,SRC-WEF|SRC-SYNTH,2026-09-05T00:00:00+08:00,0.72,synthetic,not_applicable,,reference_only,dev
TREND-045-2026-05,SKILL-045,2026-05,58,0.9,up,false,模拟趋势/演示数据，不代表真实市场统计,1.1.0,synthetic,true,SRC-WEF|SRC-SYNTH,2026-09-05T00:00:00+08:00,0.72,synthetic,not_applicable,,reference_only,dev
TREND-045-2026-06,SKILL-045,2026-06,58.3,0.3,stable,false,模拟趋势/演示数据，不代表真实市场统计,1.1.0,synthetic,true,SRC-WEF|SRC-SYNTH,2026-09-05T00:00:00+08:00,0.72,synthetic,not_applicable,,reference_only,dev
TREND-045-2026-07,SKILL-045,2026-07,58,-0.3,stable,false,模拟趋势/演示数据，不代表真实市场统计,1.1.0,synthetic,true,SRC-WEF|SRC-SYNTH,2026-09-05T00:00:00+08:00,0.72,synthetic,not_applicable,,reference_only,dev
TREND-045-2026-08,SKILL-045,2026-08,57.4,-0.6,down,false,模拟趋势/演示数据，不代表真实市场统计,1.1.0,synthetic,true,SRC-WEF|SRC-SYNTH,2026-09-05T00:00:00+08:00,0.72,synthetic,not_applicable,,reference_only,dev
TREND-046-2026-03,SKILL-046,2026-03,63.8,1.3,up,false,模拟趋势/演示数据，不代表真实市场统计,1.1.0,synthetic,true,SRC-WEF|SRC-SYNTH,2026-09-05T00:00:00+08:00,0.72,synthetic,not_applicable,,reference_only,dev
TREND-046-2026-04,SKILL-046,2026-04,64.6,0.8,up,false,模拟趋势/演示数据，不代表真实市场统计,1.1.0,synthetic,true,SRC-WEF|SRC-SYNTH,2026-09-05T00:00:00+08:00,0.72,synthetic,not_applicable,,reference_only,dev
TREND-046-2026-05,SKILL-046,2026-05,64.9,0.3,stable,false,模拟趋势/演示数据，不代表真实市场统计,1.1.0,synthetic,true,SRC-WEF|SRC-SYNTH,2026-09-05T00:00:00+08:00,0.72,synthetic,not_applicable,,reference_only,dev
TREND-046-2026-06,SKILL-046,2026-06,64.7,-0.2,stable,false,模拟趋势/演示数据，不代表真实市场统计,1.1.0,synthetic,true,SRC-WEF|SRC-SYNTH,2026-09-05T00:00:00+08:00,0.72,synthetic,not_applicable,,reference_only,dev
TREND-046-2026-07,SKILL-046,2026-07,64.1,-0.6,down,false,模拟趋势/演示数据，不代表真实市场统计,1.1.0,synthetic,true,SRC-WEF|SRC-SYNTH,2026-09-05T00:00:00+08:00,0.72,synthetic,not_applicable,,reference_only,dev
TREND-046-2026-08,SKILL-046,2026-08,63.4,-0.7,down,false,模拟趋势/演示数据，不代表真实市场统计,1.1.0,synthetic,true,SRC-WEF|SRC-SYNTH,2026-09-05T00:00:00+08:00,0.72,synthetic,not_applicable,,reference_only,dev
TREND-047-2026-03,SKILL-047,2026-03,71.3,0.9,up,false,模拟趋势/演示数据，不代表真实市场统计,1.1.0,synthetic,true,SRC-WEF|SRC-SYNTH,2026-09-05T00:00:00+08:00,0.72,synthetic,not_applicable,,reference_only,dev
TREND-047-2026-04,SKILL-047,2026-04,71.6,0.3,stable,false,模拟趋势/演示数据，不代表真实市场统计,1.1.0,synthetic,true,SRC-WEF|SRC-SYNTH,2026-09-05T00:00:00+08:00,0.72,synthetic,not_applicable,,reference_only,dev
TREND-047-2026-05,SKILL-047,2026-05,71.3,-0.3,stable,false,模拟趋势/演示数据，不代表真实市场统计,1.1.0,synthetic,true,SRC-WEF|SRC-SYNTH,2026-09-05T00:00:00+08:00,0.72,synthetic,not_applicable,,reference_only,dev
TREND-047-2026-06,SKILL-047,2026-06,70.7,-0.6,down,false,模拟趋势/演示数据，不代表真实市场统计,1.1.0,synthetic,true,SRC-WEF|SRC-SYNTH,2026-09-05T00:00:00+08:00,0.72,synthetic,not_applicable,,reference_only,dev
TREND-047-2026-07,SKILL-047,2026-07,70,-0.7,down,false,模拟趋势/演示数据，不代表真实市场统计,1.1.0,synthetic,true,SRC-WEF|SRC-SYNTH,2026-09-05T00:00:00+08:00,0.72,synthetic,not_applicable,,reference_only,dev
TREND-047-2026-08,SKILL-047,2026-08,69.4,-0.6,down,false,模拟趋势/演示数据，不代表真实市场统计,1.1.0,synthetic,true,SRC-WEF|SRC-SYNTH,2026-09-05T00:00:00+08:00,0.72,synthetic,not_applicable,,reference_only,dev
TREND-048-2026-03,SKILL-048,2026-03,78.2,0.3,stable,false,模拟趋势/演示数据，不代表真实市场统计,1.1.0,synthetic,true,SRC-WEF|SRC-SYNTH,2026-09-05T00:00:00+08:00,0.72,synthetic,not_applicable,,reference_only,dev
TREND-048-2026-04,SKILL-048,2026-04,78,-0.2,stable,false,模拟趋势/演示数据，不代表真实市场统计,1.1.0,synthetic,true,SRC-WEF|SRC-SYNTH,2026-09-05T00:00:00+08:00,0.72,synthetic,not_applicable,,reference_only,dev
TREND-048-2026-05,SKILL-048,2026-05,77.4,-0.6,down,false,模拟趋势/演示数据，不代表真实市场统计,1.1.0,synthetic,true,SRC-WEF|SRC-SYNTH,2026-09-05T00:00:00+08:00,0.72,synthetic,not_applicable,,reference_only,dev
TREND-048-2026-06,SKILL-048,2026-06,76.7,-0.7,down,false,模拟趋势/演示数据，不代表真实市场统计,1.1.0,synthetic,true,SRC-WEF|SRC-SYNTH,2026-09-05T00:00:00+08:00,0.72,synthetic,not_applicable,,reference_only,dev
TREND-048-2026-07,SKILL-048,2026-07,76,-0.7,down,false,模拟趋势/演示数据，不代表真实市场统计,1.1.0,synthetic,true,SRC-WEF|SRC-SYNTH,2026-09-05T00:00:00+08:00,0.72,synthetic,not_applicable,,reference_only,dev
TREND-048-2026-08,SKILL-048,2026-08,75.8,-0.2,stable,false,模拟趋势/演示数据，不代表真实市场统计,1.1.0,synthetic,true,SRC-WEF|SRC-SYNTH,2026-09-05T00:00:00+08:00,0.72,synthetic,not_applicable,,reference_only,dev
TREND-049-2026-03,SKILL-049,2026-03,53.6,-0.3,stable,false,模拟趋势/演示数据，不代表真实市场统计,1.1.0,synthetic,true,SRC-WEF|SRC-SYNTH,2026-09-05T00:00:00+08:00,0.72,synthetic,not_applicable,,reference_only,dev
TREND-049-2026-04,SKILL-049,2026-04,53,-0.6,down,false,模拟趋势/演示数据，不代表真实市场统计,1.1.0,synthetic,true,SRC-WEF|SRC-SYNTH,2026-09-05T00:00:00+08:00,0.72,synthetic,not_applicable,,reference_only,dev
TREND-049-2026-05,SKILL-049,2026-05,52.3,-0.7,down,false,模拟趋势/演示数据，不代表真实市场统计,1.1.0,synthetic,true,SRC-WEF|SRC-SYNTH,2026-09-05T00:00:00+08:00,0.72,synthetic,not_applicable,,reference_only,dev
TREND-049-2026-06,SKILL-049,2026-06,51.7,-0.6,down,false,模拟趋势/演示数据，不代表真实市场统计,1.1.0,synthetic,true,SRC-WEF|SRC-SYNTH,2026-09-05T00:00:00+08:00,0.72,synthetic,not_applicable,,reference_only,dev
TREND-049-2026-07,SKILL-049,2026-07,51.4,-0.3,stable,false,模拟趋势/演示数据，不代表真实市场统计,1.1.0,synthetic,true,SRC-WEF|SRC-SYNTH,2026-09-05T00:00:00+08:00,0.72,synthetic,not_applicable,,reference_only,dev
TREND-049-2026-08,SKILL-049,2026-08,51.7,0.3,stable,false,模拟趋势/演示数据，不代表真实市场统计,1.1.0,synthetic,true,SRC-WEF|SRC-SYNTH,2026-09-05T00:00:00+08:00,0.72,synthetic,not_applicable,,reference_only,dev
TREND-050-2026-03,SKILL-050,2026-03,65.4,0.4,stable,false,模拟趋势/演示数据，不代表真实市场统计,1.1.0,synthetic,true,SRC-WEF|SRC-SYNTH,2026-09-05T00:00:00+08:00,0.72,synthetic,not_applicable,,reference_only,dev
TREND-050-2026-04,SKILL-050,2026-04,65.6,0.2,stable,false,模拟趋势/演示数据，不代表真实市场统计,1.1.0,synthetic,true,SRC-WEF|SRC-SYNTH,2026-09-05T00:00:00+08:00,0.72,synthetic,not_applicable,,reference_only,dev
TREND-050-2026-05,SKILL-050,2026-05,65.9,0.3,stable,false,模拟趋势/演示数据，不代表真实市场统计,1.1.0,synthetic,true,SRC-WEF|SRC-SYNTH,2026-09-05T00:00:00+08:00,0.72,synthetic,not_applicable,,reference_only,dev
TREND-050-2026-06,SKILL-050,2026-06,66.6,0.7,up,false,模拟趋势/演示数据，不代表真实市场统计,1.1.0,synthetic,true,SRC-WEF|SRC-SYNTH,2026-09-05T00:00:00+08:00,0.72,synthetic,not_applicable,,reference_only,dev
TREND-050-2026-07,SKILL-050,2026-07,67.8,1.2,up,false,模拟趋势/演示数据，不代表真实市场统计,1.1.0,synthetic,true,SRC-WEF|SRC-SYNTH,2026-09-05T00:00:00+08:00,0.72,synthetic,not_applicable,,reference_only,dev
TREND-050-2026-08,SKILL-050,2026-08,69.6,1.8,up,false,模拟趋势/演示数据，不代表真实市场统计,1.1.0,synthetic,true,SRC-WEF|SRC-SYNTH,2026-09-05T00:00:00+08:00,0.72,synthetic,not_applicable,,reference_only,dev
TREND-051-2026-03,SKILL-051,2026-03,65.6,-0.7,down,false,模拟趋势/演示数据，不代表真实市场统计,1.1.0,synthetic,true,SRC-WEF|SRC-SYNTH,2026-09-05T00:00:00+08:00,0.72,synthetic,not_applicable,,reference_only,dev
TREND-051-2026-04,SKILL-051,2026-04,65,-0.6,down,false,模拟趋势/演示数据，不代表真实市场统计,1.1.0,synthetic,true,SRC-WEF|SRC-SYNTH,2026-09-05T00:00:00+08:00,0.72,synthetic,not_applicable,,reference_only,dev
TREND-051-2026-05,SKILL-051,2026-05,64.7,-0.3,stable,false,模拟趋势/演示数据，不代表真实市场统计,1.1.0,synthetic,true,SRC-WEF|SRC-SYNTH,2026-09-05T00:00:00+08:00,0.72,synthetic,not_applicable,,reference_only,dev
TREND-051-2026-06,SKILL-051,2026-06,65,0.3,stable,false,模拟趋势/演示数据，不代表真实市场统计,1.1.0,synthetic,true,SRC-WEF|SRC-SYNTH,2026-09-05T00:00:00+08:00,0.72,synthetic,not_applicable,,reference_only,dev
TREND-051-2026-07,SKILL-051,2026-07,65.8,0.8,up,false,模拟趋势/演示数据，不代表真实市场统计,1.1.0,synthetic,true,SRC-WEF|SRC-SYNTH,2026-09-05T00:00:00+08:00,0.72,synthetic,not_applicable,,reference_only,dev
TREND-051-2026-08,SKILL-051,2026-08,67,1.2,up,false,模拟趋势/演示数据，不代表真实市场统计,1.1.0,synthetic,true,SRC-WEF|SRC-SYNTH,2026-09-05T00:00:00+08:00,0.72,synthetic,not_applicable,,reference_only,dev
TREND-052-2026-03,SKILL-052,2026-03,71.6,-0.7,down,false,模拟趋势/演示数据，不代表真实市场统计,1.1.0,synthetic,true,SRC-WEF|SRC-SYNTH,2026-09-05T00:00:00+08:00,0.72,synthetic,not_applicable,,reference_only,dev
TREND-052-2026-04,SKILL-052,2026-04,71.4,-0.2,stable,false,模拟趋势/演示数据，不代表真实市场统计,1.1.0,synthetic,true,SRC-WEF|SRC-SYNTH,2026-09-05T00:00:00+08:00,0.72,synthetic,not_applicable,,reference_only,dev
TREND-052-2026-05,SKILL-052,2026-05,71.6,0.2,stable,false,模拟趋势/演示数据，不代表真实市场统计,1.1.0,synthetic,true,SRC-WEF|SRC-SYNTH,2026-09-05T00:00:00+08:00,0.72,synthetic,not_applicable,,reference_only,dev
TREND-052-2026-06,SKILL-052,2026-06,72.4,0.8,up,false,模拟趋势/演示数据，不代表真实市场统计,1.1.0,synthetic,true,SRC-WEF|SRC-SYNTH,2026-09-05T00:00:00+08:00,0.72,synthetic,not_applicable,,reference_only,dev
TREND-052-2026-07,SKILL-052,2026-07,73.6,1.2,up,false,模拟趋势/演示数据，不代表真实市场统计,1.1.0,synthetic,true,SRC-WEF|SRC-SYNTH,2026-09-05T00:00:00+08:00,0.72,synthetic,not_applicable,,reference_only,dev
TREND-052-2026-08,SKILL-052,2026-08,75,1.4,up,false,模拟趋势/演示数据，不代表真实市场统计,1.1.0,synthetic,true,SRC-WEF|SRC-SYNTH,2026-09-05T00:00:00+08:00,0.72,synthetic,not_applicable,,reference_only,dev
TREND-053-2026-03,SKILL-053,2026-03,78,-0.3,stable,false,模拟趋势/演示数据，不代表真实市场统计,1.1.0,synthetic,true,SRC-WEF|SRC-SYNTH,2026-09-05T00:00:00+08:00,0.72,synthetic,not_applicable,,reference_only,dev
TREND-053-2026-04,SKILL-053,2026-04,78.3,0.3,stable,false,模拟趋势/演示数据，不代表真实市场统计,1.1.0,synthetic,true,SRC-WEF|SRC-SYNTH,2026-09-05T00:00:00+08:00,0.72,synthetic,not_applicable,,reference_only,dev
TREND-053-2026-05,SKILL-053,2026-05,79.1,0.8,up,false,模拟趋势/演示数据，不代表真实市场统计,1.1.0,synthetic,true,SRC-WEF|SRC-SYNTH,2026-09-05T00:00:00+08:00,0.72,synthetic,not_applicable,,reference_only,dev
TREND-053-2026-06,SKILL-053,2026-06,80.3,1.2,up,false,模拟趋势/演示数据，不代表真实市场统计,1.1.0,synthetic,true,SRC-WEF|SRC-SYNTH,2026-09-05T00:00:00+08:00,0.72,synthetic,not_applicable,,reference_only,dev
TREND-053-2026-07,SKILL-053,2026-07,81.7,1.4,up,false,模拟趋势/演示数据，不代表真实市场统计,1.1.0,synthetic,true,SRC-WEF|SRC-SYNTH,2026-09-05T00:00:00+08:00,0.72,synthetic,not_applicable,,reference_only,dev
TREND-053-2026-08,SKILL-053,2026-08,83.1,1.4,up,false,模拟趋势/演示数据，不代表真实市场统计,1.1.0,synthetic,true,SRC-WEF|SRC-SYNTH,2026-09-05T00:00:00+08:00,0.72,synthetic,not_applicable,,reference_only,dev
TREND-054-2026-03,SKILL-054,2026-03,53.9,0.2,stable,false,模拟趋势/演示数据，不代表真实市场统计,1.1.0,synthetic,true,SRC-WEF|SRC-SYNTH,2026-09-05T00:00:00+08:00,0.72,synthetic,not_applicable,,reference_only,dev
TREND-054-2026-04,SKILL-054,2026-04,54.7,0.8,up,false,模拟趋势/演示数据，不代表真实市场统计,1.1.0,synthetic,true,SRC-WEF|SRC-SYNTH,2026-09-05T00:00:00+08:00,0.72,synthetic,not_applicable,,reference_only,dev
TREND-054-2026-05,SKILL-054,2026-05,55.9,1.2,up,false,模拟趋势/演示数据，不代表真实市场统计,1.1.0,synthetic,true,SRC-WEF|SRC-SYNTH,2026-09-05T00:00:00+08:00,0.72,synthetic,not_applicable,,reference_only,dev
TREND-054-2026-06,SKILL-054,2026-06,57.3,1.4,up,false,模拟趋势/演示数据，不代表真实市场统计,1.1.0,synthetic,true,SRC-WEF|SRC-SYNTH,2026-09-05T00:00:00+08:00,0.72,synthetic,not_applicable,,reference_only,dev
TREND-054-2026-07,SKILL-054,2026-07,58.7,1.4,up,false,模拟趋势/演示数据，不代表真实市场统计,1.1.0,synthetic,true,SRC-WEF|SRC-SYNTH,2026-09-05T00:00:00+08:00,0.72,synthetic,not_applicable,,reference_only,dev
TREND-054-2026-08,SKILL-054,2026-08,59.8,1.1,up,false,模拟趋势/演示数据，不代表真实市场统计,1.1.0,synthetic,true,SRC-WEF|SRC-SYNTH,2026-09-05T00:00:00+08:00,0.72,synthetic,not_applicable,,reference_only,dev
TREND-055-2026-03,SKILL-055,2026-03,61.4,0.8,up,false,模拟趋势/演示数据，不代表真实市场统计,1.1.0,synthetic,true,SRC-WEF|SRC-SYNTH,2026-09-05T00:00:00+08:00,0.72,synthetic,not_applicable,,reference_only,dev
TREND-055-2026-04,SKILL-055,2026-04,62.6,1.2,up,false,模拟趋势/演示数据，不代表真实市场统计,1.1.0,synthetic,true,SRC-WEF|SRC-SYNTH,2026-09-05T00:00:00+08:00,0.72,synthetic,not_applicable,,reference_only,dev
TREND-055-2026-05,SKILL-055,2026-05,64,1.4,up,false,模拟趋势/演示数据，不代表真实市场统计,1.1.0,synthetic,true,SRC-WEF|SRC-SYNTH,2026-09-05T00:00:00+08:00,0.72,synthetic,not_applicable,,reference_only,dev
TREND-055-2026-06,SKILL-055,2026-06,65.4,1.4,up,false,模拟趋势/演示数据，不代表真实市场统计,1.1.0,synthetic,true,SRC-WEF|SRC-SYNTH,2026-09-05T00:00:00+08:00,0.72,synthetic,not_applicable,,reference_only,dev
TREND-055-2026-07,SKILL-055,2026-07,66.4,1,up,false,模拟趋势/演示数据，不代表真实市场统计,1.1.0,synthetic,true,SRC-WEF|SRC-SYNTH,2026-09-05T00:00:00+08:00,0.72,synthetic,not_applicable,,reference_only,dev
TREND-055-2026-08,SKILL-055,2026-08,67,0.6,up,false,模拟趋势/演示数据，不代表真实市场统计,1.1.0,synthetic,true,SRC-WEF|SRC-SYNTH,2026-09-05T00:00:00+08:00,0.72,synthetic,not_applicable,,reference_only,dev
TREND-056-2026-03,SKILL-056,2026-03,69.2,1.2,up,false,模拟趋势/演示数据，不代表真实市场统计,1.1.0,synthetic,true,SRC-WEF|SRC-SYNTH,2026-09-05T00:00:00+08:00,0.72,synthetic,not_applicable,,reference_only,dev
TREND-056-2026-04,SKILL-056,2026-04,70.6,1.4,up,false,模拟趋势/演示数据，不代表真实市场统计,1.1.0,synthetic,true,SRC-WEF|SRC-SYNTH,2026-09-05T00:00:00+08:00,0.72,synthetic,not_applicable,,reference_only,dev
TREND-056-2026-05,SKILL-056,2026-05,72,1.4,up,false,模拟趋势/演示数据，不代表真实市场统计,1.1.0,synthetic,true,SRC-WEF|SRC-SYNTH,2026-09-05T00:00:00+08:00,0.72,synthetic,not_applicable,,reference_only,dev
TREND-056-2026-06,SKILL-056,2026-06,73.1,1.1,up,false,模拟趋势/演示数据，不代表真实市场统计,1.1.0,synthetic,true,SRC-WEF|SRC-SYNTH,2026-09-05T00:00:00+08:00,0.72,synthetic,not_applicable,,reference_only,dev
TREND-056-2026-07,SKILL-056,2026-07,73.7,0.6,up,false,模拟趋势/演示数据，不代表真实市场统计,1.1.0,synthetic,true,SRC-WEF|SRC-SYNTH,2026-09-05T00:00:00+08:00,0.72,synthetic,not_applicable,,reference_only,dev
TREND-056-2026-08,SKILL-056,2026-08,73.8,0.1,stable,false,模拟趋势/演示数据，不代表真实市场统计,1.1.0,synthetic,true,SRC-WEF|SRC-SYNTH,2026-09-05T00:00:00+08:00,0.72,synthetic,not_applicable,,reference_only,dev
TREND-057-2026-03,SKILL-057,2026-03,77.3,1.4,up,false,模拟趋势/演示数据，不代表真实市场统计,1.1.0,synthetic,true,SRC-WEF|SRC-SYNTH,2026-09-05T00:00:00+08:00,0.72,synthetic,not_applicable,,reference_only,dev
TREND-057-2026-04,SKILL-057,2026-04,78.7,1.4,up,false,模拟趋势/演示数据，不代表真实市场统计,1.1.0,synthetic,true,SRC-WEF|SRC-SYNTH,2026-09-05T00:00:00+08:00,0.72,synthetic,not_applicable,,reference_only,dev
TREND-057-2026-05,SKILL-057,2026-05,79.7,1,up,false,模拟趋势/演示数据，不代表真实市场统计,1.1.0,synthetic,true,SRC-WEF|SRC-SYNTH,2026-09-05T00:00:00+08:00,0.72,synthetic,not_applicable,,reference_only,dev
TREND-057-2026-06,SKILL-057,2026-06,80.3,0.6,up,false,模拟趋势/演示数据，不代表真实市场统计,1.1.0,synthetic,true,SRC-WEF|SRC-SYNTH,2026-09-05T00:00:00+08:00,0.72,synthetic,not_applicable,,reference_only,dev
TREND-057-2026-07,SKILL-057,2026-07,80.4,0.1,stable,false,模拟趋势/演示数据，不代表真实市场统计,1.1.0,synthetic,true,SRC-WEF|SRC-SYNTH,2026-09-05T00:00:00+08:00,0.72,synthetic,not_applicable,,reference_only,dev
TREND-057-2026-08,SKILL-057,2026-08,80,-0.4,stable,false,模拟趋势/演示数据，不代表真实市场统计,1.1.0,synthetic,true,SRC-WEF|SRC-SYNTH,2026-09-05T00:00:00+08:00,0.72,synthetic,not_applicable,,reference_only,dev
TREND-058-2026-03,SKILL-058,2026-03,54.3,1.4,up,false,模拟趋势/演示数据，不代表真实市场统计,1.1.0,synthetic,true,SRC-WEF|SRC-SYNTH,2026-09-05T00:00:00+08:00,0.72,synthetic,not_applicable,,reference_only,dev
TREND-058-2026-04,SKILL-058,2026-04,55.4,1.1,up,false,模拟趋势/演示数据，不代表真实市场统计,1.1.0,synthetic,true,SRC-WEF|SRC-SYNTH,2026-09-05T00:00:00+08:00,0.72,synthetic,not_applicable,,reference_only,dev
TREND-058-2026-05,SKILL-058,2026-05,56,0.6,up,false,模拟趋势/演示数据，不代表真实市场统计,1.1.0,synthetic,true,SRC-WEF|SRC-SYNTH,2026-09-05T00:00:00+08:00,0.72,synthetic,not_applicable,,reference_only,dev
TREND-058-2026-06,SKILL-058,2026-06,56.1,0.1,stable,false,模拟趋势/演示数据，不代表真实市场统计,1.1.0,synthetic,true,SRC-WEF|SRC-SYNTH,2026-09-05T00:00:00+08:00,0.72,synthetic,not_applicable,,reference_only,dev
TREND-058-2026-07,SKILL-058,2026-07,55.7,-0.4,stable,false,模拟趋势/演示数据，不代表真实市场统计,1.1.0,synthetic,true,SRC-WEF|SRC-SYNTH,2026-09-05T00:00:00+08:00,0.72,synthetic,not_applicable,,reference_only,dev
TREND-058-2026-08,SKILL-058,2026-08,55,-0.7,down,false,模拟趋势/演示数据，不代表真实市场统计,1.1.0,synthetic,true,SRC-WEF|SRC-SYNTH,2026-09-05T00:00:00+08:00,0.72,synthetic,not_applicable,,reference_only,dev
TREND-059-2026-03,SKILL-059,2026-03,62,1,up,false,模拟趋势/演示数据，不代表真实市场统计,1.1.0,synthetic,true,SRC-WEF|SRC-SYNTH,2026-09-05T00:00:00+08:00,0.72,synthetic,not_applicable,,reference_only,dev
TREND-059-2026-04,SKILL-059,2026-04,62.6,0.6,up,false,模拟趋势/演示数据，不代表真实市场统计,1.1.0,synthetic,true,SRC-WEF|SRC-SYNTH,2026-09-05T00:00:00+08:00,0.72,synthetic,not_applicable,,reference_only,dev
TREND-059-2026-05,SKILL-059,2026-05,62.7,0.1,stable,false,模拟趋势/演示数据，不代表真实市场统计,1.1.0,synthetic,true,SRC-WEF|SRC-SYNTH,2026-09-05T00:00:00+08:00,0.72,synthetic,not_applicable,,reference_only,dev
TREND-059-2026-06,SKILL-059,2026-06,62.3,-0.4,stable,false,模拟趋势/演示数据，不代表真实市场统计,1.1.0,synthetic,true,SRC-WEF|SRC-SYNTH,2026-09-05T00:00:00+08:00,0.72,synthetic,not_applicable,,reference_only,dev
TREND-059-2026-07,SKILL-059,2026-07,61.6,-0.7,down,false,模拟趋势/演示数据，不代表真实市场统计,1.1.0,synthetic,true,SRC-WEF|SRC-SYNTH,2026-09-05T00:00:00+08:00,0.72,synthetic,not_applicable,,reference_only,dev
TREND-059-2026-08,SKILL-059,2026-08,60.9,-0.7,down,false,模拟趋势/演示数据，不代表真实市场统计,1.1.0,synthetic,true,SRC-WEF|SRC-SYNTH,2026-09-05T00:00:00+08:00,0.72,synthetic,not_applicable,,reference_only,dev
TREND-060-2026-03,SKILL-060,2026-03,69.3,0.6,up,false,模拟趋势/演示数据，不代表真实市场统计,1.1.0,synthetic,true,SRC-WEF|SRC-SYNTH,2026-09-05T00:00:00+08:00,0.72,synthetic,not_applicable,,reference_only,dev
TREND-060-2026-04,SKILL-060,2026-04,69.4,0.1,stable,false,模拟趋势/演示数据，不代表真实市场统计,1.1.0,synthetic,true,SRC-WEF|SRC-SYNTH,2026-09-05T00:00:00+08:00,0.72,synthetic,not_applicable,,reference_only,dev
TREND-060-2026-05,SKILL-060,2026-05,69,-0.4,stable,false,模拟趋势/演示数据，不代表真实市场统计,1.1.0,synthetic,true,SRC-WEF|SRC-SYNTH,2026-09-05T00:00:00+08:00,0.72,synthetic,not_applicable,,reference_only,dev
TREND-060-2026-06,SKILL-060,2026-06,68.3,-0.7,down,false,模拟趋势/演示数据，不代表真实市场统计,1.1.0,synthetic,true,SRC-WEF|SRC-SYNTH,2026-09-05T00:00:00+08:00,0.72,synthetic,not_applicable,,reference_only,dev
TREND-060-2026-07,SKILL-060,2026-07,67.6,-0.7,down,false,模拟趋势/演示数据，不代表真实市场统计,1.1.0,synthetic,true,SRC-WEF|SRC-SYNTH,2026-09-05T00:00:00+08:00,0.72,synthetic,not_applicable,,reference_only,dev
TREND-060-2026-08,SKILL-060,2026-08,67.1,-0.5,stable,false,模拟趋势/演示数据，不代表真实市场统计,1.1.0,synthetic,true,SRC-WEF|SRC-SYNTH,2026-09-05T00:00:00+08:00,0.72,synthetic,not_applicable,,reference_only,dev
