event_id,user_id,event_type,event_time,skill_id,resource_id,job_id,score_delta,status,sentiment,user_state,risk_level,detail,schema_version,origin,is_synthetic,source_ids,generated_at,confidence,claim_level,verification_status,last_verified_at,license_scope,is_market_fact,data_split
EVT-G001-01,USER-G001,onboarding,2024-10-10T16:00:00Z,,,,0,completed,neutral,active,low,完成基础信息和学习约束录入,1.1.0,synthetic,true,SRC-SYNTH,2026-09-05T00:00:00+08:00,0.9,synthetic,not_applicable,,team_generated,false,golden
EVT-G001-02,USER-G001,skill_assessment,2024-10-27T16:00:00Z,SKILL-058,,,3,completed,positive,progressing,low,完成能力测评并生成可解释证据,1.1.0,synthetic,true,SRC-SYNTH,2026-09-05T00:00:00+08:00,0.9,synthetic,not_applicable,,team_generated,false,golden
EVT-G001-03,USER-G001,course_started,2024-11-13T16:00:00Z,SKILL-002,RES-0122,,0,completed,neutral,active,low,开始一项与目标能力相关的课程,1.1.0,synthetic,true,SRC-SYNTH,2026-09-05T00:00:00+08:00,0.9,synthetic,not_applicable,,team_generated,false,golden
EVT-G001-04,USER-G001,task_completed,2024-11-30T16:00:00Z,SKILL-017,RES-0137,,2,completed,positive,progressing,low,完成本周学习任务,1.1.0,synthetic,true,SRC-SYNTH,2026-09-05T00:00:00+08:00,0.9,synthetic,not_applicable,,team_generated,false,golden
EVT-G001-05,USER-G001,skill_practice,2024-12-17T16:00:00Z,SKILL-020,RES-0133,,2,completed,positive,progressing,low,完成技能练习并记录反思,1.1.0,synthetic,true,SRC-SYNTH,2026-09-05T00:00:00+08:00,0.9,synthetic,not_applicable,,team_generated,false,golden
EVT-G001-06,USER-G001,course_completed,2025-01-03T16:00:00Z,SKILL-023,RES-0002,,6,completed,positive,progressing,low,完成课程并提交学习总结,1.1.0,synthetic,true,SRC-SYNTH,2026-09-05T00:00:00+08:00,0.9,synthetic,not_applicable,,team_generated,false,golden
EVT-G001-07,USER-G001,project_started,2025-01-20T16:00:00Z,SKILL-033,RES-0026,,0,completed,neutral,active,low,启动实践项目并确认里程碑,1.1.0,synthetic,true,SRC-SYNTH,2026-09-05T00:00:00+08:00,0.9,synthetic,not_applicable,,team_generated,false,golden
EVT-G001-08,USER-G001,job_viewed,2025-02-06T16:00:00Z,,,JOB-AI-ALG-0008,0,completed,neutral,active,low,查看目标岗位及能力要求,1.1.0,synthetic,true,SRC-SYNTH,2026-09-05T00:00:00+08:00,0.9,synthetic,not_applicable,,team_generated,false,golden
EVT-G001-09,USER-G001,feedback_submitted,2025-02-23T16:00:00Z,SKILL-002,,,0,completed,neutral,active,low,提交计划难度和推荐相关性反馈,1.1.0,synthetic,true,SRC-SYNTH,2026-09-05T00:00:00+08:00,0.9,synthetic,not_applicable,,team_generated,false,golden
EVT-G001-10,USER-G001,task_completed,2025-03-12T16:00:00Z,SKILL-017,RES-0130,,2,completed,positive,progressing,low,完成本周学习任务,1.1.0,synthetic,true,SRC-SYNTH,2026-09-05T00:00:00+08:00,0.9,synthetic,not_applicable,,team_generated,false,golden
EVT-G001-11,USER-G001,project_completed,2025-03-29T16:00:00Z,SKILL-020,RES-0133,,8,completed,positive,progressing,low,完成项目、说明文档和复盘,1.1.0,synthetic,true,SRC-SYNTH,2026-09-05T00:00:00+08:00,0.9,synthetic,not_applicable,,team_generated,false,golden
EVT-G001-12,USER-G001,profile_recalculated,2025-04-15T16:00:00Z,SKILL-023,,,0,completed,neutral,active,low,根据新证据重算画像与岗位匹配度,1.1.0,synthetic,true,SRC-SYNTH,2026-09-05T00:00:00+08:00,0.9,synthetic,not_applicable,,team_generated,false,golden
EVT-G001-13,USER-G001,job_saved,2025-05-02T16:00:00Z,,,JOB-AI-ALG-0013,0,completed,neutral,active,low,收藏一个模拟目标岗位,1.1.0,synthetic,true,SRC-SYNTH,2026-09-05T00:00:00+08:00,0.9,synthetic,not_applicable,,team_generated,false,golden
EVT-G001-14,USER-G001,application_submitted,2025-05-19T16:00:00Z,,,JOB-AI-ALG-0014,0,completed,neutral,active,low,向模拟岗位提交申请,1.1.0,synthetic,true,SRC-SYNTH,2026-09-05T00:00:00+08:00,0.9,synthetic,not_applicable,,team_generated,false,golden
EVT-G001-15,USER-G001,interview_result,2025-06-05T16:00:00Z,,,JOB-AI-ALG-0015,0,completed,disappointed,active,low,记录模拟面试反馈,1.1.0,synthetic,true,SRC-SYNTH,2026-09-05T00:00:00+08:00,0.9,synthetic,not_applicable,,team_generated,false,golden
EVT-G001-16,USER-G001,plan_adjusted,2025-06-22T16:00:00Z,SKILL-017,,,0,completed,neutral,plan_rebalanced,low,根据时间和反馈调整学习计划,1.1.0,synthetic,true,SRC-SYNTH,2026-09-05T00:00:00+08:00,0.9,synthetic,not_applicable,,team_generated,false,golden
EVT-G001-17,USER-G001,skill_practice,2025-07-09T16:00:00Z,SKILL-020,RES-0133,,2,completed,positive,progressing,low,完成技能练习并记录反思,1.1.0,synthetic,true,SRC-SYNTH,2026-09-05T00:00:00+08:00,0.9,synthetic,not_applicable,,team_generated,false,golden
EVT-G001-18,USER-G001,inactivity,2025-07-26T16:00:00Z,SKILL-023,,,-4,attention_needed,frustrated,learning_stalled,medium,超过设定周期未产生学习证据，触发技能衰减,1.1.0,synthetic,true,SRC-SYNTH,2026-09-05T00:00:00+08:00,0.9,synthetic,not_applicable,,team_generated,false,golden
EVT-G001-19,USER-G001,reminder_response,2025-08-12T16:00:00Z,SKILL-033,,,0,completed,neutral,active,low,响应任务提醒并更新完成状态,1.1.0,synthetic,true,SRC-SYNTH,2026-09-05T00:00:00+08:00,0.9,synthetic,not_applicable,,team_generated,false,golden
EVT-G001-20,USER-G001,profile_recalculated,2025-08-29T16:00:00Z,SKILL-058,,,0,completed,neutral,active,low,根据新证据重算画像与岗位匹配度,1.1.0,synthetic,true,SRC-SYNTH,2026-09-05T00:00:00+08:00,0.9,synthetic,not_applicable,,team_generated,false,golden
EVT-G001-21,USER-G001,onboarding,2025-09-15T16:00:00Z,,,,0,completed,neutral,active,low,完成基础信息和学习约束录入,1.1.0,synthetic,true,SRC-SYNTH,2026-09-05T00:00:00+08:00,0.9,synthetic,not_applicable,,team_generated,false,golden
EVT-G001-22,USER-G001,skill_assessment,2025-10-02T16:00:00Z,SKILL-017,,,3,completed,positive,progressing,low,完成能力测评并生成可解释证据,1.1.0,synthetic,true,SRC-SYNTH,2026-09-05T00:00:00+08:00,0.9,synthetic,not_applicable,,team_generated,false,golden
EVT-G001-23,USER-G001,course_started,2025-10-19T16:00:00Z,SKILL-020,RES-0133,,0,completed,neutral,active,low,开始一项与目标能力相关的课程,1.1.0,synthetic,true,SRC-SYNTH,2026-09-05T00:00:00+08:00,0.9,synthetic,not_applicable,,team_generated,false,golden
EVT-G001-24,USER-G001,task_completed,2025-11-05T16:00:00Z,SKILL-023,RES-0005,,2,completed,positive,progressing,low,完成本周学习任务,1.1.0,synthetic,true,SRC-SYNTH,2026-09-05T00:00:00+08:00,0.9,synthetic,not_applicable,,team_generated,false,golden
EVT-G001-25,USER-G001,skill_practice,2025-11-22T16:00:00Z,SKILL-033,RES-0026,,2,completed,positive,progressing,low,完成技能练习并记录反思,1.1.0,synthetic,true,SRC-SYNTH,2026-09-05T00:00:00+08:00,0.9,synthetic,not_applicable,,team_generated,false,golden
EVT-G001-26,USER-G001,course_completed,2025-12-09T16:00:00Z,SKILL-058,RES-0001,,6,completed,positive,progressing,low,完成课程并提交学习总结,1.1.0,synthetic,true,SRC-SYNTH,2026-09-05T00:00:00+08:00,0.9,synthetic,not_applicable,,team_generated,false,golden
EVT-G001-27,USER-G001,project_started,2025-12-26T16:00:00Z,SKILL-002,RES-0122,,0,completed,neutral,active,low,启动实践项目并确认里程碑,1.1.0,synthetic,true,SRC-SYNTH,2026-09-05T00:00:00+08:00,0.9,synthetic,not_applicable,,team_generated,false,golden
EVT-G001-28,USER-G001,job_viewed,2026-01-12T16:00:00Z,,,JOB-AI-ALG-0008,0,completed,neutral,active,low,查看目标岗位及能力要求,1.1.0,synthetic,true,SRC-SYNTH,2026-09-05T00:00:00+08:00,0.9,synthetic,not_applicable,,team_generated,false,golden
EVT-G001-29,USER-G001,feedback_submitted,2026-01-29T16:00:00Z,SKILL-020,,,0,completed,neutral,active,low,提交计划难度和推荐相关性反馈,1.1.0,synthetic,true,SRC-SYNTH,2026-09-05T00:00:00+08:00,0.9,synthetic,not_applicable,,team_generated,false,golden
EVT-G001-30,USER-G001,task_completed,2026-02-15T16:00:00Z,SKILL-023,RES-0143,,2,completed,positive,progressing,low,完成本周学习任务,1.1.0,synthetic,true,SRC-SYNTH,2026-09-05T00:00:00+08:00,0.9,synthetic,not_applicable,,team_generated,false,golden
EVT-G002-01,USER-G002,onboarding,2024-10-10T16:00:00Z,,,,0,completed,neutral,active,low,完成基础信息和学习约束录入,1.1.0,synthetic,true,SRC-SYNTH,2026-09-05T00:00:00+08:00,0.9,synthetic,not_applicable,,team_generated,false,golden
EVT-G002-02,USER-G002,skill_assessment,2024-10-27T16:00:00Z,SKILL-050,,,3,completed,positive,progressing,low,完成能力测评并生成可解释证据,1.1.0,synthetic,true,SRC-SYNTH,2026-09-05T00:00:00+08:00,0.9,synthetic,not_applicable,,team_generated,false,golden
EVT-G002-03,USER-G002,course_started,2024-11-13T16:00:00Z,SKILL-008,RES-0121,,0,completed,neutral,active,low,开始一项与目标能力相关的课程,1.1.0,synthetic,true,SRC-SYNTH,2026-09-05T00:00:00+08:00,0.9,synthetic,not_applicable,,team_generated,false,golden
EVT-G002-04,USER-G002,task_completed,2024-11-30T16:00:00Z,SKILL-026,RES-0006,,2,completed,positive,progressing,low,完成本周学习任务,1.1.0,synthetic,true,SRC-SYNTH,2026-09-05T00:00:00+08:00,0.9,synthetic,not_applicable,,team_generated,false,golden
EVT-G002-05,USER-G002,skill_practice,2024-12-17T16:00:00Z,SKILL-029,RES-0029,,2,completed,positive,progressing,low,完成技能练习并记录反思,1.1.0,synthetic,true,SRC-SYNTH,2026-09-05T00:00:00+08:00,0.9,synthetic,not_applicable,,team_generated,false,golden
EVT-G002-06,USER-G002,course_completed,2025-01-03T16:00:00Z,SKILL-035,RES-0028,,6,completed,positive,progressing,low,完成课程并提交学习总结,1.1.0,synthetic,true,SRC-SYNTH,2026-09-05T00:00:00+08:00,0.9,synthetic,not_applicable,,team_generated,false,golden
EVT-G002-07,USER-G002,project_started,2025-01-20T16:00:00Z,SKILL-038,RES-0031,,0,completed,neutral,active,low,启动实践项目并确认里程碑,1.1.0,synthetic,true,SRC-SYNTH,2026-09-05T00:00:00+08:00,0.9,synthetic,not_applicable,,team_generated,false,golden
EVT-G002-08,USER-G002,job_viewed,2025-02-06T16:00:00Z,,,JOB-AI-APP-0008,0,completed,neutral,active,low,查看目标岗位及能力要求,1.1.0,synthetic,true,SRC-SYNTH,2026-09-05T00:00:00+08:00,0.9,synthetic,not_applicable,,team_generated,false,golden
EVT-G002-09,USER-G002,feedback_submitted,2025-02-23T16:00:00Z,SKILL-008,,,0,completed,neutral,active,low,提交计划难度和推荐相关性反馈,1.1.0,synthetic,true,SRC-SYNTH,2026-09-05T00:00:00+08:00,0.9,synthetic,not_applicable,,team_generated,false,golden
EVT-G002-10,USER-G002,task_completed,2025-03-12T16:00:00Z,SKILL-026,RES-0006,,2,completed,positive,progressing,low,完成本周学习任务,1.1.0,synthetic,true,SRC-SYNTH,2026-09-05T00:00:00+08:00,0.9,synthetic,not_applicable,,team_generated,false,golden
EVT-G002-11,USER-G002,project_completed,2025-03-29T16:00:00Z,SKILL-029,RES-0029,,8,completed,positive,progressing,low,完成项目、说明文档和复盘,1.1.0,synthetic,true,SRC-SYNTH,2026-09-05T00:00:00+08:00,0.9,synthetic,not_applicable,,team_generated,false,golden
EVT-G002-12,USER-G002,profile_recalculated,2025-04-15T16:00:00Z,SKILL-035,,,0,completed,neutral,active,low,根据新证据重算画像与岗位匹配度,1.1.0,synthetic,true,SRC-SYNTH,2026-09-05T00:00:00+08:00,0.9,synthetic,not_applicable,,team_generated,false,golden
EVT-G002-13,USER-G002,job_saved,2025-05-02T16:00:00Z,,,JOB-AI-APP-0013,0,completed,neutral,active,low,收藏一个模拟目标岗位,1.1.0,synthetic,true,SRC-SYNTH,2026-09-05T00:00:00+08:00,0.9,synthetic,not_applicable,,team_generated,false,golden
EVT-G002-14,USER-G002,application_submitted,2025-05-19T16:00:00Z,,,JOB-AI-APP-0014,0,completed,neutral,active,low,向模拟岗位提交申请,1.1.0,synthetic,true,SRC-SYNTH,2026-09-05T00:00:00+08:00,0.9,synthetic,not_applicable,,team_generated,false,golden
EVT-G002-15,USER-G002,interview_result,2025-06-05T16:00:00Z,,,JOB-AI-APP-0015,0,completed,disappointed,active,low,记录模拟面试反馈,1.1.0,synthetic,true,SRC-SYNTH,2026-09-05T00:00:00+08:00,0.9,synthetic,not_applicable,,team_generated,false,golden
EVT-G002-16,USER-G002,plan_adjusted,2025-06-22T16:00:00Z,SKILL-026,,,0,completed,neutral,plan_rebalanced,low,根据时间和反馈调整学习计划,1.1.0,synthetic,true,SRC-SYNTH,2026-09-05T00:00:00+08:00,0.9,synthetic,not_applicable,,team_generated,false,golden
EVT-G002-17,USER-G002,skill_practice,2025-07-09T16:00:00Z,SKILL-029,RES-0029,,2,completed,positive,progressing,low,完成技能练习并记录反思,1.1.0,synthetic,true,SRC-SYNTH,2026-09-05T00:00:00+08:00,0.9,synthetic,not_applicable,,team_generated,false,golden
EVT-G002-18,USER-G002,inactivity,2025-07-26T16:00:00Z,SKILL-035,,,-4,attention_needed,frustrated,learning_stalled,medium,超过设定周期未产生学习证据，触发技能衰减,1.1.0,synthetic,true,SRC-SYNTH,2026-09-05T00:00:00+08:00,0.9,synthetic,not_applicable,,team_generated,false,golden
EVT-G002-19,USER-G002,reminder_response,2025-08-12T16:00:00Z,SKILL-038,,,0,completed,neutral,active,low,响应任务提醒并更新完成状态,1.1.0,synthetic,true,SRC-SYNTH,2026-09-05T00:00:00+08:00,0.9,synthetic,not_applicable,,team_generated,false,golden
EVT-G002-20,USER-G002,profile_recalculated,2025-08-29T16:00:00Z,SKILL-050,,,0,completed,neutral,active,low,根据新证据重算画像与岗位匹配度,1.1.0,synthetic,true,SRC-SYNTH,2026-09-05T00:00:00+08:00,0.9,synthetic,not_applicable,,team_generated,false,golden
EVT-G002-21,USER-G002,onboarding,2025-09-15T16:00:00Z,,,,0,completed,neutral,active,low,完成基础信息和学习约束录入,1.1.0,synthetic,true,SRC-SYNTH,2026-09-05T00:00:00+08:00,0.9,synthetic,not_applicable,,team_generated,false,golden
EVT-G002-22,USER-G002,skill_assessment,2025-10-02T16:00:00Z,SKILL-026,,,3,completed,positive,progressing,low,完成能力测评并生成可解释证据,1.1.0,synthetic,true,SRC-SYNTH,2026-09-05T00:00:00+08:00,0.9,synthetic,not_applicable,,team_generated,false,golden
EVT-G002-23,USER-G002,course_started,2025-10-19T16:00:00Z,SKILL-029,RES-0029,,0,completed,neutral,active,low,开始一项与目标能力相关的课程,1.1.0,synthetic,true,SRC-SYNTH,2026-09-05T00:00:00+08:00,0.9,synthetic,not_applicable,,team_generated,false,golden
EVT-G002-24,USER-G002,task_completed,2025-11-05T16:00:00Z,SKILL-035,RES-0028,,2,completed,positive,progressing,low,完成本周学习任务,1.1.0,synthetic,true,SRC-SYNTH,2026-09-05T00:00:00+08:00,0.9,synthetic,not_applicable,,team_generated,false,golden
EVT-G002-25,USER-G002,skill_practice,2025-11-22T16:00:00Z,SKILL-038,RES-0031,,2,completed,positive,progressing,low,完成技能练习并记录反思,1.1.0,synthetic,true,SRC-SYNTH,2026-09-05T00:00:00+08:00,0.9,synthetic,not_applicable,,team_generated,false,golden
EVT-G002-26,USER-G002,course_completed,2025-12-09T16:00:00Z,SKILL-050,RES-0001,,6,completed,positive,progressing,low,完成课程并提交学习总结,1.1.0,synthetic,true,SRC-SYNTH,2026-09-05T00:00:00+08:00,0.9,synthetic,not_applicable,,team_generated,false,golden
EVT-G002-27,USER-G002,project_started,2025-12-26T16:00:00Z,SKILL-008,RES-0128,,0,completed,neutral,active,low,启动实践项目并确认里程碑,1.1.0,synthetic,true,SRC-SYNTH,2026-09-05T00:00:00+08:00,0.9,synthetic,not_applicable,,team_generated,false,golden
EVT-G002-28,USER-G002,job_viewed,2026-01-12T16:00:00Z,,,JOB-AI-APP-0008,0,completed,neutral,active,low,查看目标岗位及能力要求,1.1.0,synthetic,true,SRC-SYNTH,2026-09-05T00:00:00+08:00,0.9,synthetic,not_applicable,,team_generated,false,golden
EVT-G002-29,USER-G002,feedback_submitted,2026-01-29T16:00:00Z,SKILL-029,,,0,completed,neutral,active,low,提交计划难度和推荐相关性反馈,1.1.0,synthetic,true,SRC-SYNTH,2026-09-05T00:00:00+08:00,0.9,synthetic,not_applicable,,team_generated,false,golden
EVT-G002-30,USER-G002,task_completed,2026-02-15T16:00:00Z,SKILL-035,RES-0028,,2,completed,positive,progressing,low,完成本周学习任务,1.1.0,synthetic,true,SRC-SYNTH,2026-09-05T00:00:00+08:00,0.9,synthetic,not_applicable,,team_generated,false,golden
EVT-G003-01,USER-G003,onboarding,2024-10-10T16:00:00Z,,,,0,completed,neutral,active,low,完成基础信息和学习约束录入,1.1.0,synthetic,true,SRC-SYNTH,2026-09-05T00:00:00+08:00,0.9,synthetic,not_applicable,,team_generated,false,golden
EVT-G003-02,USER-G003,skill_assessment,2024-10-27T16:00:00Z,SKILL-001,,,3,completed,positive,progressing,low,完成能力测评并生成可解释证据,1.1.0,synthetic,true,SRC-SYNTH,2026-09-05T00:00:00+08:00,0.9,synthetic,not_applicable,,team_generated,false,golden
EVT-G003-03,USER-G003,course_started,2024-11-13T16:00:00Z,SKILL-011,RES-0124,,0,completed,neutral,active,low,开始一项与目标能力相关的课程,1.1.0,synthetic,true,SRC-SYNTH,2026-09-05T00:00:00+08:00,0.9,synthetic,not_applicable,,team_generated,false,golden
EVT-G003-04,USER-G003,task_completed,2024-11-30T16:00:00Z,SKILL-014,RES-0134,,2,completed,positive,progressing,low,完成本周学习任务,1.1.0,synthetic,true,SRC-SYNTH,2026-09-05T00:00:00+08:00,0.9,synthetic,not_applicable,,team_generated,false,golden
EVT-G003-05,USER-G003,skill_practice,2024-12-17T16:00:00Z,SKILL-040,RES-0026,,2,completed,positive,progressing,low,完成技能练习并记录反思,1.1.0,synthetic,true,SRC-SYNTH,2026-09-05T00:00:00+08:00,0.9,synthetic,not_applicable,,team_generated,false,golden
EVT-G003-06,USER-G003,course_completed,2025-01-03T16:00:00Z,SKILL-044,RES-0001,,6,completed,positive,progressing,low,完成课程并提交学习总结,1.1.0,synthetic,true,SRC-SYNTH,2026-09-05T00:00:00+08:00,0.9,synthetic,not_applicable,,team_generated,false,golden
EVT-G003-07,USER-G003,project_started,2025-01-20T16:00:00Z,SKILL-048,RES-0001,,0,completed,neutral,active,low,启动实践项目并确认里程碑,1.1.0,synthetic,true,SRC-SYNTH,2026-09-05T00:00:00+08:00,0.9,synthetic,not_applicable,,team_generated,false,golden
EVT-G003-08,USER-G003,job_viewed,2025-02-06T16:00:00Z,,,JOB-DATA-0008,0,completed,neutral,active,low,查看目标岗位及能力要求,1.1.0,synthetic,true,SRC-SYNTH,2026-09-05T00:00:00+08:00,0.9,synthetic,not_applicable,,team_generated,false,golden
EVT-G003-09,USER-G003,feedback_submitted,2025-02-23T16:00:00Z,SKILL-011,,,0,completed,neutral,active,low,提交计划难度和推荐相关性反馈,1.1.0,synthetic,true,SRC-SYNTH,2026-09-05T00:00:00+08:00,0.9,synthetic,not_applicable,,team_generated,false,golden
EVT-G003-10,USER-G003,task_completed,2025-03-12T16:00:00Z,SKILL-014,RES-0127,,2,completed,positive,progressing,low,完成本周学习任务,1.1.0,synthetic,true,SRC-SYNTH,2026-09-05T00:00:00+08:00,0.9,synthetic,not_applicable,,team_generated,false,golden
EVT-G003-11,USER-G003,project_completed,2025-03-29T16:00:00Z,SKILL-040,RES-0026,,8,completed,positive,progressing,low,完成项目、说明文档和复盘,1.1.0,synthetic,true,SRC-SYNTH,2026-09-05T00:00:00+08:00,0.9,synthetic,not_applicable,,team_generated,false,golden
EVT-G003-12,USER-G003,profile_recalculated,2025-04-15T16:00:00Z,SKILL-044,,,0,completed,neutral,active,low,根据新证据重算画像与岗位匹配度,1.1.0,synthetic,true,SRC-SYNTH,2026-09-05T00:00:00+08:00,0.9,synthetic,not_applicable,,team_generated,false,golden
EVT-G003-13,USER-G003,job_saved,2025-05-02T16:00:00Z,,,JOB-DATA-0013,0,completed,neutral,active,low,收藏一个模拟目标岗位,1.1.0,synthetic,true,SRC-SYNTH,2026-09-05T00:00:00+08:00,0.9,synthetic,not_applicable,,team_generated,false,golden
EVT-G003-14,USER-G003,application_submitted,2025-05-19T16:00:00Z,,,JOB-DATA-0014,0,completed,neutral,active,low,向模拟岗位提交申请,1.1.0,synthetic,true,SRC-SYNTH,2026-09-05T00:00:00+08:00,0.9,synthetic,not_applicable,,team_generated,false,golden
EVT-G003-15,USER-G003,interview_result,2025-06-05T16:00:00Z,,,JOB-DATA-0015,0,completed,disappointed,active,low,记录模拟面试反馈,1.1.0,synthetic,true,SRC-SYNTH,2026-09-05T00:00:00+08:00,0.9,synthetic,not_applicable,,team_generated,false,golden
EVT-G003-16,USER-G003,plan_adjusted,2025-06-22T16:00:00Z,SKILL-014,,,0,completed,neutral,plan_rebalanced,low,根据时间和反馈调整学习计划,1.1.0,synthetic,true,SRC-SYNTH,2026-09-05T00:00:00+08:00,0.9,synthetic,not_applicable,,team_generated,false,golden
EVT-G003-17,USER-G003,skill_practice,2025-07-09T16:00:00Z,SKILL-040,RES-0026,,2,completed,positive,progressing,low,完成技能练习并记录反思,1.1.0,synthetic,true,SRC-SYNTH,2026-09-05T00:00:00+08:00,0.9,synthetic,not_applicable,,team_generated,false,golden
EVT-G003-18,USER-G003,inactivity,2025-07-26T16:00:00Z,SKILL-044,,,-4,attention_needed,frustrated,learning_stalled,medium,超过设定周期未产生学习证据，触发技能衰减,1.1.0,synthetic,true,SRC-SYNTH,2026-09-05T00:00:00+08:00,0.9,synthetic,not_applicable,,team_generated,false,golden
EVT-G003-19,USER-G003,reminder_response,2025-08-12T16:00:00Z,SKILL-048,,,0,completed,neutral,active,low,响应任务提醒并更新完成状态,1.1.0,synthetic,true,SRC-SYNTH,2026-09-05T00:00:00+08:00,0.9,synthetic,not_applicable,,team_generated,false,golden
EVT-G003-20,USER-G003,profile_recalculated,2025-08-29T16:00:00Z,SKILL-001,,,0,completed,neutral,active,low,根据新证据重算画像与岗位匹配度,1.1.0,synthetic,true,SRC-SYNTH,2026-09-05T00:00:00+08:00,0.9,synthetic,not_applicable,,team_generated,false,golden
EVT-G003-21,USER-G003,onboarding,2025-09-15T16:00:00Z,,,,0,completed,neutral,active,low,完成基础信息和学习约束录入,1.1.0,synthetic,true,SRC-SYNTH,2026-09-05T00:00:00+08:00,0.9,synthetic,not_applicable,,team_generated,false,golden
EVT-G003-22,USER-G003,skill_assessment,2025-10-02T16:00:00Z,SKILL-014,,,3,completed,positive,progressing,low,完成能力测评并生成可解释证据,1.1.0,synthetic,true,SRC-SYNTH,2026-09-05T00:00:00+08:00,0.9,synthetic,not_applicable,,team_generated,false,golden
EVT-G003-23,USER-G003,course_started,2025-10-19T16:00:00Z,SKILL-040,RES-0026,,0,completed,neutral,active,low,开始一项与目标能力相关的课程,1.1.0,synthetic,true,SRC-SYNTH,2026-09-05T00:00:00+08:00,0.9,synthetic,not_applicable,,team_generated,false,golden
EVT-G003-24,USER-G003,task_completed,2025-11-05T16:00:00Z,SKILL-044,RES-0001,,2,completed,positive,progressing,low,完成本周学习任务,1.1.0,synthetic,true,SRC-SYNTH,2026-09-05T00:00:00+08:00,0.9,synthetic,not_applicable,,team_generated,false,golden
EVT-G003-25,USER-G003,skill_practice,2025-11-22T16:00:00Z,SKILL-048,RES-0001,,2,completed,positive,progressing,low,完成技能练习并记录反思,1.1.0,synthetic,true,SRC-SYNTH,2026-09-05T00:00:00+08:00,0.9,synthetic,not_applicable,,team_generated,false,golden
EVT-G003-26,USER-G003,course_completed,2025-12-09T16:00:00Z,SKILL-001,RES-0421,,6,completed,positive,progressing,low,完成课程并提交学习总结,1.1.0,synthetic,true,SRC-SYNTH,2026-09-05T00:00:00+08:00,0.9,synthetic,not_applicable,,team_generated,false,golden
EVT-G003-27,USER-G003,project_started,2025-12-26T16:00:00Z,SKILL-011,RES-0131,,0,completed,neutral,active,low,启动实践项目并确认里程碑,1.1.0,synthetic,true,SRC-SYNTH,2026-09-05T00:00:00+08:00,0.9,synthetic,not_applicable,,team_generated,false,golden
EVT-G003-28,USER-G003,job_viewed,2026-01-12T16:00:00Z,,,JOB-DATA-0008,0,completed,neutral,active,low,查看目标岗位及能力要求,1.1.0,synthetic,true,SRC-SYNTH,2026-09-05T00:00:00+08:00,0.9,synthetic,not_applicable,,team_generated,false,golden
EVT-G003-29,USER-G003,feedback_submitted,2026-01-29T16:00:00Z,SKILL-040,,,0,completed,neutral,active,low,提交计划难度和推荐相关性反馈,1.1.0,synthetic,true,SRC-SYNTH,2026-09-05T00:00:00+08:00,0.9,synthetic,not_applicable,,team_generated,false,golden
EVT-G003-30,USER-G003,task_completed,2026-02-15T16:00:00Z,SKILL-044,RES-0001,,2,completed,positive,progressing,low,完成本周学习任务,1.1.0,synthetic,true,SRC-SYNTH,2026-09-05T00:00:00+08:00,0.9,synthetic,not_applicable,,team_generated,false,golden
EVT-G004-01,USER-G004,onboarding,2024-10-10T16:00:00Z,,,,0,completed,neutral,active,low,完成基础信息和学习约束录入,1.1.0,synthetic,true,SRC-SYNTH,2026-09-05T00:00:00+08:00,0.9,synthetic,not_applicable,,team_generated,false,golden
EVT-G004-02,USER-G004,skill_assessment,2024-10-27T16:00:00Z,SKILL-002,,,3,completed,positive,progressing,low,完成能力测评并生成可解释证据,1.1.0,synthetic,true,SRC-SYNTH,2026-09-05T00:00:00+08:00,0.9,synthetic,not_applicable,,team_generated,false,golden
EVT-G004-03,USER-G004,course_started,2024-11-13T16:00:00Z,SKILL-017,RES-0130,,0,completed,neutral,active,low,开始一项与目标能力相关的课程,1.1.0,synthetic,true,SRC-SYNTH,2026-09-05T00:00:00+08:00,0.9,synthetic,not_applicable,,team_generated,false,golden
EVT-G004-04,USER-G004,task_completed,2024-11-30T16:00:00Z,SKILL-020,RES-0140,,2,completed,positive,progressing,low,完成本周学习任务,1.1.0,synthetic,true,SRC-SYNTH,2026-09-05T00:00:00+08:00,0.9,synthetic,not_applicable,,team_generated,false,golden
EVT-G004-05,USER-G004,skill_practice,2024-12-17T16:00:00Z,SKILL-023,RES-0143,,2,completed,positive,progressing,low,完成技能练习并记录反思,1.1.0,synthetic,true,SRC-SYNTH,2026-09-05T00:00:00+08:00,0.9,synthetic,not_applicable,,team_generated,false,golden
EVT-G004-06,USER-G004,course_completed,2025-01-03T16:00:00Z,SKILL-033,RES-0033,,6,completed,positive,progressing,low,完成课程并提交学习总结,1.1.0,synthetic,true,SRC-SYNTH,2026-09-05T00:00:00+08:00,0.9,synthetic,not_applicable,,team_generated,false,golden
EVT-G004-07,USER-G004,project_started,2025-01-20T16:00:00Z,SKILL-058,RES-0001,,0,completed,neutral,active,low,启动实践项目并确认里程碑,1.1.0,synthetic,true,SRC-SYNTH,2026-09-05T00:00:00+08:00,0.9,synthetic,not_applicable,,team_generated,false,golden
EVT-G004-08,USER-G004,job_viewed,2025-02-06T16:00:00Z,,,JOB-AI-ALG-0008,0,completed,neutral,active,low,查看目标岗位及能力要求,1.1.0,synthetic,true,SRC-SYNTH,2026-09-05T00:00:00+08:00,0.9,synthetic,not_applicable,,team_generated,false,golden
EVT-G004-09,USER-G004,feedback_submitted,2025-02-23T16:00:00Z,SKILL-017,,,0,completed,neutral,active,low,提交计划难度和推荐相关性反馈,1.1.0,synthetic,true,SRC-SYNTH,2026-09-05T00:00:00+08:00,0.9,synthetic,not_applicable,,team_generated,false,golden
EVT-G004-10,USER-G004,task_completed,2025-03-12T16:00:00Z,SKILL-020,RES-0140,,2,completed,positive,progressing,low,完成本周学习任务,1.1.0,synthetic,true,SRC-SYNTH,2026-09-05T00:00:00+08:00,0.9,synthetic,not_applicable,,team_generated,false,golden
EVT-G004-11,USER-G004,project_completed,2025-03-29T16:00:00Z,SKILL-023,RES-0002,,8,completed,positive,progressing,low,完成项目、说明文档和复盘,1.1.0,synthetic,true,SRC-SYNTH,2026-09-05T00:00:00+08:00,0.9,synthetic,not_applicable,,team_generated,false,golden
EVT-G004-12,USER-G004,profile_recalculated,2025-04-15T16:00:00Z,SKILL-033,,,0,completed,neutral,active,low,根据新证据重算画像与岗位匹配度,1.1.0,synthetic,true,SRC-SYNTH,2026-09-05T00:00:00+08:00,0.9,synthetic,not_applicable,,team_generated,false,golden
EVT-G004-13,USER-G004,job_saved,2025-05-02T16:00:00Z,,,JOB-AI-ALG-0013,0,completed,neutral,active,low,收藏一个模拟目标岗位,1.1.0,synthetic,true,SRC-SYNTH,2026-09-05T00:00:00+08:00,0.9,synthetic,not_applicable,,team_generated,false,golden
EVT-G004-14,USER-G004,application_submitted,2025-05-19T16:00:00Z,,,JOB-AI-ALG-0014,0,completed,neutral,active,low,向模拟岗位提交申请,1.1.0,synthetic,true,SRC-SYNTH,2026-09-05T00:00:00+08:00,0.9,synthetic,not_applicable,,team_generated,false,golden
EVT-G004-15,USER-G004,interview_result,2025-06-05T16:00:00Z,,,JOB-AI-ALG-0015,0,completed,disappointed,active,low,记录模拟面试反馈,1.1.0,synthetic,true,SRC-SYNTH,2026-09-05T00:00:00+08:00,0.9,synthetic,not_applicable,,team_generated,false,golden
EVT-G004-16,USER-G004,plan_adjusted,2025-06-22T16:00:00Z,SKILL-020,,,0,completed,neutral,plan_rebalanced,low,根据时间和反馈调整学习计划,1.1.0,synthetic,true,SRC-SYNTH,2026-09-05T00:00:00+08:00,0.9,synthetic,not_applicable,,team_generated,false,golden
EVT-G004-17,USER-G004,skill_practice,2025-07-09T16:00:00Z,SKILL-023,RES-0005,,2,completed,positive,progressing,low,完成技能练习并记录反思,1.1.0,synthetic,true,SRC-SYNTH,2026-09-05T00:00:00+08:00,0.9,synthetic,not_applicable,,team_generated,false,golden
EVT-G004-18,USER-G004,inactivity,2025-07-26T16:00:00Z,SKILL-033,,,-4,attention_needed,frustrated,learning_stalled,medium,超过设定周期未产生学习证据，触发技能衰减,1.1.0,synthetic,true,SRC-SYNTH,2026-09-05T00:00:00+08:00,0.9,synthetic,not_applicable,,team_generated,false,golden
EVT-G004-19,USER-G004,reminder_response,2025-08-12T16:00:00Z,SKILL-058,,,0,completed,neutral,active,low,响应任务提醒并更新完成状态,1.1.0,synthetic,true,SRC-SYNTH,2026-09-05T00:00:00+08:00,0.9,synthetic,not_applicable,,team_generated,false,golden
EVT-G004-20,USER-G004,profile_recalculated,2025-08-29T16:00:00Z,SKILL-002,,,0,completed,neutral,active,low,根据新证据重算画像与岗位匹配度,1.1.0,synthetic,true,SRC-SYNTH,2026-09-05T00:00:00+08:00,0.9,synthetic,not_applicable,,team_generated,false,golden
EVT-G004-21,USER-G004,onboarding,2025-09-15T16:00:00Z,,,,0,completed,neutral,active,low,完成基础信息和学习约束录入,1.1.0,synthetic,true,SRC-SYNTH,2026-09-05T00:00:00+08:00,0.9,synthetic,not_applicable,,team_generated,false,golden
EVT-G004-22,USER-G004,skill_assessment,2025-10-02T16:00:00Z,SKILL-020,,,3,completed,positive,progressing,low,完成能力测评并生成可解释证据,1.1.0,synthetic,true,SRC-SYNTH,2026-09-05T00:00:00+08:00,0.9,synthetic,not_applicable,,team_generated,false,golden
EVT-G004-23,USER-G004,course_started,2025-10-19T16:00:00Z,SKILL-023,RES-0002,,0,completed,neutral,active,low,开始一项与目标能力相关的课程,1.1.0,synthetic,true,SRC-SYNTH,2026-09-05T00:00:00+08:00,0.9,synthetic,not_applicable,,team_generated,false,golden
EVT-G004-24,USER-G004,task_completed,2025-11-05T16:00:00Z,SKILL-033,RES-0033,,2,completed,positive,progressing,low,完成本周学习任务,1.1.0,synthetic,true,SRC-SYNTH,2026-09-05T00:00:00+08:00,0.9,synthetic,not_applicable,,team_generated,false,golden
EVT-G004-25,USER-G004,skill_practice,2025-11-22T16:00:00Z,SKILL-058,RES-0001,,2,completed,positive,progressing,low,完成技能练习并记录反思,1.1.0,synthetic,true,SRC-SYNTH,2026-09-05T00:00:00+08:00,0.9,synthetic,not_applicable,,team_generated,false,golden
EVT-G004-26,USER-G004,course_completed,2025-12-09T16:00:00Z,SKILL-002,RES-0001,,6,completed,positive,progressing,low,完成课程并提交学习总结,1.1.0,synthetic,true,SRC-SYNTH,2026-09-05T00:00:00+08:00,0.9,synthetic,not_applicable,,team_generated,false,golden
EVT-G004-27,USER-G004,project_started,2025-12-26T16:00:00Z,SKILL-017,RES-0430,,0,completed,neutral,active,low,启动实践项目并确认里程碑,1.1.0,synthetic,true,SRC-SYNTH,2026-09-05T00:00:00+08:00,0.9,synthetic,not_applicable,,team_generated,false,golden
EVT-G004-28,USER-G004,job_viewed,2026-01-12T16:00:00Z,,,JOB-AI-ALG-0008,0,completed,neutral,active,low,查看目标岗位及能力要求,1.1.0,synthetic,true,SRC-SYNTH,2026-09-05T00:00:00+08:00,0.9,synthetic,not_applicable,,team_generated,false,golden
EVT-G004-29,USER-G004,feedback_submitted,2026-01-29T16:00:00Z,SKILL-023,,,0,completed,neutral,active,low,提交计划难度和推荐相关性反馈,1.1.0,synthetic,true,SRC-SYNTH,2026-09-05T00:00:00+08:00,0.9,synthetic,not_applicable,,team_generated,false,golden
EVT-G004-30,USER-G004,task_completed,2026-02-15T16:00:00Z,SKILL-033,RES-0033,,2,completed,positive,progressing,low,完成本周学习任务,1.1.0,synthetic,true,SRC-SYNTH,2026-09-05T00:00:00+08:00,0.9,synthetic,not_applicable,,team_generated,false,golden
EVT-G005-01,USER-G005,onboarding,2024-10-10T16:00:00Z,,,,0,completed,neutral,active,low,完成基础信息和学习约束录入,1.1.0,synthetic,true,SRC-SYNTH,2026-09-05T00:00:00+08:00,0.9,synthetic,not_applicable,,team_generated,false,golden
EVT-G005-02,USER-G005,skill_assessment,2024-10-27T16:00:00Z,SKILL-010,,,3,completed,positive,progressing,low,完成能力测评并生成可解释证据,1.1.0,synthetic,true,SRC-SYNTH,2026-09-05T00:00:00+08:00,0.9,synthetic,not_applicable,,team_generated,false,golden
EVT-G005-03,USER-G005,course_started,2024-11-13T16:00:00Z,SKILL-013,RES-0133,,0,completed,neutral,active,low,开始一项与目标能力相关的课程,1.1.0,synthetic,true,SRC-SYNTH,2026-09-05T00:00:00+08:00,0.9,synthetic,not_applicable,,team_generated,false,golden
EVT-G005-04,USER-G005,task_completed,2024-11-30T16:00:00Z,SKILL-016,RES-0136,,2,completed,positive,progressing,low,完成本周学习任务,1.1.0,synthetic,true,SRC-SYNTH,2026-09-05T00:00:00+08:00,0.9,synthetic,not_applicable,,team_generated,false,golden
EVT-G005-05,USER-G005,skill_practice,2024-12-17T16:00:00Z,SKILL-043,RES-0029,,2,completed,positive,progressing,low,完成技能练习并记录反思,1.1.0,synthetic,true,SRC-SYNTH,2026-09-05T00:00:00+08:00,0.9,synthetic,not_applicable,,team_generated,false,golden
EVT-G005-06,USER-G005,course_completed,2025-01-03T16:00:00Z,SKILL-046,RES-0032,,6,completed,positive,progressing,low,完成课程并提交学习总结,1.1.0,synthetic,true,SRC-SYNTH,2026-09-05T00:00:00+08:00,0.9,synthetic,not_applicable,,team_generated,false,golden
EVT-G005-07,USER-G005,project_started,2025-01-20T16:00:00Z,SKILL-054,RES-0005,,0,completed,neutral,active,low,启动实践项目并确认里程碑,1.1.0,synthetic,true,SRC-SYNTH,2026-09-05T00:00:00+08:00,0.9,synthetic,not_applicable,,team_generated,false,golden
EVT-G005-08,USER-G005,job_viewed,2025-02-06T16:00:00Z,,,JOB-DATA-0008,0,completed,neutral,active,low,查看目标岗位及能力要求,1.1.0,synthetic,true,SRC-SYNTH,2026-09-05T00:00:00+08:00,0.9,synthetic,not_applicable,,team_generated,false,golden
EVT-G005-09,USER-G005,feedback_submitted,2025-02-23T16:00:00Z,SKILL-013,,,0,completed,neutral,active,low,提交计划难度和推荐相关性反馈,1.1.0,synthetic,true,SRC-SYNTH,2026-09-05T00:00:00+08:00,0.9,synthetic,not_applicable,,team_generated,false,golden
EVT-G005-10,USER-G005,task_completed,2025-03-12T16:00:00Z,SKILL-016,RES-0136,,2,completed,positive,progressing,low,完成本周学习任务,1.1.0,synthetic,true,SRC-SYNTH,2026-09-05T00:00:00+08:00,0.9,synthetic,not_applicable,,team_generated,false,golden
EVT-G005-11,USER-G005,project_completed,2025-03-29T16:00:00Z,SKILL-043,RES-0029,,8,completed,positive,progressing,low,完成项目、说明文档和复盘,1.1.0,synthetic,true,SRC-SYNTH,2026-09-05T00:00:00+08:00,0.9,synthetic,not_applicable,,team_generated,false,golden
EVT-G005-12,USER-G005,profile_recalculated,2025-04-15T16:00:00Z,SKILL-046,,,0,completed,neutral,active,low,根据新证据重算画像与岗位匹配度,1.1.0,synthetic,true,SRC-SYNTH,2026-09-05T00:00:00+08:00,0.9,synthetic,not_applicable,,team_generated,false,golden
EVT-G005-13,USER-G005,job_saved,2025-05-02T16:00:00Z,,,JOB-DATA-0013,0,completed,neutral,active,low,收藏一个模拟目标岗位,1.1.0,synthetic,true,SRC-SYNTH,2026-09-05T00:00:00+08:00,0.9,synthetic,not_applicable,,team_generated,false,golden
EVT-G005-14,USER-G005,application_submitted,2025-05-19T16:00:00Z,,,JOB-DATA-0014,0,completed,neutral,active,low,向模拟岗位提交申请,1.1.0,synthetic,true,SRC-SYNTH,2026-09-05T00:00:00+08:00,0.9,synthetic,not_applicable,,team_generated,false,golden
EVT-G005-15,USER-G005,interview_result,2025-06-05T16:00:00Z,,,JOB-DATA-0015,0,completed,disappointed,active,low,记录模拟面试反馈,1.1.0,synthetic,true,SRC-SYNTH,2026-09-05T00:00:00+08:00,0.9,synthetic,not_applicable,,team_generated,false,golden
EVT-G005-16,USER-G005,plan_adjusted,2025-06-22T16:00:00Z,SKILL-016,,,0,completed,neutral,plan_rebalanced,low,根据时间和反馈调整学习计划,1.1.0,synthetic,true,SRC-SYNTH,2026-09-05T00:00:00+08:00,0.9,synthetic,not_applicable,,team_generated,false,golden
EVT-G005-17,USER-G005,skill_practice,2025-07-09T16:00:00Z,SKILL-043,RES-0029,,2,completed,positive,progressing,low,完成技能练习并记录反思,1.1.0,synthetic,true,SRC-SYNTH,2026-09-05T00:00:00+08:00,0.9,synthetic,not_applicable,,team_generated,false,golden
EVT-G005-18,USER-G005,inactivity,2025-07-26T16:00:00Z,SKILL-046,,,-4,attention_needed,frustrated,learning_stalled,medium,超过设定周期未产生学习证据，触发技能衰减,1.1.0,synthetic,true,SRC-SYNTH,2026-09-05T00:00:00+08:00,0.9,synthetic,not_applicable,,team_generated,false,golden
EVT-G005-19,USER-G005,reminder_response,2025-08-12T16:00:00Z,SKILL-054,,,0,completed,neutral,active,low,响应任务提醒并更新完成状态,1.1.0,synthetic,true,SRC-SYNTH,2026-09-05T00:00:00+08:00,0.9,synthetic,not_applicable,,team_generated,false,golden
EVT-G005-20,USER-G005,profile_recalculated,2025-08-29T16:00:00Z,SKILL-010,,,0,completed,neutral,active,low,根据新证据重算画像与岗位匹配度,1.1.0,synthetic,true,SRC-SYNTH,2026-09-05T00:00:00+08:00,0.9,synthetic,not_applicable,,team_generated,false,golden
EVT-G005-21,USER-G005,onboarding,2025-09-15T16:00:00Z,,,,0,completed,neutral,active,low,完成基础信息和学习约束录入,1.1.0,synthetic,true,SRC-SYNTH,2026-09-05T00:00:00+08:00,0.9,synthetic,not_applicable,,team_generated,false,golden
EVT-G005-22,USER-G005,skill_assessment,2025-10-02T16:00:00Z,SKILL-016,,,3,completed,positive,progressing,low,完成能力测评并生成可解释证据,1.1.0,synthetic,true,SRC-SYNTH,2026-09-05T00:00:00+08:00,0.9,synthetic,not_applicable,,team_generated,false,golden
EVT-G005-23,USER-G005,course_started,2025-10-19T16:00:00Z,SKILL-043,RES-0029,,0,completed,neutral,active,low,开始一项与目标能力相关的课程,1.1.0,synthetic,true,SRC-SYNTH,2026-09-05T00:00:00+08:00,0.9,synthetic,not_applicable,,team_generated,false,golden
EVT-G005-24,USER-G005,task_completed,2025-11-05T16:00:00Z,SKILL-046,RES-0032,,2,completed,positive,progressing,low,完成本周学习任务,1.1.0,synthetic,true,SRC-SYNTH,2026-09-05T00:00:00+08:00,0.9,synthetic,not_applicable,,team_generated,false,golden
EVT-G005-25,USER-G005,skill_practice,2025-11-22T16:00:00Z,SKILL-054,RES-0005,,2,completed,positive,progressing,low,完成技能练习并记录反思,1.1.0,synthetic,true,SRC-SYNTH,2026-09-05T00:00:00+08:00,0.9,synthetic,not_applicable,,team_generated,false,golden
EVT-G005-26,USER-G005,course_completed,2025-12-09T16:00:00Z,SKILL-010,RES-0430,,6,completed,positive,progressing,low,完成课程并提交学习总结,1.1.0,synthetic,true,SRC-SYNTH,2026-09-05T00:00:00+08:00,0.9,synthetic,not_applicable,,team_generated,false,golden
EVT-G005-27,USER-G005,project_started,2025-12-26T16:00:00Z,SKILL-013,RES-0133,,0,completed,neutral,active,low,启动实践项目并确认里程碑,1.1.0,synthetic,true,SRC-SYNTH,2026-09-05T00:00:00+08:00,0.9,synthetic,not_applicable,,team_generated,false,golden
EVT-G005-28,USER-G005,job_viewed,2026-01-12T16:00:00Z,,,JOB-DATA-0008,0,completed,neutral,active,low,查看目标岗位及能力要求,1.1.0,synthetic,true,SRC-SYNTH,2026-09-05T00:00:00+08:00,0.9,synthetic,not_applicable,,team_generated,false,golden
EVT-G005-29,USER-G005,feedback_submitted,2026-01-29T16:00:00Z,SKILL-043,,,0,completed,neutral,active,low,提交计划难度和推荐相关性反馈,1.1.0,synthetic,true,SRC-SYNTH,2026-09-05T00:00:00+08:00,0.9,synthetic,not_applicable,,team_generated,false,golden
EVT-G005-30,USER-G005,task_completed,2026-02-15T16:00:00Z,SKILL-046,RES-0032,,2,completed,positive,progressing,low,完成本周学习任务,1.1.0,synthetic,true,SRC-SYNTH,2026-09-05T00:00:00+08:00,0.9,synthetic,not_applicable,,team_generated,false,golden
EVT-G006-01,USER-G006,onboarding,2024-10-10T16:00:00Z,,,,0,completed,neutral,active,low,完成基础信息和学习约束录入,1.1.0,synthetic,true,SRC-SYNTH,2026-09-05T00:00:00+08:00,0.9,synthetic,not_applicable,,team_generated,false,golden
EVT-G006-02,USER-G006,skill_assessment,2024-10-27T16:00:00Z,SKILL-009,,,3,completed,positive,progressing,low,完成能力测评并生成可解释证据,1.1.0,synthetic,true,SRC-SYNTH,2026-09-05T00:00:00+08:00,0.9,synthetic,not_applicable,,team_generated,false,golden
EVT-G006-03,USER-G006,course_started,2024-11-13T16:00:00Z,SKILL-027,RES-0027,,0,completed,neutral,active,low,开始一项与目标能力相关的课程,1.1.0,synthetic,true,SRC-SYNTH,2026-09-05T00:00:00+08:00,0.9,synthetic,not_applicable,,team_generated,false,golden
EVT-G006-04,USER-G006,task_completed,2024-11-30T16:00:00Z,SKILL-030,RES-0023,,2,completed,positive,progressing,low,完成本周学习任务,1.1.0,synthetic,true,SRC-SYNTH,2026-09-05T00:00:00+08:00,0.9,synthetic,not_applicable,,team_generated,false,golden
EVT-G006-05,USER-G006,skill_practice,2024-12-17T16:00:00Z,SKILL-036,RES-0029,,2,completed,positive,progressing,low,完成技能练习并记录反思,1.1.0,synthetic,true,SRC-SYNTH,2026-09-05T00:00:00+08:00,0.9,synthetic,not_applicable,,team_generated,false,golden
EVT-G006-06,USER-G006,course_completed,2025-01-03T16:00:00Z,SKILL-039,RES-0032,,6,completed,positive,progressing,low,完成课程并提交学习总结,1.1.0,synthetic,true,SRC-SYNTH,2026-09-05T00:00:00+08:00,0.9,synthetic,not_applicable,,team_generated,false,golden
EVT-G006-07,USER-G006,project_started,2025-01-20T16:00:00Z,SKILL-001,RES-0121,,0,completed,neutral,active,low,启动实践项目并确认里程碑,1.1.0,synthetic,true,SRC-SYNTH,2026-09-05T00:00:00+08:00,0.9,synthetic,not_applicable,,team_generated,false,golden
EVT-G006-08,USER-G006,job_viewed,2025-02-06T16:00:00Z,,,JOB-AI-APP-0008,0,completed,neutral,active,low,查看目标岗位及能力要求,1.1.0,synthetic,true,SRC-SYNTH,2026-09-05T00:00:00+08:00,0.9,synthetic,not_applicable,,team_generated,false,golden
EVT-G006-09,USER-G006,feedback_submitted,2025-02-23T16:00:00Z,SKILL-027,,,0,completed,neutral,active,low,提交计划难度和推荐相关性反馈,1.1.0,synthetic,true,SRC-SYNTH,2026-09-05T00:00:00+08:00,0.9,synthetic,not_applicable,,team_generated,false,golden
EVT-G006-10,USER-G006,task_completed,2025-03-12T16:00:00Z,SKILL-030,RES-0023,,2,completed,positive,progressing,low,完成本周学习任务,1.1.0,synthetic,true,SRC-SYNTH,2026-09-05T00:00:00+08:00,0.9,synthetic,not_applicable,,team_generated,false,golden
EVT-G006-11,USER-G006,project_completed,2025-03-29T16:00:00Z,SKILL-036,RES-0029,,8,completed,positive,progressing,low,完成项目、说明文档和复盘,1.1.0,synthetic,true,SRC-SYNTH,2026-09-05T00:00:00+08:00,0.9,synthetic,not_applicable,,team_generated,false,golden
EVT-G006-12,USER-G006,profile_recalculated,2025-04-15T16:00:00Z,SKILL-039,,,0,completed,neutral,active,low,根据新证据重算画像与岗位匹配度,1.1.0,synthetic,true,SRC-SYNTH,2026-09-05T00:00:00+08:00,0.9,synthetic,not_applicable,,team_generated,false,golden
EVT-G006-13,USER-G006,job_saved,2025-05-02T16:00:00Z,,,JOB-AI-APP-0013,0,completed,neutral,active,low,收藏一个模拟目标岗位,1.1.0,synthetic,true,SRC-SYNTH,2026-09-05T00:00:00+08:00,0.9,synthetic,not_applicable,,team_generated,false,golden
EVT-G006-14,USER-G006,application_submitted,2025-05-19T16:00:00Z,,,JOB-AI-APP-0014,0,completed,neutral,active,low,向模拟岗位提交申请,1.1.0,synthetic,true,SRC-SYNTH,2026-09-05T00:00:00+08:00,0.9,synthetic,not_applicable,,team_generated,false,golden
EVT-G006-15,USER-G006,interview_result,2025-06-05T16:00:00Z,,,JOB-AI-APP-0015,0,completed,disappointed,active,low,记录模拟面试反馈,1.1.0,synthetic,true,SRC-SYNTH,2026-09-05T00:00:00+08:00,0.9,synthetic,not_applicable,,team_generated,false,golden
EVT-G006-16,USER-G006,plan_adjusted,2025-06-22T16:00:00Z,SKILL-030,,,0,completed,neutral,plan_rebalanced,low,根据时间和反馈调整学习计划,1.1.0,synthetic,true,SRC-SYNTH,2026-09-05T00:00:00+08:00,0.9,synthetic,not_applicable,,team_generated,false,golden
EVT-G006-17,USER-G006,skill_practice,2025-07-09T16:00:00Z,SKILL-036,RES-0029,,2,completed,positive,progressing,low,完成技能练习并记录反思,1.1.0,synthetic,true,SRC-SYNTH,2026-09-05T00:00:00+08:00,0.9,synthetic,not_applicable,,team_generated,false,golden
EVT-G006-18,USER-G006,inactivity,2025-07-26T16:00:00Z,SKILL-039,,,-4,attention_needed,frustrated,learning_stalled,medium,超过设定周期未产生学习证据，触发技能衰减,1.1.0,synthetic,true,SRC-SYNTH,2026-09-05T00:00:00+08:00,0.9,synthetic,not_applicable,,team_generated,false,golden
EVT-G006-19,USER-G006,reminder_response,2025-08-12T16:00:00Z,SKILL-001,,,0,completed,neutral,active,low,响应任务提醒并更新完成状态,1.1.0,synthetic,true,SRC-SYNTH,2026-09-05T00:00:00+08:00,0.9,synthetic,not_applicable,,team_generated,false,golden
EVT-G006-20,USER-G006,profile_recalculated,2025-08-29T16:00:00Z,SKILL-009,,,0,completed,neutral,active,low,根据新证据重算画像与岗位匹配度,1.1.0,synthetic,true,SRC-SYNTH,2026-09-05T00:00:00+08:00,0.9,synthetic,not_applicable,,team_generated,false,golden
EVT-G006-21,USER-G006,onboarding,2025-09-15T16:00:00Z,,,,0,completed,neutral,active,low,完成基础信息和学习约束录入,1.1.0,synthetic,true,SRC-SYNTH,2026-09-05T00:00:00+08:00,0.9,synthetic,not_applicable,,team_generated,false,golden
EVT-G006-22,USER-G006,skill_assessment,2025-10-02T16:00:00Z,SKILL-030,,,3,completed,positive,progressing,low,完成能力测评并生成可解释证据,1.1.0,synthetic,true,SRC-SYNTH,2026-09-05T00:00:00+08:00,0.9,synthetic,not_applicable,,team_generated,false,golden
EVT-G006-23,USER-G006,course_started,2025-10-19T16:00:00Z,SKILL-036,RES-0029,,0,completed,neutral,active,low,开始一项与目标能力相关的课程,1.1.0,synthetic,true,SRC-SYNTH,2026-09-05T00:00:00+08:00,0.9,synthetic,not_applicable,,team_generated,false,golden
EVT-G006-24,USER-G006,task_completed,2025-11-05T16:00:00Z,SKILL-039,RES-0032,,2,completed,positive,progressing,low,完成本周学习任务,1.1.0,synthetic,true,SRC-SYNTH,2026-09-05T00:00:00+08:00,0.9,synthetic,not_applicable,,team_generated,false,golden
EVT-G006-25,USER-G006,skill_practice,2025-11-22T16:00:00Z,SKILL-001,RES-0121,,2,completed,positive,progressing,low,完成技能练习并记录反思,1.1.0,synthetic,true,SRC-SYNTH,2026-09-05T00:00:00+08:00,0.9,synthetic,not_applicable,,team_generated,false,golden
EVT-G006-26,USER-G006,course_completed,2025-12-09T16:00:00Z,SKILL-009,RES-0122,,6,completed,positive,progressing,low,完成课程并提交学习总结,1.1.0,synthetic,true,SRC-SYNTH,2026-09-05T00:00:00+08:00,0.9,synthetic,not_applicable,,team_generated,false,golden
EVT-G006-27,USER-G006,project_started,2025-12-26T16:00:00Z,SKILL-027,RES-0140,,0,completed,neutral,active,low,启动实践项目并确认里程碑,1.1.0,synthetic,true,SRC-SYNTH,2026-09-05T00:00:00+08:00,0.9,synthetic,not_applicable,,team_generated,false,golden
EVT-G006-28,USER-G006,job_viewed,2026-01-12T16:00:00Z,,,JOB-AI-APP-0008,0,completed,neutral,active,low,查看目标岗位及能力要求,1.1.0,synthetic,true,SRC-SYNTH,2026-09-05T00:00:00+08:00,0.9,synthetic,not_applicable,,team_generated,false,golden
EVT-G006-29,USER-G006,feedback_submitted,2026-01-29T16:00:00Z,SKILL-036,,,0,completed,neutral,active,low,提交计划难度和推荐相关性反馈,1.1.0,synthetic,true,SRC-SYNTH,2026-09-05T00:00:00+08:00,0.9,synthetic,not_applicable,,team_generated,false,golden
EVT-G006-30,USER-G006,task_completed,2026-02-15T16:00:00Z,SKILL-039,RES-0032,,2,completed,positive,progressing,low,完成本周学习任务,1.1.0,synthetic,true,SRC-SYNTH,2026-09-05T00:00:00+08:00,0.9,synthetic,not_applicable,,team_generated,false,golden
EVT-G007-01,USER-G007,onboarding,2024-10-10T16:00:00Z,,,,0,completed,neutral,active,low,完成基础信息和学习约束录入,1.1.0,synthetic,true,SRC-SYNTH,2026-09-05T00:00:00+08:00,0.9,synthetic,not_applicable,,team_generated,false,golden
EVT-G007-02,USER-G007,skill_assessment,2024-10-27T16:00:00Z,SKILL-025,,,3,completed,positive,progressing,low,完成能力测评并生成可解释证据,1.1.0,synthetic,true,SRC-SYNTH,2026-09-05T00:00:00+08:00,0.9,synthetic,not_applicable,,team_generated,false,golden
EVT-G007-03,USER-G007,course_started,2024-11-13T16:00:00Z,SKILL-028,RES-0028,,0,completed,neutral,active,low,开始一项与目标能力相关的课程,1.1.0,synthetic,true,SRC-SYNTH,2026-09-05T00:00:00+08:00,0.9,synthetic,not_applicable,,team_generated,false,golden
EVT-G007-04,USER-G007,task_completed,2024-11-30T16:00:00Z,SKILL-034,RES-0140,,2,completed,positive,progressing,low,完成本周学习任务,1.1.0,synthetic,true,SRC-SYNTH,2026-09-05T00:00:00+08:00,0.9,synthetic,not_applicable,,team_generated,false,golden
EVT-G007-05,USER-G007,skill_practice,2024-12-17T16:00:00Z,SKILL-037,RES-0143,,2,completed,positive,progressing,low,完成技能练习并记录反思,1.1.0,synthetic,true,SRC-SYNTH,2026-09-05T00:00:00+08:00,0.9,synthetic,not_applicable,,team_generated,false,golden
EVT-G007-06,USER-G007,course_completed,2025-01-03T16:00:00Z,SKILL-043,RES-0029,,6,completed,positive,progressing,low,完成课程并提交学习总结,1.1.0,synthetic,true,SRC-SYNTH,2026-09-05T00:00:00+08:00,0.9,synthetic,not_applicable,,team_generated,false,golden
EVT-G007-07,USER-G007,project_started,2025-01-20T16:00:00Z,SKILL-007,RES-0127,,0,completed,neutral,active,low,启动实践项目并确认里程碑,1.1.0,synthetic,true,SRC-SYNTH,2026-09-05T00:00:00+08:00,0.9,synthetic,not_applicable,,team_generated,false,golden
EVT-G007-08,USER-G007,job_viewed,2025-02-06T16:00:00Z,,,JOB-AI-APP-0008,0,completed,neutral,active,low,查看目标岗位及能力要求,1.1.0,synthetic,true,SRC-SYNTH,2026-09-05T00:00:00+08:00,0.9,synthetic,not_applicable,,team_generated,false,golden
EVT-G007-09,USER-G007,feedback_submitted,2025-02-23T16:00:00Z,SKILL-028,,,0,completed,neutral,active,low,提交计划难度和推荐相关性反馈,1.1.0,synthetic,true,SRC-SYNTH,2026-09-05T00:00:00+08:00,0.9,synthetic,not_applicable,,team_generated,false,golden
EVT-G007-10,USER-G007,task_completed,2025-03-12T16:00:00Z,SKILL-034,RES-0140,,2,completed,positive,progressing,low,完成本周学习任务,1.1.0,synthetic,true,SRC-SYNTH,2026-09-05T00:00:00+08:00,0.9,synthetic,not_applicable,,team_generated,false,golden
EVT-G007-11,USER-G007,project_completed,2025-03-29T16:00:00Z,SKILL-037,RES-0023,,8,completed,positive,progressing,low,完成项目、说明文档和复盘,1.1.0,synthetic,true,SRC-SYNTH,2026-09-05T00:00:00+08:00,0.9,synthetic,not_applicable,,team_generated,false,golden
EVT-G007-12,USER-G007,profile_recalculated,2025-04-15T16:00:00Z,SKILL-043,,,0,completed,neutral,active,low,根据新证据重算画像与岗位匹配度,1.1.0,synthetic,true,SRC-SYNTH,2026-09-05T00:00:00+08:00,0.9,synthetic,not_applicable,,team_generated,false,golden
EVT-G007-13,USER-G007,job_saved,2025-05-02T16:00:00Z,,,JOB-AI-APP-0013,0,completed,neutral,active,low,收藏一个模拟目标岗位,1.1.0,synthetic,true,SRC-SYNTH,2026-09-05T00:00:00+08:00,0.9,synthetic,not_applicable,,team_generated,false,golden
EVT-G007-14,USER-G007,application_submitted,2025-05-19T16:00:00Z,,,JOB-AI-APP-0014,0,completed,neutral,active,low,向模拟岗位提交申请,1.1.0,synthetic,true,SRC-SYNTH,2026-09-05T00:00:00+08:00,0.9,synthetic,not_applicable,,team_generated,false,golden
EVT-G007-15,USER-G007,interview_result,2025-06-05T16:00:00Z,,,JOB-AI-APP-0015,0,completed,disappointed,active,low,记录模拟面试反馈,1.1.0,synthetic,true,SRC-SYNTH,2026-09-05T00:00:00+08:00,0.9,synthetic,not_applicable,,team_generated,false,golden
EVT-G007-16,USER-G007,plan_adjusted,2025-06-22T16:00:00Z,SKILL-034,,,0,completed,neutral,plan_rebalanced,low,根据时间和反馈调整学习计划,1.1.0,synthetic,true,SRC-SYNTH,2026-09-05T00:00:00+08:00,0.9,synthetic,not_applicable,,team_generated,false,golden
EVT-G007-17,USER-G007,skill_practice,2025-07-09T16:00:00Z,SKILL-037,RES-0023,,2,completed,positive,progressing,low,完成技能练习并记录反思,1.1.0,synthetic,true,SRC-SYNTH,2026-09-05T00:00:00+08:00,0.9,synthetic,not_applicable,,team_generated,false,golden
EVT-G007-18,USER-G007,inactivity,2025-07-26T16:00:00Z,SKILL-043,,,-4,attention_needed,frustrated,learning_stalled,medium,超过设定周期未产生学习证据，触发技能衰减,1.1.0,synthetic,true,SRC-SYNTH,2026-09-05T00:00:00+08:00,0.9,synthetic,not_applicable,,team_generated,false,golden
EVT-G007-19,USER-G007,reminder_response,2025-08-12T16:00:00Z,SKILL-007,,,0,completed,neutral,active,low,响应任务提醒并更新完成状态,1.1.0,synthetic,true,SRC-SYNTH,2026-09-05T00:00:00+08:00,0.9,synthetic,not_applicable,,team_generated,false,golden
EVT-G007-20,USER-G007,profile_recalculated,2025-08-29T16:00:00Z,SKILL-025,,,0,completed,neutral,active,low,根据新证据重算画像与岗位匹配度,1.1.0,synthetic,true,SRC-SYNTH,2026-09-05T00:00:00+08:00,0.9,synthetic,not_applicable,,team_generated,false,golden
EVT-G007-21,USER-G007,onboarding,2025-09-15T16:00:00Z,,,,0,completed,neutral,active,low,完成基础信息和学习约束录入,1.1.0,synthetic,true,SRC-SYNTH,2026-09-05T00:00:00+08:00,0.9,synthetic,not_applicable,,team_generated,false,golden
EVT-G007-22,USER-G007,skill_assessment,2025-10-02T16:00:00Z,SKILL-034,,,3,completed,positive,progressing,low,完成能力测评并生成可解释证据,1.1.0,synthetic,true,SRC-SYNTH,2026-09-05T00:00:00+08:00,0.9,synthetic,not_applicable,,team_generated,false,golden
EVT-G007-23,USER-G007,course_started,2025-10-19T16:00:00Z,SKILL-037,RES-0023,,0,completed,neutral,active,low,开始一项与目标能力相关的课程,1.1.0,synthetic,true,SRC-SYNTH,2026-09-05T00:00:00+08:00,0.9,synthetic,not_applicable,,team_generated,false,golden
EVT-G007-24,USER-G007,task_completed,2025-11-05T16:00:00Z,SKILL-043,RES-0029,,2,completed,positive,progressing,low,完成本周学习任务,1.1.0,synthetic,true,SRC-SYNTH,2026-09-05T00:00:00+08:00,0.9,synthetic,not_applicable,,team_generated,false,golden
EVT-G007-25,USER-G007,skill_practice,2025-11-22T16:00:00Z,SKILL-007,RES-0127,,2,completed,positive,progressing,low,完成技能练习并记录反思,1.1.0,synthetic,true,SRC-SYNTH,2026-09-05T00:00:00+08:00,0.9,synthetic,not_applicable,,team_generated,false,golden
EVT-G007-26,USER-G007,course_completed,2025-12-09T16:00:00Z,SKILL-025,RES-0025,,6,completed,positive,progressing,low,完成课程并提交学习总结,1.1.0,synthetic,true,SRC-SYNTH,2026-09-05T00:00:00+08:00,0.9,synthetic,not_applicable,,team_generated,false,golden
EVT-G007-27,USER-G007,project_started,2025-12-26T16:00:00Z,SKILL-028,RES-0028,,0,completed,neutral,active,low,启动实践项目并确认里程碑,1.1.0,synthetic,true,SRC-SYNTH,2026-09-05T00:00:00+08:00,0.9,synthetic,not_applicable,,team_generated,false,golden
EVT-G007-28,USER-G007,job_viewed,2026-01-12T16:00:00Z,,,JOB-AI-APP-0008,0,completed,neutral,active,low,查看目标岗位及能力要求,1.1.0,synthetic,true,SRC-SYNTH,2026-09-05T00:00:00+08:00,0.9,synthetic,not_applicable,,team_generated,false,golden
EVT-G007-29,USER-G007,feedback_submitted,2026-01-29T16:00:00Z,SKILL-037,,,0,completed,neutral,active,low,提交计划难度和推荐相关性反馈,1.1.0,synthetic,true,SRC-SYNTH,2026-09-05T00:00:00+08:00,0.9,synthetic,not_applicable,,team_generated,false,golden
EVT-G007-30,USER-G007,task_completed,2026-02-15T16:00:00Z,SKILL-043,RES-0029,,2,completed,positive,progressing,low,完成本周学习任务,1.1.0,synthetic,true,SRC-SYNTH,2026-09-05T00:00:00+08:00,0.9,synthetic,not_applicable,,team_generated,false,golden
EVT-G008-01,USER-G008,onboarding,2024-10-10T16:00:00Z,,,,0,completed,neutral,active,low,完成基础信息和学习约束录入,1.1.0,synthetic,true,SRC-SYNTH,2026-09-05T00:00:00+08:00,0.9,synthetic,not_applicable,,team_generated,false,golden
EVT-G008-02,USER-G008,skill_assessment,2024-10-27T16:00:00Z,SKILL-013,,,3,completed,positive,progressing,low,完成能力测评并生成可解释证据,1.1.0,synthetic,true,SRC-SYNTH,2026-09-05T00:00:00+08:00,0.9,synthetic,not_applicable,,team_generated,false,golden
EVT-G008-03,USER-G008,course_started,2024-11-13T16:00:00Z,SKILL-016,RES-0122,,0,completed,neutral,active,low,开始一项与目标能力相关的课程,1.1.0,synthetic,true,SRC-SYNTH,2026-09-05T00:00:00+08:00,0.9,synthetic,not_applicable,,team_generated,false,golden
EVT-G008-04,USER-G008,task_completed,2024-11-30T16:00:00Z,SKILL-043,RES-0029,,2,completed,positive,progressing,low,完成本周学习任务,1.1.0,synthetic,true,SRC-SYNTH,2026-09-05T00:00:00+08:00,0.9,synthetic,not_applicable,,team_generated,false,golden
EVT-G008-05,USER-G008,skill_practice,2024-12-17T16:00:00Z,SKILL-046,RES-0032,,2,completed,positive,progressing,low,完成技能练习并记录反思,1.1.0,synthetic,true,SRC-SYNTH,2026-09-05T00:00:00+08:00,0.9,synthetic,not_applicable,,team_generated,false,golden
EVT-G008-06,USER-G008,course_completed,2025-01-03T16:00:00Z,SKILL-054,RES-0005,,6,completed,positive,progressing,low,完成课程并提交学习总结,1.1.0,synthetic,true,SRC-SYNTH,2026-09-05T00:00:00+08:00,0.9,synthetic,not_applicable,,team_generated,false,golden
EVT-G008-07,USER-G008,project_started,2025-01-20T16:00:00Z,SKILL-010,RES-0130,,0,completed,neutral,active,low,启动实践项目并确认里程碑,1.1.0,synthetic,true,SRC-SYNTH,2026-09-05T00:00:00+08:00,0.9,synthetic,not_applicable,,team_generated,false,golden
EVT-G008-08,USER-G008,job_viewed,2025-02-06T16:00:00Z,,,JOB-DATA-0008,0,completed,neutral,active,low,查看目标岗位及能力要求,1.1.0,synthetic,true,SRC-SYNTH,2026-09-05T00:00:00+08:00,0.9,synthetic,not_applicable,,team_generated,false,golden
EVT-G008-09,USER-G008,feedback_submitted,2025-02-23T16:00:00Z,SKILL-016,,,0,completed,neutral,active,low,提交计划难度和推荐相关性反馈,1.1.0,synthetic,true,SRC-SYNTH,2026-09-05T00:00:00+08:00,0.9,synthetic,not_applicable,,team_generated,false,golden
EVT-G008-10,USER-G008,task_completed,2025-03-12T16:00:00Z,SKILL-043,RES-0029,,2,completed,positive,progressing,low,完成本周学习任务,1.1.0,synthetic,true,SRC-SYNTH,2026-09-05T00:00:00+08:00,0.9,synthetic,not_applicable,,team_generated,false,golden
EVT-G008-11,USER-G008,project_completed,2025-03-29T16:00:00Z,SKILL-046,RES-0032,,8,completed,positive,progressing,low,完成项目、说明文档和复盘,1.1.0,synthetic,true,SRC-SYNTH,2026-09-05T00:00:00+08:00,0.9,synthetic,not_applicable,,team_generated,false,golden
EVT-G008-12,USER-G008,profile_recalculated,2025-04-15T16:00:00Z,SKILL-054,,,0,completed,neutral,active,low,根据新证据重算画像与岗位匹配度,1.1.0,synthetic,true,SRC-SYNTH,2026-09-05T00:00:00+08:00,0.9,synthetic,not_applicable,,team_generated,false,golden
EVT-G008-13,USER-G008,job_saved,2025-05-02T16:00:00Z,,,JOB-DATA-0013,0,completed,neutral,active,low,收藏一个模拟目标岗位,1.1.0,synthetic,true,SRC-SYNTH,2026-09-05T00:00:00+08:00,0.9,synthetic,not_applicable,,team_generated,false,golden
EVT-G008-14,USER-G008,application_submitted,2025-05-19T16:00:00Z,,,JOB-DATA-0014,0,completed,neutral,active,low,向模拟岗位提交申请,1.1.0,synthetic,true,SRC-SYNTH,2026-09-05T00:00:00+08:00,0.9,synthetic,not_applicable,,team_generated,false,golden
EVT-G008-15,USER-G008,interview_result,2025-06-05T16:00:00Z,,,JOB-DATA-0015,0,completed,disappointed,active,low,记录模拟面试反馈,1.1.0,synthetic,true,SRC-SYNTH,2026-09-05T00:00:00+08:00,0.9,synthetic,not_applicable,,team_generated,false,golden
EVT-G008-16,USER-G008,plan_adjusted,2025-06-22T16:00:00Z,SKILL-043,,,0,completed,neutral,plan_rebalanced,low,根据时间和反馈调整学习计划,1.1.0,synthetic,true,SRC-SYNTH,2026-09-05T00:00:00+08:00,0.9,synthetic,not_applicable,,team_generated,false,golden
EVT-G008-17,USER-G008,skill_practice,2025-07-09T16:00:00Z,SKILL-046,RES-0032,,2,completed,positive,progressing,low,完成技能练习并记录反思,1.1.0,synthetic,true,SRC-SYNTH,2026-09-05T00:00:00+08:00,0.9,synthetic,not_applicable,,team_generated,false,golden
EVT-G008-18,USER-G008,inactivity,2025-07-26T16:00:00Z,SKILL-054,,,-4,attention_needed,frustrated,learning_stalled,medium,超过设定周期未产生学习证据，触发技能衰减,1.1.0,synthetic,true,SRC-SYNTH,2026-09-05T00:00:00+08:00,0.9,synthetic,not_applicable,,team_generated,false,golden
EVT-G008-19,USER-G008,reminder_response,2025-08-12T16:00:00Z,SKILL-010,,,0,completed,neutral,active,low,响应任务提醒并更新完成状态,1.1.0,synthetic,true,SRC-SYNTH,2026-09-05T00:00:00+08:00,0.9,synthetic,not_applicable,,team_generated,false,golden
EVT-G008-20,USER-G008,profile_recalculated,2025-08-29T16:00:00Z,SKILL-013,,,0,completed,neutral,active,low,根据新证据重算画像与岗位匹配度,1.1.0,synthetic,true,SRC-SYNTH,2026-09-05T00:00:00+08:00,0.9,synthetic,not_applicable,,team_generated,false,golden
EVT-G008-21,USER-G008,onboarding,2025-09-15T16:00:00Z,,,,0,completed,neutral,active,low,完成基础信息和学习约束录入,1.1.0,synthetic,true,SRC-SYNTH,2026-09-05T00:00:00+08:00,0.9,synthetic,not_applicable,,team_generated,false,golden
EVT-G008-22,USER-G008,skill_assessment,2025-10-02T16:00:00Z,SKILL-043,,,3,completed,positive,progressing,low,完成能力测评并生成可解释证据,1.1.0,synthetic,true,SRC-SYNTH,2026-09-05T00:00:00+08:00,0.9,synthetic,not_applicable,,team_generated,false,golden
EVT-G008-23,USER-G008,course_started,2025-10-19T16:00:00Z,SKILL-046,RES-0032,,0,completed,neutral,active,low,开始一项与目标能力相关的课程,1.1.0,synthetic,true,SRC-SYNTH,2026-09-05T00:00:00+08:00,0.9,synthetic,not_applicable,,team_generated,false,golden
EVT-G008-24,USER-G008,task_completed,2025-11-05T16:00:00Z,SKILL-054,RES-0005,,2,completed,positive,progressing,low,完成本周学习任务,1.1.0,synthetic,true,SRC-SYNTH,2026-09-05T00:00:00+08:00,0.9,synthetic,not_applicable,,team_generated,false,golden
EVT-G008-25,USER-G008,skill_practice,2025-11-22T16:00:00Z,SKILL-010,RES-0130,,2,completed,positive,progressing,low,完成技能练习并记录反思,1.1.0,synthetic,true,SRC-SYNTH,2026-09-05T00:00:00+08:00,0.9,synthetic,not_applicable,,team_generated,false,golden
EVT-G008-26,USER-G008,course_completed,2025-12-09T16:00:00Z,SKILL-013,RES-0133,,6,completed,positive,progressing,low,完成课程并提交学习总结,1.1.0,synthetic,true,SRC-SYNTH,2026-09-05T00:00:00+08:00,0.9,synthetic,not_applicable,,team_generated,false,golden
EVT-G008-27,USER-G008,project_started,2025-12-26T16:00:00Z,SKILL-016,RES-0422,,0,completed,neutral,active,low,启动实践项目并确认里程碑,1.1.0,synthetic,true,SRC-SYNTH,2026-09-05T00:00:00+08:00,0.9,synthetic,not_applicable,,team_generated,false,golden
EVT-G008-28,USER-G008,job_viewed,2026-01-12T16:00:00Z,,,JOB-DATA-0008,0,completed,neutral,active,low,查看目标岗位及能力要求,1.1.0,synthetic,true,SRC-SYNTH,2026-09-05T00:00:00+08:00,0.9,synthetic,not_applicable,,team_generated,false,golden
EVT-G008-29,USER-G008,feedback_submitted,2026-01-29T16:00:00Z,SKILL-046,,,0,completed,neutral,active,low,提交计划难度和推荐相关性反馈,1.1.0,synthetic,true,SRC-SYNTH,2026-09-05T00:00:00+08:00,0.9,synthetic,not_applicable,,team_generated,false,golden
EVT-G008-30,USER-G008,task_completed,2026-02-15T16:00:00Z,SKILL-054,RES-0005,,2,completed,positive,progressing,low,完成本周学习任务,1.1.0,synthetic,true,SRC-SYNTH,2026-09-05T00:00:00+08:00,0.9,synthetic,not_applicable,,team_generated,false,golden
EVT-G009-01,USER-G009,onboarding,2024-10-10T16:00:00Z,,,,0,completed,neutral,active,low,完成基础信息和学习约束录入,1.1.0,synthetic,true,SRC-SYNTH,2026-09-05T00:00:00+08:00,0.9,synthetic,not_applicable,,team_generated,false,golden
EVT-G009-02,USER-G009,skill_assessment,2024-10-27T16:00:00Z,SKILL-027,,,3,completed,positive,progressing,low,完成能力测评并生成可解释证据,1.1.0,synthetic,true,SRC-SYNTH,2026-09-05T00:00:00+08:00,0.9,synthetic,not_applicable,,team_generated,false,golden
EVT-G009-03,USER-G009,course_started,2024-11-13T16:00:00Z,SKILL-030,RES-0030,,0,completed,neutral,active,low,开始一项与目标能力相关的课程,1.1.0,synthetic,true,SRC-SYNTH,2026-09-05T00:00:00+08:00,0.9,synthetic,not_applicable,,team_generated,false,golden
EVT-G009-04,USER-G009,task_completed,2024-11-30T16:00:00Z,SKILL-036,RES-0029,,2,completed,positive,progressing,low,完成本周学习任务,1.1.0,synthetic,true,SRC-SYNTH,2026-09-05T00:00:00+08:00,0.9,synthetic,not_applicable,,team_generated,false,golden
EVT-G009-05,USER-G009,skill_practice,2024-12-17T16:00:00Z,SKILL-039,RES-0032,,2,completed,positive,progressing,low,完成技能练习并记录反思,1.1.0,synthetic,true,SRC-SYNTH,2026-09-05T00:00:00+08:00,0.9,synthetic,not_applicable,,team_generated,false,golden
EVT-G009-06,USER-G009,course_completed,2025-01-03T16:00:00Z,SKILL-001,RES-0541,,6,completed,positive,progressing,low,完成课程并提交学习总结,1.1.0,synthetic,true,SRC-SYNTH,2026-09-05T00:00:00+08:00,0.9,synthetic,not_applicable,,team_generated,false,golden
EVT-G009-07,USER-G009,project_started,2025-01-20T16:00:00Z,SKILL-009,RES-0129,,0,completed,neutral,active,low,启动实践项目并确认里程碑,1.1.0,synthetic,true,SRC-SYNTH,2026-09-05T00:00:00+08:00,0.9,synthetic,not_applicable,,team_generated,false,golden
EVT-G009-08,USER-G009,job_viewed,2025-02-06T16:00:00Z,,,JOB-AI-APP-0008,0,completed,neutral,active,low,查看目标岗位及能力要求,1.1.0,synthetic,true,SRC-SYNTH,2026-09-05T00:00:00+08:00,0.9,synthetic,not_applicable,,team_generated,false,golden
EVT-G009-09,USER-G009,feedback_submitted,2025-02-23T16:00:00Z,SKILL-030,,,0,completed,neutral,active,low,提交计划难度和推荐相关性反馈,1.1.0,synthetic,true,SRC-SYNTH,2026-09-05T00:00:00+08:00,0.9,synthetic,not_applicable,,team_generated,false,golden
EVT-G009-10,USER-G009,task_completed,2025-03-12T16:00:00Z,SKILL-036,RES-0029,,2,completed,positive,progressing,low,完成本周学习任务,1.1.0,synthetic,true,SRC-SYNTH,2026-09-05T00:00:00+08:00,0.9,synthetic,not_applicable,,team_generated,false,golden
EVT-G009-11,USER-G009,project_completed,2025-03-29T16:00:00Z,SKILL-039,RES-0032,,8,completed,positive,progressing,low,完成项目、说明文档和复盘,1.1.0,synthetic,true,SRC-SYNTH,2026-09-05T00:00:00+08:00,0.9,synthetic,not_applicable,,team_generated,false,golden
EVT-G009-12,USER-G009,profile_recalculated,2025-04-15T16:00:00Z,SKILL-001,,,0,completed,neutral,active,low,根据新证据重算画像与岗位匹配度,1.1.0,synthetic,true,SRC-SYNTH,2026-09-05T00:00:00+08:00,0.9,synthetic,not_applicable,,team_generated,false,golden
EVT-G009-13,USER-G009,job_saved,2025-05-02T16:00:00Z,,,JOB-AI-APP-0013,0,completed,neutral,active,low,收藏一个模拟目标岗位,1.1.0,synthetic,true,SRC-SYNTH,2026-09-05T00:00:00+08:00,0.9,synthetic,not_applicable,,team_generated,false,golden
EVT-G009-14,USER-G009,application_submitted,2025-05-19T16:00:00Z,,,JOB-AI-APP-0014,0,completed,neutral,active,low,向模拟岗位提交申请,1.1.0,synthetic,true,SRC-SYNTH,2026-09-05T00:00:00+08:00,0.9,synthetic,not_applicable,,team_generated,false,golden
EVT-G009-15,USER-G009,interview_result,2025-06-05T16:00:00Z,,,JOB-AI-APP-0015,0,completed,disappointed,active,low,记录模拟面试反馈,1.1.0,synthetic,true,SRC-SYNTH,2026-09-05T00:00:00+08:00,0.9,synthetic,not_applicable,,team_generated,false,golden
EVT-G009-16,USER-G009,plan_adjusted,2025-06-22T16:00:00Z,SKILL-036,,,0,completed,neutral,plan_rebalanced,low,根据时间和反馈调整学习计划,1.1.0,synthetic,true,SRC-SYNTH,2026-09-05T00:00:00+08:00,0.9,synthetic,not_applicable,,team_generated,false,golden
EVT-G009-17,USER-G009,skill_practice,2025-07-09T16:00:00Z,SKILL-039,RES-0032,,2,completed,positive,progressing,low,完成技能练习并记录反思,1.1.0,synthetic,true,SRC-SYNTH,2026-09-05T00:00:00+08:00,0.9,synthetic,not_applicable,,team_generated,false,golden
EVT-G009-18,USER-G009,inactivity,2025-07-26T16:00:00Z,SKILL-001,,,-4,attention_needed,frustrated,learning_stalled,medium,超过设定周期未产生学习证据，触发技能衰减,1.1.0,synthetic,true,SRC-SYNTH,2026-09-05T00:00:00+08:00,0.9,synthetic,not_applicable,,team_generated,false,golden
EVT-G009-19,USER-G009,reminder_response,2025-08-12T16:00:00Z,SKILL-009,,,0,completed,neutral,active,low,响应任务提醒并更新完成状态,1.1.0,synthetic,true,SRC-SYNTH,2026-09-05T00:00:00+08:00,0.9,synthetic,not_applicable,,team_generated,false,golden
EVT-G009-20,USER-G009,profile_recalculated,2025-08-29T16:00:00Z,SKILL-027,,,0,completed,neutral,active,low,根据新证据重算画像与岗位匹配度,1.1.0,synthetic,true,SRC-SYNTH,2026-09-05T00:00:00+08:00,0.9,synthetic,not_applicable,,team_generated,false,golden
EVT-G009-21,USER-G009,onboarding,2025-09-15T16:00:00Z,,,,0,completed,neutral,active,low,完成基础信息和学习约束录入,1.1.0,synthetic,true,SRC-SYNTH,2026-09-05T00:00:00+08:00,0.9,synthetic,not_applicable,,team_generated,false,golden
EVT-G009-22,USER-G009,skill_assessment,2025-10-02T16:00:00Z,SKILL-036,,,3,completed,positive,progressing,low,完成能力测评并生成可解释证据,1.1.0,synthetic,true,SRC-SYNTH,2026-09-05T00:00:00+08:00,0.9,synthetic,not_applicable,,team_generated,false,golden
EVT-G009-23,USER-G009,course_started,2025-10-19T16:00:00Z,SKILL-039,RES-0032,,0,completed,neutral,active,low,开始一项与目标能力相关的课程,1.1.0,synthetic,true,SRC-SYNTH,2026-09-05T00:00:00+08:00,0.9,synthetic,not_applicable,,team_generated,false,golden
EVT-G009-24,USER-G009,task_completed,2025-11-05T16:00:00Z,SKILL-001,RES-0541,,2,completed,positive,progressing,low,完成本周学习任务,1.1.0,synthetic,true,SRC-SYNTH,2026-09-05T00:00:00+08:00,0.9,synthetic,not_applicable,,team_generated,false,golden
EVT-G009-25,USER-G009,skill_practice,2025-11-22T16:00:00Z,SKILL-009,RES-0542,,2,completed,positive,progressing,low,完成技能练习并记录反思,1.1.0,synthetic,true,SRC-SYNTH,2026-09-05T00:00:00+08:00,0.9,synthetic,not_applicable,,team_generated,false,golden
EVT-G009-26,USER-G009,course_completed,2025-12-09T16:00:00Z,SKILL-027,RES-0140,,6,completed,positive,progressing,low,完成课程并提交学习总结,1.1.0,synthetic,true,SRC-SYNTH,2026-09-05T00:00:00+08:00,0.9,synthetic,not_applicable,,team_generated,false,golden
EVT-G009-27,USER-G009,project_started,2025-12-26T16:00:00Z,SKILL-030,RES-0143,,0,completed,neutral,active,low,启动实践项目并确认里程碑,1.1.0,synthetic,true,SRC-SYNTH,2026-09-05T00:00:00+08:00,0.9,synthetic,not_applicable,,team_generated,false,golden
EVT-G009-28,USER-G009,job_viewed,2026-01-12T16:00:00Z,,,JOB-AI-APP-0008,0,completed,neutral,active,low,查看目标岗位及能力要求,1.1.0,synthetic,true,SRC-SYNTH,2026-09-05T00:00:00+08:00,0.9,synthetic,not_applicable,,team_generated,false,golden
EVT-G009-29,USER-G009,feedback_submitted,2026-01-29T16:00:00Z,SKILL-039,,,0,completed,neutral,active,low,提交计划难度和推荐相关性反馈,1.1.0,synthetic,true,SRC-SYNTH,2026-09-05T00:00:00+08:00,0.9,synthetic,not_applicable,,team_generated,false,golden
EVT-G009-30,USER-G009,task_completed,2026-02-15T16:00:00Z,SKILL-001,RES-0541,,2,completed,positive,progressing,low,完成本周学习任务,1.1.0,synthetic,true,SRC-SYNTH,2026-09-05T00:00:00+08:00,0.9,synthetic,not_applicable,,team_generated,false,golden
EVT-G010-01,USER-G010,onboarding,2024-10-10T16:00:00Z,,,,0,completed,neutral,active,low,完成基础信息和学习约束录入,1.1.0,synthetic,true,SRC-SYNTH,2026-09-05T00:00:00+08:00,0.9,synthetic,not_applicable,,team_generated,false,golden
EVT-G010-02,USER-G010,skill_assessment,2024-10-27T16:00:00Z,SKILL-048,,,3,completed,positive,progressing,low,完成能力测评并生成可解释证据,1.1.0,synthetic,true,SRC-SYNTH,2026-09-05T00:00:00+08:00,0.9,synthetic,not_applicable,,team_generated,false,golden
EVT-G010-03,USER-G010,course_started,2024-11-13T16:00:00Z,SKILL-001,RES-0541,,0,completed,neutral,active,low,开始一项与目标能力相关的课程,1.1.0,synthetic,true,SRC-SYNTH,2026-09-05T00:00:00+08:00,0.9,synthetic,not_applicable,,team_generated,false,golden
EVT-G010-04,USER-G010,task_completed,2024-11-30T16:00:00Z,SKILL-011,RES-0131,,2,completed,positive,progressing,low,完成本周学习任务,1.1.0,synthetic,true,SRC-SYNTH,2026-09-05T00:00:00+08:00,0.9,synthetic,not_applicable,,team_generated,false,golden
EVT-G010-05,USER-G010,skill_practice,2024-12-17T16:00:00Z,SKILL-019,RES-0005,,2,completed,positive,progressing,low,完成技能练习并记录反思,1.1.0,synthetic,true,SRC-SYNTH,2026-09-05T00:00:00+08:00,0.9,synthetic,not_applicable,,team_generated,false,golden
EVT-G010-06,USER-G010,course_completed,2025-01-03T16:00:00Z,SKILL-022,RES-0128,,6,completed,positive,progressing,low,完成课程并提交学习总结,1.1.0,synthetic,true,SRC-SYNTH,2026-09-05T00:00:00+08:00,0.9,synthetic,not_applicable,,team_generated,false,golden
EVT-G010-07,USER-G010,project_started,2025-01-20T16:00:00Z,SKILL-025,RES-0131,,0,completed,neutral,active,low,启动实践项目并确认里程碑,1.1.0,synthetic,true,SRC-SYNTH,2026-09-05T00:00:00+08:00,0.9,synthetic,not_applicable,,team_generated,false,golden
EVT-G010-08,USER-G010,job_viewed,2025-02-06T16:00:00Z,,,JOB-AI-ALG-0008,0,completed,neutral,active,low,查看目标岗位及能力要求,1.1.0,synthetic,true,SRC-SYNTH,2026-09-05T00:00:00+08:00,0.9,synthetic,not_applicable,,team_generated,false,golden
EVT-G010-09,USER-G010,feedback_submitted,2025-02-23T16:00:00Z,SKILL-001,,,0,completed,neutral,active,low,提交计划难度和推荐相关性反馈,1.1.0,synthetic,true,SRC-SYNTH,2026-09-05T00:00:00+08:00,0.9,synthetic,not_applicable,,team_generated,false,golden
EVT-G010-10,USER-G010,task_completed,2025-03-12T16:00:00Z,SKILL-011,RES-0544,,2,completed,positive,progressing,low,完成本周学习任务,1.1.0,synthetic,true,SRC-SYNTH,2026-09-05T00:00:00+08:00,0.9,synthetic,not_applicable,,team_generated,false,golden
EVT-G010-11,USER-G010,project_completed,2025-03-29T16:00:00Z,SKILL-019,RES-0002,,8,completed,positive,progressing,low,完成项目、说明文档和复盘,1.1.0,synthetic,true,SRC-SYNTH,2026-09-05T00:00:00+08:00,0.9,synthetic,not_applicable,,team_generated,false,golden
EVT-G010-12,USER-G010,profile_recalculated,2025-04-15T16:00:00Z,SKILL-022,,,0,completed,neutral,active,low,根据新证据重算画像与岗位匹配度,1.1.0,synthetic,true,SRC-SYNTH,2026-09-05T00:00:00+08:00,0.9,synthetic,not_applicable,,team_generated,false,golden
EVT-G010-13,USER-G010,job_saved,2025-05-02T16:00:00Z,,,JOB-AI-ALG-0013,0,completed,neutral,active,low,收藏一个模拟目标岗位,1.1.0,synthetic,true,SRC-SYNTH,2026-09-05T00:00:00+08:00,0.9,synthetic,not_applicable,,team_generated,false,golden
EVT-G010-14,USER-G010,application_submitted,2025-05-19T16:00:00Z,,,JOB-AI-ALG-0014,0,completed,neutral,active,low,向模拟岗位提交申请,1.1.0,synthetic,true,SRC-SYNTH,2026-09-05T00:00:00+08:00,0.9,synthetic,not_applicable,,team_generated,false,golden
EVT-G010-15,USER-G010,interview_result,2025-06-05T16:00:00Z,,,JOB-AI-ALG-0015,0,completed,disappointed,active,low,记录模拟面试反馈,1.1.0,synthetic,true,SRC-SYNTH,2026-09-05T00:00:00+08:00,0.9,synthetic,not_applicable,,team_generated,false,golden
EVT-G010-16,USER-G010,plan_adjusted,2025-06-22T16:00:00Z,SKILL-011,,,0,completed,neutral,plan_rebalanced,low,根据时间和反馈调整学习计划,1.1.0,synthetic,true,SRC-SYNTH,2026-09-05T00:00:00+08:00,0.9,synthetic,not_applicable,,team_generated,false,golden
EVT-G010-17,USER-G010,skill_practice,2025-07-09T16:00:00Z,SKILL-019,RES-0425,,2,completed,positive,progressing,low,完成技能练习并记录反思,1.1.0,synthetic,true,SRC-SYNTH,2026-09-05T00:00:00+08:00,0.9,synthetic,not_applicable,,team_generated,false,golden
EVT-G010-18,USER-G010,inactivity,2025-07-26T16:00:00Z,SKILL-022,,,-4,attention_needed,frustrated,learning_stalled,medium,超过设定周期未产生学习证据，触发技能衰减,1.1.0,synthetic,true,SRC-SYNTH,2026-09-05T00:00:00+08:00,0.9,synthetic,not_applicable,,team_generated,false,golden
EVT-G010-19,USER-G010,reminder_response,2025-08-12T16:00:00Z,SKILL-025,,,0,completed,neutral,active,low,响应任务提醒并更新完成状态,1.1.0,synthetic,true,SRC-SYNTH,2026-09-05T00:00:00+08:00,0.9,synthetic,not_applicable,,team_generated,false,golden
EVT-G010-20,USER-G010,profile_recalculated,2025-08-29T16:00:00Z,SKILL-048,,,0,completed,neutral,active,low,根据新证据重算画像与岗位匹配度,1.1.0,synthetic,true,SRC-SYNTH,2026-09-05T00:00:00+08:00,0.9,synthetic,not_applicable,,team_generated,false,golden
EVT-G010-21,USER-G010,onboarding,2025-09-15T16:00:00Z,,,,0,completed,neutral,active,low,完成基础信息和学习约束录入,1.1.0,synthetic,true,SRC-SYNTH,2026-09-05T00:00:00+08:00,0.9,synthetic,not_applicable,,team_generated,false,golden
EVT-G010-22,USER-G010,skill_assessment,2025-10-02T16:00:00Z,SKILL-011,,,3,completed,positive,progressing,low,完成能力测评并生成可解释证据,1.1.0,synthetic,true,SRC-SYNTH,2026-09-05T00:00:00+08:00,0.9,synthetic,not_applicable,,team_generated,false,golden
EVT-G010-23,USER-G010,course_started,2025-10-19T16:00:00Z,SKILL-019,RES-0545,,0,completed,neutral,active,low,开始一项与目标能力相关的课程,1.1.0,synthetic,true,SRC-SYNTH,2026-09-05T00:00:00+08:00,0.9,synthetic,not_applicable,,team_generated,false,golden
EVT-G010-24,USER-G010,task_completed,2025-11-05T16:00:00Z,SKILL-022,RES-0004,,2,completed,positive,progressing,low,完成本周学习任务,1.1.0,synthetic,true,SRC-SYNTH,2026-09-05T00:00:00+08:00,0.9,synthetic,not_applicable,,team_generated,false,golden
EVT-G010-25,USER-G010,skill_practice,2025-11-22T16:00:00Z,SKILL-025,RES-0006,,2,completed,positive,progressing,low,完成技能练习并记录反思,1.1.0,synthetic,true,SRC-SYNTH,2026-09-05T00:00:00+08:00,0.9,synthetic,not_applicable,,team_generated,false,golden
EVT-G010-26,USER-G010,course_completed,2025-12-09T16:00:00Z,SKILL-048,RES-0001,,6,completed,positive,progressing,low,完成课程并提交学习总结,1.1.0,synthetic,true,SRC-SYNTH,2026-09-05T00:00:00+08:00,0.9,synthetic,not_applicable,,team_generated,false,golden
EVT-G010-27,USER-G010,project_started,2025-12-26T16:00:00Z,SKILL-001,RES-0541,,0,completed,neutral,active,low,启动实践项目并确认里程碑,1.1.0,synthetic,true,SRC-SYNTH,2026-09-05T00:00:00+08:00,0.9,synthetic,not_applicable,,team_generated,false,golden
EVT-G010-28,USER-G010,job_viewed,2026-01-12T16:00:00Z,,,JOB-AI-ALG-0008,0,completed,neutral,active,low,查看目标岗位及能力要求,1.1.0,synthetic,true,SRC-SYNTH,2026-09-05T00:00:00+08:00,0.9,synthetic,not_applicable,,team_generated,false,golden
EVT-G010-29,USER-G010,feedback_submitted,2026-01-29T16:00:00Z,SKILL-019,,,0,completed,neutral,active,low,提交计划难度和推荐相关性反馈,1.1.0,synthetic,true,SRC-SYNTH,2026-09-05T00:00:00+08:00,0.9,synthetic,not_applicable,,team_generated,false,golden
EVT-G010-30,USER-G010,task_completed,2026-02-15T16:00:00Z,SKILL-022,RES-0428,,2,completed,positive,progressing,low,完成本周学习任务,1.1.0,synthetic,true,SRC-SYNTH,2026-09-05T00:00:00+08:00,0.9,synthetic,not_applicable,,team_generated,false,golden
EVT-G011-01,USER-G011,onboarding,2024-10-10T16:00:00Z,,,,0,completed,neutral,active,low,完成基础信息和学习约束录入,1.1.0,synthetic,true,SRC-SYNTH,2026-09-05T00:00:00+08:00,0.9,synthetic,not_applicable,,team_generated,false,golden
EVT-G011-02,USER-G011,skill_assessment,2024-10-27T16:00:00Z,SKILL-049,,,3,completed,positive,progressing,low,完成能力测评并生成可解释证据,1.1.0,synthetic,true,SRC-SYNTH,2026-09-05T00:00:00+08:00,0.9,synthetic,not_applicable,,team_generated,false,golden
EVT-G011-03,USER-G011,course_started,2024-11-13T16:00:00Z,SKILL-009,RES-0122,,0,completed,neutral,active,low,开始一项与目标能力相关的课程,1.1.0,synthetic,true,SRC-SYNTH,2026-09-05T00:00:00+08:00,0.9,synthetic,not_applicable,,team_generated,false,golden
EVT-G011-04,USER-G011,task_completed,2024-11-30T16:00:00Z,SKILL-012,RES-0132,,2,completed,positive,progressing,low,完成本周学习任务,1.1.0,synthetic,true,SRC-SYNTH,2026-09-05T00:00:00+08:00,0.9,synthetic,not_applicable,,team_generated,false,golden
EVT-G011-05,USER-G011,skill_practice,2024-12-17T16:00:00Z,SKILL-015,RES-0135,,2,completed,positive,progressing,low,完成技能练习并记录反思,1.1.0,synthetic,true,SRC-SYNTH,2026-09-05T00:00:00+08:00,0.9,synthetic,not_applicable,,team_generated,false,golden
EVT-G011-06,USER-G011,course_completed,2025-01-03T16:00:00Z,SKILL-041,RES-0034,,6,completed,positive,progressing,low,完成课程并提交学习总结,1.1.0,synthetic,true,SRC-SYNTH,2026-09-05T00:00:00+08:00,0.9,synthetic,not_applicable,,team_generated,false,golden
EVT-G011-07,USER-G011,project_started,2025-01-20T16:00:00Z,SKILL-045,RES-0001,,0,completed,neutral,active,low,启动实践项目并确认里程碑,1.1.0,synthetic,true,SRC-SYNTH,2026-09-05T00:00:00+08:00,0.9,synthetic,not_applicable,,team_generated,false,golden
EVT-G011-08,USER-G011,job_viewed,2025-02-06T16:00:00Z,,,JOB-DATA-0008,0,completed,neutral,active,low,查看目标岗位及能力要求,1.1.0,synthetic,true,SRC-SYNTH,2026-09-05T00:00:00+08:00,0.9,synthetic,not_applicable,,team_generated,false,golden
EVT-G011-09,USER-G011,feedback_submitted,2025-02-23T16:00:00Z,SKILL-009,,,0,completed,neutral,active,low,提交计划难度和推荐相关性反馈,1.1.0,synthetic,true,SRC-SYNTH,2026-09-05T00:00:00+08:00,0.9,synthetic,not_applicable,,team_generated,false,golden
EVT-G011-10,USER-G011,task_completed,2025-03-12T16:00:00Z,SKILL-012,RES-0545,,2,completed,positive,progressing,low,完成本周学习任务,1.1.0,synthetic,true,SRC-SYNTH,2026-09-05T00:00:00+08:00,0.9,synthetic,not_applicable,,team_generated,false,golden
EVT-G011-11,USER-G011,project_completed,2025-03-29T16:00:00Z,SKILL-015,RES-0135,,8,completed,positive,progressing,low,完成项目、说明文档和复盘,1.1.0,synthetic,true,SRC-SYNTH,2026-09-05T00:00:00+08:00,0.9,synthetic,not_applicable,,team_generated,false,golden
EVT-G011-12,USER-G011,profile_recalculated,2025-04-15T16:00:00Z,SKILL-041,,,0,completed,neutral,active,low,根据新证据重算画像与岗位匹配度,1.1.0,synthetic,true,SRC-SYNTH,2026-09-05T00:00:00+08:00,0.9,synthetic,not_applicable,,team_generated,false,golden
EVT-G011-13,USER-G011,job_saved,2025-05-02T16:00:00Z,,,JOB-DATA-0013,0,completed,neutral,active,low,收藏一个模拟目标岗位,1.1.0,synthetic,true,SRC-SYNTH,2026-09-05T00:00:00+08:00,0.9,synthetic,not_applicable,,team_generated,false,golden
EVT-G011-14,USER-G011,application_submitted,2025-05-19T16:00:00Z,,,JOB-DATA-0014,0,completed,neutral,active,low,向模拟岗位提交申请,1.1.0,synthetic,true,SRC-SYNTH,2026-09-05T00:00:00+08:00,0.9,synthetic,not_applicable,,team_generated,false,golden
EVT-G011-15,USER-G011,interview_result,2025-06-05T16:00:00Z,,,JOB-DATA-0015,0,completed,disappointed,active,low,记录模拟面试反馈,1.1.0,synthetic,true,SRC-SYNTH,2026-09-05T00:00:00+08:00,0.9,synthetic,not_applicable,,team_generated,false,golden
EVT-G011-16,USER-G011,plan_adjusted,2025-06-22T16:00:00Z,SKILL-012,,,0,completed,neutral,plan_rebalanced,low,根据时间和反馈调整学习计划,1.1.0,synthetic,true,SRC-SYNTH,2026-09-05T00:00:00+08:00,0.9,synthetic,not_applicable,,team_generated,false,golden
EVT-G011-17,USER-G011,skill_practice,2025-07-09T16:00:00Z,SKILL-015,RES-0135,,2,completed,positive,progressing,low,完成技能练习并记录反思,1.1.0,synthetic,true,SRC-SYNTH,2026-09-05T00:00:00+08:00,0.9,synthetic,not_applicable,,team_generated,false,golden
EVT-G011-18,USER-G011,inactivity,2025-07-26T16:00:00Z,SKILL-041,,,-4,attention_needed,frustrated,learning_stalled,medium,超过设定周期未产生学习证据，触发技能衰减,1.1.0,synthetic,true,SRC-SYNTH,2026-09-05T00:00:00+08:00,0.9,synthetic,not_applicable,,team_generated,false,golden
EVT-G011-19,USER-G011,reminder_response,2025-08-12T16:00:00Z,SKILL-045,,,0,completed,neutral,active,low,响应任务提醒并更新完成状态,1.1.0,synthetic,true,SRC-SYNTH,2026-09-05T00:00:00+08:00,0.9,synthetic,not_applicable,,team_generated,false,golden
EVT-G011-20,USER-G011,profile_recalculated,2025-08-29T16:00:00Z,SKILL-049,,,0,completed,neutral,active,low,根据新证据重算画像与岗位匹配度,1.1.0,synthetic,true,SRC-SYNTH,2026-09-05T00:00:00+08:00,0.9,synthetic,not_applicable,,team_generated,false,golden
EVT-G011-21,USER-G011,onboarding,2025-09-15T16:00:00Z,,,,0,completed,neutral,active,low,完成基础信息和学习约束录入,1.1.0,synthetic,true,SRC-SYNTH,2026-09-05T00:00:00+08:00,0.9,synthetic,not_applicable,,team_generated,false,golden
EVT-G011-22,USER-G011,skill_assessment,2025-10-02T16:00:00Z,SKILL-012,,,3,completed,positive,progressing,low,完成能力测评并生成可解释证据,1.1.0,synthetic,true,SRC-SYNTH,2026-09-05T00:00:00+08:00,0.9,synthetic,not_applicable,,team_generated,false,golden
EVT-G011-23,USER-G011,course_started,2025-10-19T16:00:00Z,SKILL-015,RES-0128,,0,completed,neutral,active,low,开始一项与目标能力相关的课程,1.1.0,synthetic,true,SRC-SYNTH,2026-09-05T00:00:00+08:00,0.9,synthetic,not_applicable,,team_generated,false,golden
EVT-G011-24,USER-G011,task_completed,2025-11-05T16:00:00Z,SKILL-041,RES-0034,,2,completed,positive,progressing,low,完成本周学习任务,1.1.0,synthetic,true,SRC-SYNTH,2026-09-05T00:00:00+08:00,0.9,synthetic,not_applicable,,team_generated,false,golden
EVT-G011-25,USER-G011,skill_practice,2025-11-22T16:00:00Z,SKILL-045,RES-0001,,2,completed,positive,progressing,low,完成技能练习并记录反思,1.1.0,synthetic,true,SRC-SYNTH,2026-09-05T00:00:00+08:00,0.9,synthetic,not_applicable,,team_generated,false,golden
EVT-G011-26,USER-G011,course_completed,2025-12-09T16:00:00Z,SKILL-049,RES-0001,,6,completed,positive,progressing,low,完成课程并提交学习总结,1.1.0,synthetic,true,SRC-SYNTH,2026-09-05T00:00:00+08:00,0.9,synthetic,not_applicable,,team_generated,false,golden
EVT-G011-27,USER-G011,project_started,2025-12-26T16:00:00Z,SKILL-009,RES-0129,,0,completed,neutral,active,low,启动实践项目并确认里程碑,1.1.0,synthetic,true,SRC-SYNTH,2026-09-05T00:00:00+08:00,0.9,synthetic,not_applicable,,team_generated,false,golden
EVT-G011-28,USER-G011,job_viewed,2026-01-12T16:00:00Z,,,JOB-DATA-0008,0,completed,neutral,active,low,查看目标岗位及能力要求,1.1.0,synthetic,true,SRC-SYNTH,2026-09-05T00:00:00+08:00,0.9,synthetic,not_applicable,,team_generated,false,golden
EVT-G011-29,USER-G011,feedback_submitted,2026-01-29T16:00:00Z,SKILL-015,,,0,completed,neutral,active,low,提交计划难度和推荐相关性反馈,1.1.0,synthetic,true,SRC-SYNTH,2026-09-05T00:00:00+08:00,0.9,synthetic,not_applicable,,team_generated,false,golden
EVT-G011-30,USER-G011,task_completed,2026-02-15T16:00:00Z,SKILL-041,RES-0034,,2,completed,positive,progressing,low,完成本周学习任务,1.1.0,synthetic,true,SRC-SYNTH,2026-09-05T00:00:00+08:00,0.9,synthetic,not_applicable,,team_generated,false,golden
EVT-G012-01,USER-G012,onboarding,2024-10-10T16:00:00Z,,,,0,completed,neutral,active,low,完成基础信息和学习约束录入,1.1.0,synthetic,true,SRC-SYNTH,2026-09-05T00:00:00+08:00,0.9,synthetic,not_applicable,,team_generated,false,golden
EVT-G012-02,USER-G012,skill_assessment,2024-10-27T16:00:00Z,SKILL-054,,,3,completed,positive,progressing,low,完成能力测评并生成可解释证据,1.1.0,synthetic,true,SRC-SYNTH,2026-09-05T00:00:00+08:00,0.9,synthetic,not_applicable,,team_generated,false,golden
EVT-G012-03,USER-G012,course_started,2024-11-13T16:00:00Z,SKILL-010,RES-0130,,0,completed,neutral,active,low,开始一项与目标能力相关的课程,1.1.0,synthetic,true,SRC-SYNTH,2026-09-05T00:00:00+08:00,0.9,synthetic,not_applicable,,team_generated,false,golden
EVT-G012-04,USER-G012,task_completed,2024-11-30T16:00:00Z,SKILL-018,RES-0138,,2,completed,positive,progressing,low,完成本周学习任务,1.1.0,synthetic,true,SRC-SYNTH,2026-09-05T00:00:00+08:00,0.9,synthetic,not_applicable,,team_generated,false,golden
EVT-G012-05,USER-G012,skill_practice,2024-12-17T16:00:00Z,SKILL-021,RES-0141,,2,completed,positive,progressing,low,完成技能练习并记录反思,1.1.0,synthetic,true,SRC-SYNTH,2026-09-05T00:00:00+08:00,0.9,synthetic,not_applicable,,team_generated,false,golden
EVT-G012-06,USER-G012,course_completed,2025-01-03T16:00:00Z,SKILL-024,RES-0144,,6,completed,positive,progressing,low,完成课程并提交学习总结,1.1.0,synthetic,true,SRC-SYNTH,2026-09-05T00:00:00+08:00,0.9,synthetic,not_applicable,,team_generated,false,golden
EVT-G012-07,USER-G012,project_started,2025-01-20T16:00:00Z,SKILL-036,RES-0029,,0,completed,neutral,active,low,启动实践项目并确认里程碑,1.1.0,synthetic,true,SRC-SYNTH,2026-09-05T00:00:00+08:00,0.9,synthetic,not_applicable,,team_generated,false,golden
EVT-G012-08,USER-G012,job_viewed,2025-02-06T16:00:00Z,,,JOB-AI-ALG-0008,0,completed,neutral,active,low,查看目标岗位及能力要求,1.1.0,synthetic,true,SRC-SYNTH,2026-09-05T00:00:00+08:00,0.9,synthetic,not_applicable,,team_generated,false,golden
EVT-G012-09,USER-G012,feedback_submitted,2025-02-23T16:00:00Z,SKILL-010,,,0,completed,neutral,active,low,提交计划难度和推荐相关性反馈,1.1.0,synthetic,true,SRC-SYNTH,2026-09-05T00:00:00+08:00,0.9,synthetic,not_applicable,,team_generated,false,golden
EVT-G012-10,USER-G012,task_completed,2025-03-12T16:00:00Z,SKILL-018,RES-0131,,2,completed,positive,progressing,low,完成本周学习任务,1.1.0,synthetic,true,SRC-SYNTH,2026-09-05T00:00:00+08:00,0.9,synthetic,not_applicable,,team_generated,false,golden
EVT-G012-11,USER-G012,project_completed,2025-03-29T16:00:00Z,SKILL-021,RES-0134,,8,completed,positive,progressing,low,完成项目、说明文档和复盘,1.1.0,synthetic,true,SRC-SYNTH,2026-09-05T00:00:00+08:00,0.9,synthetic,not_applicable,,team_generated,false,golden
EVT-G012-12,USER-G012,profile_recalculated,2025-04-15T16:00:00Z,SKILL-024,,,0,completed,neutral,active,low,根据新证据重算画像与岗位匹配度,1.1.0,synthetic,true,SRC-SYNTH,2026-09-05T00:00:00+08:00,0.9,synthetic,not_applicable,,team_generated,false,golden
EVT-G012-13,USER-G012,job_saved,2025-05-02T16:00:00Z,,,JOB-AI-ALG-0013,0,completed,neutral,active,low,收藏一个模拟目标岗位,1.1.0,synthetic,true,SRC-SYNTH,2026-09-05T00:00:00+08:00,0.9,synthetic,not_applicable,,team_generated,false,golden
EVT-G012-14,USER-G012,application_submitted,2025-05-19T16:00:00Z,,,JOB-AI-ALG-0014,0,completed,neutral,active,low,向模拟岗位提交申请,1.1.0,synthetic,true,SRC-SYNTH,2026-09-05T00:00:00+08:00,0.9,synthetic,not_applicable,,team_generated,false,golden
EVT-G012-15,USER-G012,interview_result,2025-06-05T16:00:00Z,,,JOB-AI-ALG-0015,0,completed,disappointed,active,low,记录模拟面试反馈,1.1.0,synthetic,true,SRC-SYNTH,2026-09-05T00:00:00+08:00,0.9,synthetic,not_applicable,,team_generated,false,golden
EVT-G012-16,USER-G012,plan_adjusted,2025-06-22T16:00:00Z,SKILL-018,,,0,completed,neutral,plan_rebalanced,low,根据时间和反馈调整学习计划,1.1.0,synthetic,true,SRC-SYNTH,2026-09-05T00:00:00+08:00,0.9,synthetic,not_applicable,,team_generated,false,golden
EVT-G012-17,USER-G012,skill_practice,2025-07-09T16:00:00Z,SKILL-021,RES-0134,,2,completed,positive,progressing,low,完成技能练习并记录反思,1.1.0,synthetic,true,SRC-SYNTH,2026-09-05T00:00:00+08:00,0.9,synthetic,not_applicable,,team_generated,false,golden
EVT-G012-18,USER-G012,inactivity,2025-07-26T16:00:00Z,SKILL-024,,,-4,attention_needed,frustrated,learning_stalled,medium,超过设定周期未产生学习证据，触发技能衰减,1.1.0,synthetic,true,SRC-SYNTH,2026-09-05T00:00:00+08:00,0.9,synthetic,not_applicable,,team_generated,false,golden
EVT-G012-19,USER-G012,reminder_response,2025-08-12T16:00:00Z,SKILL-036,,,0,completed,neutral,active,low,响应任务提醒并更新完成状态,1.1.0,synthetic,true,SRC-SYNTH,2026-09-05T00:00:00+08:00,0.9,synthetic,not_applicable,,team_generated,false,golden
EVT-G012-20,USER-G012,profile_recalculated,2025-08-29T16:00:00Z,SKILL-054,,,0,completed,neutral,active,low,根据新证据重算画像与岗位匹配度,1.1.0,synthetic,true,SRC-SYNTH,2026-09-05T00:00:00+08:00,0.9,synthetic,not_applicable,,team_generated,false,golden
EVT-G012-21,USER-G012,onboarding,2025-09-15T16:00:00Z,,,,0,completed,neutral,active,low,完成基础信息和学习约束录入,1.1.0,synthetic,true,SRC-SYNTH,2026-09-05T00:00:00+08:00,0.9,synthetic,not_applicable,,team_generated,false,golden
EVT-G012-22,USER-G012,skill_assessment,2025-10-02T16:00:00Z,SKILL-018,,,3,completed,positive,progressing,low,完成能力测评并生成可解释证据,1.1.0,synthetic,true,SRC-SYNTH,2026-09-05T00:00:00+08:00,0.9,synthetic,not_applicable,,team_generated,false,golden
EVT-G012-23,USER-G012,course_started,2025-10-19T16:00:00Z,SKILL-021,RES-0134,,0,completed,neutral,active,low,开始一项与目标能力相关的课程,1.1.0,synthetic,true,SRC-SYNTH,2026-09-05T00:00:00+08:00,0.9,synthetic,not_applicable,,team_generated,false,golden
EVT-G012-24,USER-G012,task_completed,2025-11-05T16:00:00Z,SKILL-024,RES-0144,,2,completed,positive,progressing,low,完成本周学习任务,1.1.0,synthetic,true,SRC-SYNTH,2026-09-05T00:00:00+08:00,0.9,synthetic,not_applicable,,team_generated,false,golden
EVT-G012-25,USER-G012,skill_practice,2025-11-22T16:00:00Z,SKILL-036,RES-0029,,2,completed,positive,progressing,low,完成技能练习并记录反思,1.1.0,synthetic,true,SRC-SYNTH,2026-09-05T00:00:00+08:00,0.9,synthetic,not_applicable,,team_generated,false,golden
EVT-G012-26,USER-G012,course_completed,2025-12-09T16:00:00Z,SKILL-054,RES-0005,,6,completed,positive,progressing,low,完成课程并提交学习总结,1.1.0,synthetic,true,SRC-SYNTH,2026-09-05T00:00:00+08:00,0.9,synthetic,not_applicable,,team_generated,false,golden
EVT-G012-27,USER-G012,project_started,2025-12-26T16:00:00Z,SKILL-010,RES-0130,,0,completed,neutral,active,low,启动实践项目并确认里程碑,1.1.0,synthetic,true,SRC-SYNTH,2026-09-05T00:00:00+08:00,0.9,synthetic,not_applicable,,team_generated,false,golden
EVT-G012-28,USER-G012,job_viewed,2026-01-12T16:00:00Z,,,JOB-AI-ALG-0008,0,completed,neutral,active,low,查看目标岗位及能力要求,1.1.0,synthetic,true,SRC-SYNTH,2026-09-05T00:00:00+08:00,0.9,synthetic,not_applicable,,team_generated,false,golden
EVT-G012-29,USER-G012,feedback_submitted,2026-01-29T16:00:00Z,SKILL-021,,,0,completed,neutral,active,low,提交计划难度和推荐相关性反馈,1.1.0,synthetic,true,SRC-SYNTH,2026-09-05T00:00:00+08:00,0.9,synthetic,not_applicable,,team_generated,false,golden
EVT-G012-30,USER-G012,task_completed,2026-02-15T16:00:00Z,SKILL-024,RES-0144,,2,completed,positive,progressing,low,完成本周学习任务,1.1.0,synthetic,true,SRC-SYNTH,2026-09-05T00:00:00+08:00,0.9,synthetic,not_applicable,,team_generated,false,golden
