knowledge_card_id,category,title,content,keywords,related_entity_type,related_entity_id,schema_version,origin,is_synthetic,source_ids,generated_at,confidence,claim_level,verification_status,last_verified_at,license_scope,is_market_fact,data_split
KC-SKILL-001-L1,skill_level,Python编程等级1,Python编程属于编程与计算基础。等级1要求学习者理解基础概念并在指导下完成任务。评估应引用近期课程、项目、测评或工作样例。,Python编程|编程与计算基础|能力等级|证据,skill,SKILL-001,1.2.0,derived,true,SRC-ONET|SRC-ESCO|SRC-SYNTH,2026-09-13T00:00:00+08:00,0.9,primary_derived,derived,,cc_by_4_0_attribution,false,dev
KC-SKILL-005-L2,skill_level,计算机网络等级2,计算机网络属于编程与计算基础。等级2要求学习者理解基础概念并在指导下完成任务。评估应引用近期课程、项目、测评或工作样例。,计算机网络|编程与计算基础|能力等级|证据,skill,SKILL-005,1.2.0,derived,true,SRC-ONET|SRC-ESCO|SRC-SYNTH,2026-09-13T00:00:00+08:00,0.9,primary_derived,derived,,cc_by_4_0_attribution,false,dev
KC-SKILL-008-L3,skill_level,测试与调试等级3,测试与调试属于编程与计算基础。等级3要求学习者独立完成常见任务、解释方法并处理异常。评估应引用近期课程、项目、测评或工作样例。,测试与调试|编程与计算基础|能力等级|证据,skill,SKILL-008,1.2.0,derived,true,SRC-ONET|SRC-ESCO|SRC-SYNTH,2026-09-13T00:00:00+08:00,0.9,primary_derived,derived,,cc_by_4_0_attribution,false,dev
KC-SKILL-012-L4,skill_level,探索性数据分析等级4,探索性数据分析属于数据处理与分析。等级4要求学习者独立完成常见任务、解释方法并处理异常。评估应引用近期课程、项目、测评或工作样例。,探索性数据分析|数据处理与分析|能力等级|证据,skill,SKILL-012,1.2.0,derived,true,SRC-ONET|SRC-ESCO|SRC-SYNTH,2026-09-13T00:00:00+08:00,0.9,primary_derived,derived,,cc_by_4_0_attribution,false,dev
KC-SKILL-015-L5,skill_level,数据建模等级5,数据建模属于数据处理与分析。等级5要求学习者设计复杂方案、评估风险并指导他人。评估应引用近期课程、项目、测评或工作样例。,数据建模|数据处理与分析|能力等级|证据,skill,SKILL-015,1.2.0,derived,true,SRC-ONET|SRC-ESCO|SRC-SYNTH,2026-09-13T00:00:00+08:00,0.9,primary_derived,derived,,cc_by_4_0_attribution,false,dev
KC-SKILL-020-L1,skill_level,特征工程等级1,特征工程属于机器学习与算法。等级1要求学习者理解基础概念并在指导下完成任务。评估应引用近期课程、项目、测评或工作样例。,特征工程|机器学习与算法|能力等级|证据,skill,SKILL-020,1.2.0,derived,true,SRC-ONET|SRC-ESCO|SRC-SYNTH,2026-09-13T00:00:00+08:00,0.9,primary_derived,derived,,cc_by_4_0_attribution,false,dev
KC-SKILL-023-L2,skill_level,自然语言处理等级2,自然语言处理属于机器学习与算法。等级2要求学习者理解基础概念并在指导下完成任务。评估应引用近期课程、项目、测评或工作样例。,自然语言处理|机器学习与算法|能力等级|证据,skill,SKILL-023,1.2.0,derived,true,SRC-ONET|SRC-ESCO|SRC-SYNTH,2026-09-13T00:00:00+08:00,0.9,primary_derived,derived,,cc_by_4_0_attribution,false,dev
KC-SKILL-027-L3,skill_level,RAG应用等级3,RAG应用属于大模型与AI应用。等级3要求学习者独立完成常见任务、解释方法并处理异常。评估应引用近期课程、项目、测评或工作样例。,RAG应用|大模型与AI应用|能力等级|证据,skill,SKILL-027,1.2.0,derived,true,SRC-ONET|SRC-ESCO|SRC-SYNTH,2026-09-13T00:00:00+08:00,0.9,primary_derived,derived,,cc_by_4_0_attribution,false,dev
KC-SKILL-030-L4,skill_level,MCP与工具调用等级4,MCP与工具调用属于大模型与AI应用。等级4要求学习者独立完成常见任务、解释方法并处理异常。评估应引用近期课程、项目、测评或工作样例。,MCP与工具调用|大模型与AI应用|能力等级|证据,skill,SKILL-030,1.2.0,derived,true,SRC-ONET|SRC-ESCO|SRC-SYNTH,2026-09-13T00:00:00+08:00,0.9,primary_derived,derived,,cc_by_4_0_attribution,false,dev
KC-SKILL-034-L5,skill_level,API设计等级5,API设计属于工程部署与工具。等级5要求学习者设计复杂方案、评估风险并指导他人。评估应引用近期课程、项目、测评或工作样例。,API设计|工程部署与工具|能力等级|证据,skill,SKILL-034,1.2.0,derived,true,SRC-ONET|SRC-ESCO|SRC-SYNTH,2026-09-13T00:00:00+08:00,0.9,primary_derived,derived,,cc_by_4_0_attribution,false,dev
KC-SKILL-038-L1,skill_level,云端部署等级1,云端部署属于工程部署与工具。等级1要求学习者理解基础概念并在指导下完成任务。评估应引用近期课程、项目、测评或工作样例。,云端部署|工程部署与工具|能力等级|证据,skill,SKILL-038,1.2.0,derived,true,SRC-ONET|SRC-ESCO|SRC-SYNTH,2026-09-13T00:00:00+08:00,0.9,primary_derived,derived,,cc_by_4_0_attribution,false,dev
KC-SKILL-042-L2,skill_level,系统思维等级2,系统思维属于问题解决与产品思维。等级2要求学习者理解基础概念并在指导下完成任务。评估应引用近期课程、项目、测评或工作样例。,系统思维|问题解决与产品思维|能力等级|证据,skill,SKILL-042,1.2.0,derived,true,SRC-ONET|SRC-WEF|SRC-SYNTH,2026-09-13T00:00:00+08:00,0.9,primary_derived,derived,,cc_by_4_0_attribution,false,dev
KC-SKILL-045-L3,skill_level,指标设计等级3,指标设计属于问题解决与产品思维。等级3要求学习者独立完成常见任务、解释方法并处理异常。评估应引用近期课程、项目、测评或工作样例。,指标设计|问题解决与产品思维|能力等级|证据,skill,SKILL-045,1.2.0,derived,true,SRC-ONET|SRC-ESCO|SRC-SYNTH,2026-09-13T00:00:00+08:00,0.9,primary_derived,derived,,cc_by_4_0_attribution,false,dev
KC-SKILL-049-L4,skill_level,表达与汇报等级4,表达与汇报属于沟通协作与职业素养。等级4要求学习者独立完成常见任务、解释方法并处理异常。评估应引用近期课程、项目、测评或工作样例。,表达与汇报|沟通协作与职业素养|能力等级|证据,skill,SKILL-049,1.2.0,derived,true,SRC-ONET|SRC-WEF|SRC-SYNTH,2026-09-13T00:00:00+08:00,0.9,primary_derived,derived,,cc_by_4_0_attribution,false,dev
KC-SKILL-052-L5,skill_level,团队协作等级5,团队协作属于沟通协作与职业素养。等级5要求学习者设计复杂方案、评估风险并指导他人。评估应引用近期课程、项目、测评或工作样例。,团队协作|沟通协作与职业素养|能力等级|证据,skill,SKILL-052,1.2.0,derived,true,SRC-ONET|SRC-WEF|SRC-SYNTH,2026-09-13T00:00:00+08:00,0.9,primary_derived,derived,,cc_by_4_0_attribution,false,dev
KC-SKILL-057-L1,skill_level,项目规划等级1,项目规划属于学习成长与项目实践。等级1要求学习者理解基础概念并在指导下完成任务。评估应引用近期课程、项目、测评或工作样例。,项目规划|学习成长与项目实践|能力等级|证据,skill,SKILL-057,1.2.0,derived,true,SRC-ONET|SRC-ESCO|SRC-SYNTH,2026-09-13T00:00:00+08:00,0.9,primary_derived,derived,,cc_by_4_0_attribution,false,dev
KC-SKILL-060-L2,skill_level,职业探索等级2,职业探索属于学习成长与项目实践。等级2要求学习者理解基础概念并在指导下完成任务。评估应引用近期课程、项目、测评或工作样例。,职业探索|学习成长与项目实践|能力等级|证据,skill,SKILL-060,1.2.0,derived,true,SRC-ONET|SRC-WEF|SRC-SYNTH,2026-09-13T00:00:00+08:00,0.9,primary_derived,derived,,cc_by_4_0_attribution,false,dev
KC-SKILL-001-L2,skill_level,Python编程等级2,Python编程属于编程与计算基础。等级2要求学习者理解基础概念并在指导下完成任务。评估应引用近期课程、项目、测评或工作样例。,Python编程|编程与计算基础|能力等级|证据,skill,SKILL-001,1.2.0,derived,true,SRC-ONET|SRC-ESCO|SRC-SYNTH,2026-09-13T00:00:00+08:00,0.9,primary_derived,derived,,cc_by_4_0_attribution,false,dev
KC-SKILL-002-L1,skill_level,数据结构与算法等级1,数据结构与算法属于编程与计算基础。等级1要求学习者理解基础概念并在指导下完成任务。评估应引用近期课程、项目、测评或工作样例。,数据结构与算法|编程与计算基础|能力等级|证据,skill,SKILL-002,1.2.0,derived,true,SRC-ONET|SRC-ESCO|SRC-SYNTH,2026-09-13T00:00:00+08:00,0.9,primary_derived,derived,,cc_by_4_0_attribution,false,dev
KC-SKILL-003-L1,skill_level,面向对象设计等级1,面向对象设计属于编程与计算基础。等级1要求学习者理解基础概念并在指导下完成任务。评估应引用近期课程、项目、测评或工作样例。,面向对象设计|编程与计算基础|能力等级|证据,skill,SKILL-003,1.2.0,derived,true,SRC-ONET|SRC-ESCO|SRC-SYNTH,2026-09-13T00:00:00+08:00,0.9,primary_derived,derived,,cc_by_4_0_attribution,false,dev
KC-SKILL-004-L1,skill_level,计算机系统基础等级1,计算机系统基础属于编程与计算基础。等级1要求学习者理解基础概念并在指导下完成任务。评估应引用近期课程、项目、测评或工作样例。,计算机系统基础|编程与计算基础|能力等级|证据,skill,SKILL-004,1.2.0,derived,true,SRC-ONET|SRC-ESCO|SRC-SYNTH,2026-09-13T00:00:00+08:00,0.9,primary_derived,derived,,cc_by_4_0_attribution,false,dev
KC-SKILL-005-L1,skill_level,计算机网络等级1,计算机网络属于编程与计算基础。等级1要求学习者理解基础概念并在指导下完成任务。评估应引用近期课程、项目、测评或工作样例。,计算机网络|编程与计算基础|能力等级|证据,skill,SKILL-005,1.2.0,derived,true,SRC-ONET|SRC-ESCO|SRC-SYNTH,2026-09-13T00:00:00+08:00,0.9,primary_derived,derived,,cc_by_4_0_attribution,false,dev
KC-SKILL-006-L1,skill_level,Linux使用等级1,Linux使用属于编程与计算基础。等级1要求学习者理解基础概念并在指导下完成任务。评估应引用近期课程、项目、测评或工作样例。,Linux使用|编程与计算基础|能力等级|证据,skill,SKILL-006,1.2.0,derived,true,SRC-ONET|SRC-ESCO|SRC-SYNTH,2026-09-13T00:00:00+08:00,0.9,primary_derived,derived,,cc_by_4_0_attribution,false,dev
KC-SKILL-007-L1,skill_level,软件工程等级1,软件工程属于编程与计算基础。等级1要求学习者理解基础概念并在指导下完成任务。评估应引用近期课程、项目、测评或工作样例。,软件工程|编程与计算基础|能力等级|证据,skill,SKILL-007,1.2.0,derived,true,SRC-ONET|SRC-ESCO|SRC-SYNTH,2026-09-13T00:00:00+08:00,0.9,primary_derived,derived,,cc_by_4_0_attribution,false,dev
KC-SKILL-008-L1,skill_level,测试与调试等级1,测试与调试属于编程与计算基础。等级1要求学习者理解基础概念并在指导下完成任务。评估应引用近期课程、项目、测评或工作样例。,测试与调试|编程与计算基础|能力等级|证据,skill,SKILL-008,1.2.0,derived,true,SRC-ONET|SRC-ESCO|SRC-SYNTH,2026-09-13T00:00:00+08:00,0.9,primary_derived,derived,,cc_by_4_0_attribution,false,dev
KC-SKILL-009-L1,skill_level,SQL等级1,SQL属于数据处理与分析。等级1要求学习者理解基础概念并在指导下完成任务。评估应引用近期课程、项目、测评或工作样例。,SQL|数据处理与分析|能力等级|证据,skill,SKILL-009,1.2.0,derived,true,SRC-ONET|SRC-ESCO|SRC-SYNTH,2026-09-13T00:00:00+08:00,0.9,primary_derived,derived,,cc_by_4_0_attribution,false,dev
KC-SKILL-010-L1,skill_level,数据清洗等级1,数据清洗属于数据处理与分析。等级1要求学习者理解基础概念并在指导下完成任务。评估应引用近期课程、项目、测评或工作样例。,数据清洗|数据处理与分析|能力等级|证据,skill,SKILL-010,1.2.0,derived,true,SRC-ONET|SRC-ESCO|SRC-SYNTH,2026-09-13T00:00:00+08:00,0.9,primary_derived,derived,,cc_by_4_0_attribution,false,dev
KC-SKILL-011-L1,skill_level,统计学基础等级1,统计学基础属于数据处理与分析。等级1要求学习者理解基础概念并在指导下完成任务。评估应引用近期课程、项目、测评或工作样例。,统计学基础|数据处理与分析|能力等级|证据,skill,SKILL-011,1.2.0,derived,true,SRC-ONET|SRC-WEF|SRC-SYNTH,2026-09-13T00:00:00+08:00,0.9,primary_derived,derived,,cc_by_4_0_attribution,false,dev
KC-SKILL-012-L1,skill_level,探索性数据分析等级1,探索性数据分析属于数据处理与分析。等级1要求学习者理解基础概念并在指导下完成任务。评估应引用近期课程、项目、测评或工作样例。,探索性数据分析|数据处理与分析|能力等级|证据,skill,SKILL-012,1.2.0,derived,true,SRC-ONET|SRC-ESCO|SRC-SYNTH,2026-09-13T00:00:00+08:00,0.9,primary_derived,derived,,cc_by_4_0_attribution,false,dev
KC-SKILL-013-L1,skill_level,数据可视化等级1,数据可视化属于数据处理与分析。等级1要求学习者理解基础概念并在指导下完成任务。评估应引用近期课程、项目、测评或工作样例。,数据可视化|数据处理与分析|能力等级|证据,skill,SKILL-013,1.2.0,derived,true,SRC-ONET|SRC-ESCO|SRC-SYNTH,2026-09-13T00:00:00+08:00,0.9,primary_derived,derived,,cc_by_4_0_attribution,false,dev
KC-SKILL-014-L1,skill_level,Excel与BI工具等级1,Excel与BI工具属于数据处理与分析。等级1要求学习者理解基础概念并在指导下完成任务。评估应引用近期课程、项目、测评或工作样例。,Excel与BI工具|数据处理与分析|能力等级|证据,skill,SKILL-014,1.2.0,derived,true,SRC-ONET|SRC-ESCO|SRC-SYNTH,2026-09-13T00:00:00+08:00,0.9,primary_derived,derived,,cc_by_4_0_attribution,false,dev
KC-SKILL-015-L1,skill_level,数据建模等级1,数据建模属于数据处理与分析。等级1要求学习者理解基础概念并在指导下完成任务。评估应引用近期课程、项目、测评或工作样例。,数据建模|数据处理与分析|能力等级|证据,skill,SKILL-015,1.2.0,derived,true,SRC-ONET|SRC-ESCO|SRC-SYNTH,2026-09-13T00:00:00+08:00,0.9,primary_derived,derived,,cc_by_4_0_attribution,false,dev
KC-SKILL-016-L1,skill_level,实验与A/B测试等级1,实验与A/B测试属于数据处理与分析。等级1要求学习者理解基础概念并在指导下完成任务。评估应引用近期课程、项目、测评或工作样例。,实验与A/B测试|数据处理与分析|能力等级|证据,skill,SKILL-016,1.2.0,derived,true,SRC-ONET|SRC-ESCO|SRC-SYNTH,2026-09-13T00:00:00+08:00,0.9,primary_derived,derived,,cc_by_4_0_attribution,false,dev
KC-SKILL-017-L1,skill_level,线性代数等级1,线性代数属于机器学习与算法。等级1要求学习者理解基础概念并在指导下完成任务。评估应引用近期课程、项目、测评或工作样例。,线性代数|机器学习与算法|能力等级|证据,skill,SKILL-017,1.2.0,derived,true,SRC-ONET|SRC-WEF|SRC-SYNTH,2026-09-13T00:00:00+08:00,0.9,primary_derived,derived,,cc_by_4_0_attribution,false,dev
KC-SKILL-018-L1,skill_level,微积分与优化等级1,微积分与优化属于机器学习与算法。等级1要求学习者理解基础概念并在指导下完成任务。评估应引用近期课程、项目、测评或工作样例。,微积分与优化|机器学习与算法|能力等级|证据,skill,SKILL-018,1.2.0,derived,true,SRC-ONET|SRC-WEF|SRC-SYNTH,2026-09-13T00:00:00+08:00,0.9,primary_derived,derived,,cc_by_4_0_attribution,false,dev
KC-SKILL-019-L1,skill_level,机器学习等级1,机器学习属于机器学习与算法。等级1要求学习者理解基础概念并在指导下完成任务。评估应引用近期课程、项目、测评或工作样例。,机器学习|机器学习与算法|能力等级|证据,skill,SKILL-019,1.2.0,derived,true,SRC-ONET|SRC-ESCO|SRC-SYNTH,2026-09-13T00:00:00+08:00,0.9,primary_derived,derived,,cc_by_4_0_attribution,false,dev
KC-SKILL-020-L2,skill_level,特征工程等级2,特征工程属于机器学习与算法。等级2要求学习者理解基础概念并在指导下完成任务。评估应引用近期课程、项目、测评或工作样例。,特征工程|机器学习与算法|能力等级|证据,skill,SKILL-020,1.2.0,derived,true,SRC-ONET|SRC-ESCO|SRC-SYNTH,2026-09-13T00:00:00+08:00,0.9,primary_derived,derived,,cc_by_4_0_attribution,false,dev
KC-SKILL-021-L1,skill_level,模型评估等级1,模型评估属于机器学习与算法。等级1要求学习者理解基础概念并在指导下完成任务。评估应引用近期课程、项目、测评或工作样例。,模型评估|机器学习与算法|能力等级|证据,skill,SKILL-021,1.2.0,derived,true,SRC-ONET|SRC-ESCO|SRC-SYNTH,2026-09-13T00:00:00+08:00,0.9,primary_derived,derived,,cc_by_4_0_attribution,false,dev
KC-SKILL-022-L1,skill_level,深度学习等级1,深度学习属于机器学习与算法。等级1要求学习者理解基础概念并在指导下完成任务。评估应引用近期课程、项目、测评或工作样例。,深度学习|机器学习与算法|能力等级|证据,skill,SKILL-022,1.2.0,derived,true,SRC-ONET|SRC-ESCO|SRC-SYNTH,2026-09-13T00:00:00+08:00,0.9,primary_derived,derived,,cc_by_4_0_attribution,false,dev
KC-SKILL-023-L1,skill_level,自然语言处理等级1,自然语言处理属于机器学习与算法。等级1要求学习者理解基础概念并在指导下完成任务。评估应引用近期课程、项目、测评或工作样例。,自然语言处理|机器学习与算法|能力等级|证据,skill,SKILL-023,1.2.0,derived,true,SRC-ONET|SRC-ESCO|SRC-SYNTH,2026-09-13T00:00:00+08:00,0.9,primary_derived,derived,,cc_by_4_0_attribution,false,dev
KC-SKILL-024-L1,skill_level,模型调优等级1,模型调优属于机器学习与算法。等级1要求学习者理解基础概念并在指导下完成任务。评估应引用近期课程、项目、测评或工作样例。,模型调优|机器学习与算法|能力等级|证据,skill,SKILL-024,1.2.0,derived,true,SRC-ONET|SRC-ESCO|SRC-SYNTH,2026-09-13T00:00:00+08:00,0.9,primary_derived,derived,,cc_by_4_0_attribution,false,dev
KC-SKILL-025-L1,skill_level,大模型基础等级1,大模型基础属于大模型与AI应用。等级1要求学习者理解基础概念并在指导下完成任务。评估应引用近期课程、项目、测评或工作样例。,大模型基础|大模型与AI应用|能力等级|证据,skill,SKILL-025,1.2.0,derived,true,SRC-ONET|SRC-ESCO|SRC-SYNTH,2026-09-13T00:00:00+08:00,0.9,primary_derived,derived,,cc_by_4_0_attribution,false,dev
KC-SKILL-026-L1,skill_level,提示词设计等级1,提示词设计属于大模型与AI应用。等级1要求学习者理解基础概念并在指导下完成任务。评估应引用近期课程、项目、测评或工作样例。,提示词设计|大模型与AI应用|能力等级|证据,skill,SKILL-026,1.2.0,derived,true,SRC-ONET|SRC-ESCO|SRC-SYNTH,2026-09-13T00:00:00+08:00,0.9,primary_derived,derived,,cc_by_4_0_attribution,false,dev
KC-SKILL-027-L1,skill_level,RAG应用等级1,RAG应用属于大模型与AI应用。等级1要求学习者理解基础概念并在指导下完成任务。评估应引用近期课程、项目、测评或工作样例。,RAG应用|大模型与AI应用|能力等级|证据,skill,SKILL-027,1.2.0,derived,true,SRC-ONET|SRC-ESCO|SRC-SYNTH,2026-09-13T00:00:00+08:00,0.9,primary_derived,derived,,cc_by_4_0_attribution,false,dev
KC-SKILL-028-L1,skill_level,向量数据库等级1,向量数据库属于大模型与AI应用。等级1要求学习者理解基础概念并在指导下完成任务。评估应引用近期课程、项目、测评或工作样例。,向量数据库|大模型与AI应用|能力等级|证据,skill,SKILL-028,1.2.0,derived,true,SRC-ONET|SRC-ESCO|SRC-SYNTH,2026-09-13T00:00:00+08:00,0.9,primary_derived,derived,,cc_by_4_0_attribution,false,dev
KC-SKILL-029-L1,skill_level,智能体开发等级1,智能体开发属于大模型与AI应用。等级1要求学习者理解基础概念并在指导下完成任务。评估应引用近期课程、项目、测评或工作样例。,智能体开发|大模型与AI应用|能力等级|证据,skill,SKILL-029,1.2.0,derived,true,SRC-ONET|SRC-ESCO|SRC-SYNTH,2026-09-13T00:00:00+08:00,0.9,primary_derived,derived,,cc_by_4_0_attribution,false,dev
KC-SKILL-030-L1,skill_level,MCP与工具调用等级1,MCP与工具调用属于大模型与AI应用。等级1要求学习者理解基础概念并在指导下完成任务。评估应引用近期课程、项目、测评或工作样例。,MCP与工具调用|大模型与AI应用|能力等级|证据,skill,SKILL-030,1.2.0,derived,true,SRC-ONET|SRC-ESCO|SRC-SYNTH,2026-09-13T00:00:00+08:00,0.9,primary_derived,derived,,cc_by_4_0_attribution,false,dev
KC-SKILL-031-L1,skill_level,模型微调等级1,模型微调属于大模型与AI应用。等级1要求学习者理解基础概念并在指导下完成任务。评估应引用近期课程、项目、测评或工作样例。,模型微调|大模型与AI应用|能力等级|证据,skill,SKILL-031,1.2.0,derived,true,SRC-ONET|SRC-ESCO|SRC-SYNTH,2026-09-13T00:00:00+08:00,0.9,primary_derived,derived,,cc_by_4_0_attribution,false,dev
KC-SKILL-032-L1,skill_level,AI安全与评测等级1,AI安全与评测属于大模型与AI应用。等级1要求学习者理解基础概念并在指导下完成任务。评估应引用近期课程、项目、测评或工作样例。,AI安全与评测|大模型与AI应用|能力等级|证据,skill,SKILL-032,1.2.0,derived,true,SRC-ONET|SRC-ESCO|SRC-SYNTH,2026-09-13T00:00:00+08:00,0.9,primary_derived,derived,,cc_by_4_0_attribution,false,dev
KC-SKILL-033-L1,skill_level,Git版本控制等级1,Git版本控制属于工程部署与工具。等级1要求学习者理解基础概念并在指导下完成任务。评估应引用近期课程、项目、测评或工作样例。,Git版本控制|工程部署与工具|能力等级|证据,skill,SKILL-033,1.2.0,derived,true,SRC-ONET|SRC-ESCO|SRC-SYNTH,2026-09-13T00:00:00+08:00,0.9,primary_derived,derived,,cc_by_4_0_attribution,false,dev
KC-SKILL-034-L1,skill_level,API设计等级1,API设计属于工程部署与工具。等级1要求学习者理解基础概念并在指导下完成任务。评估应引用近期课程、项目、测评或工作样例。,API设计|工程部署与工具|能力等级|证据,skill,SKILL-034,1.2.0,derived,true,SRC-ONET|SRC-ESCO|SRC-SYNTH,2026-09-13T00:00:00+08:00,0.9,primary_derived,derived,,cc_by_4_0_attribution,false,dev
KC-SKILL-035-L1,skill_level,后端服务开发等级1,后端服务开发属于工程部署与工具。等级1要求学习者理解基础概念并在指导下完成任务。评估应引用近期课程、项目、测评或工作样例。,后端服务开发|工程部署与工具|能力等级|证据,skill,SKILL-035,1.2.0,derived,true,SRC-ONET|SRC-ESCO|SRC-SYNTH,2026-09-13T00:00:00+08:00,0.9,primary_derived,derived,,cc_by_4_0_attribution,false,dev
KC-SKILL-036-L1,skill_level,Docker容器等级1,Docker容器属于工程部署与工具。等级1要求学习者理解基础概念并在指导下完成任务。评估应引用近期课程、项目、测评或工作样例。,Docker容器|工程部署与工具|能力等级|证据,skill,SKILL-036,1.2.0,derived,true,SRC-ONET|SRC-ESCO|SRC-SYNTH,2026-09-13T00:00:00+08:00,0.9,primary_derived,derived,,cc_by_4_0_attribution,false,dev
KC-SKILL-037-L1,skill_level,CI/CD等级1,CI/CD属于工程部署与工具。等级1要求学习者理解基础概念并在指导下完成任务。评估应引用近期课程、项目、测评或工作样例。,CI/CD|工程部署与工具|能力等级|证据,skill,SKILL-037,1.2.0,derived,true,SRC-ONET|SRC-ESCO|SRC-SYNTH,2026-09-13T00:00:00+08:00,0.9,primary_derived,derived,,cc_by_4_0_attribution,false,dev
KC-SKILL-038-L2,skill_level,云端部署等级2,云端部署属于工程部署与工具。等级2要求学习者理解基础概念并在指导下完成任务。评估应引用近期课程、项目、测评或工作样例。,云端部署|工程部署与工具|能力等级|证据,skill,SKILL-038,1.2.0,derived,true,SRC-ONET|SRC-ESCO|SRC-SYNTH,2026-09-13T00:00:00+08:00,0.9,primary_derived,derived,,cc_by_4_0_attribution,false,dev
KC-SKILL-039-L1,skill_level,监控与可观测性等级1,监控与可观测性属于工程部署与工具。等级1要求学习者理解基础概念并在指导下完成任务。评估应引用近期课程、项目、测评或工作样例。,监控与可观测性|工程部署与工具|能力等级|证据,skill,SKILL-039,1.2.0,derived,true,SRC-ONET|SRC-ESCO|SRC-SYNTH,2026-09-13T00:00:00+08:00,0.9,primary_derived,derived,,cc_by_4_0_attribution,false,dev
KC-SKILL-040-L1,skill_level,数据工程管道等级1,数据工程管道属于工程部署与工具。等级1要求学习者理解基础概念并在指导下完成任务。评估应引用近期课程、项目、测评或工作样例。,数据工程管道|工程部署与工具|能力等级|证据,skill,SKILL-040,1.2.0,derived,true,SRC-ONET|SRC-ESCO|SRC-SYNTH,2026-09-13T00:00:00+08:00,0.9,primary_derived,derived,,cc_by_4_0_attribution,false,dev
KC-SKILL-041-L1,skill_level,问题拆解等级1,问题拆解属于问题解决与产品思维。等级1要求学习者理解基础概念并在指导下完成任务。评估应引用近期课程、项目、测评或工作样例。,问题拆解|问题解决与产品思维|能力等级|证据,skill,SKILL-041,1.2.0,derived,true,SRC-ONET|SRC-WEF|SRC-SYNTH,2026-09-13T00:00:00+08:00,0.9,primary_derived,derived,,cc_by_4_0_attribution,false,dev
KC-SKILL-042-L1,skill_level,系统思维等级1,系统思维属于问题解决与产品思维。等级1要求学习者理解基础概念并在指导下完成任务。评估应引用近期课程、项目、测评或工作样例。,系统思维|问题解决与产品思维|能力等级|证据,skill,SKILL-042,1.2.0,derived,true,SRC-ONET|SRC-WEF|SRC-SYNTH,2026-09-13T00:00:00+08:00,0.9,primary_derived,derived,,cc_by_4_0_attribution,false,dev
KC-SKILL-043-L1,skill_level,需求分析等级1,需求分析属于问题解决与产品思维。等级1要求学习者理解基础概念并在指导下完成任务。评估应引用近期课程、项目、测评或工作样例。,需求分析|问题解决与产品思维|能力等级|证据,skill,SKILL-043,1.2.0,derived,true,SRC-ONET|SRC-ESCO|SRC-SYNTH,2026-09-13T00:00:00+08:00,0.9,primary_derived,derived,,cc_by_4_0_attribution,false,dev
KC-SKILL-044-L1,skill_level,用户研究等级1,用户研究属于问题解决与产品思维。等级1要求学习者理解基础概念并在指导下完成任务。评估应引用近期课程、项目、测评或工作样例。,用户研究|问题解决与产品思维|能力等级|证据,skill,SKILL-044,1.2.0,derived,true,SRC-ONET|SRC-ESCO|SRC-SYNTH,2026-09-13T00:00:00+08:00,0.9,primary_derived,derived,,cc_by_4_0_attribution,false,dev
KC-SKILL-045-L1,skill_level,指标设计等级1,指标设计属于问题解决与产品思维。等级1要求学习者理解基础概念并在指导下完成任务。评估应引用近期课程、项目、测评或工作样例。,指标设计|问题解决与产品思维|能力等级|证据,skill,SKILL-045,1.2.0,derived,true,SRC-ONET|SRC-ESCO|SRC-SYNTH,2026-09-13T00:00:00+08:00,0.9,primary_derived,derived,,cc_by_4_0_attribution,false,dev
KC-SKILL-046-L1,skill_level,业务理解等级1,业务理解属于问题解决与产品思维。等级1要求学习者理解基础概念并在指导下完成任务。评估应引用近期课程、项目、测评或工作样例。,业务理解|问题解决与产品思维|能力等级|证据,skill,SKILL-046,1.2.0,derived,true,SRC-ONET|SRC-ESCO|SRC-SYNTH,2026-09-13T00:00:00+08:00,0.9,primary_derived,derived,,cc_by_4_0_attribution,false,dev
KC-SKILL-047-L1,skill_level,创新与方案比较等级1,创新与方案比较属于问题解决与产品思维。等级1要求学习者理解基础概念并在指导下完成任务。评估应引用近期课程、项目、测评或工作样例。,创新与方案比较|问题解决与产品思维|能力等级|证据,skill,SKILL-047,1.2.0,derived,true,SRC-ONET|SRC-ESCO|SRC-SYNTH,2026-09-13T00:00:00+08:00,0.9,primary_derived,derived,,cc_by_4_0_attribution,false,dev
KC-SKILL-048-L1,skill_level,书面沟通等级1,书面沟通属于沟通协作与职业素养。等级1要求学习者理解基础概念并在指导下完成任务。评估应引用近期课程、项目、测评或工作样例。,书面沟通|沟通协作与职业素养|能力等级|证据,skill,SKILL-048,1.2.0,derived,true,SRC-ONET|SRC-WEF|SRC-SYNTH,2026-09-13T00:00:00+08:00,0.9,primary_derived,derived,,cc_by_4_0_attribution,false,dev
KC-SKILL-049-L1,skill_level,表达与汇报等级1,表达与汇报属于沟通协作与职业素养。等级1要求学习者理解基础概念并在指导下完成任务。评估应引用近期课程、项目、测评或工作样例。,表达与汇报|沟通协作与职业素养|能力等级|证据,skill,SKILL-049,1.2.0,derived,true,SRC-ONET|SRC-WEF|SRC-SYNTH,2026-09-13T00:00:00+08:00,0.9,primary_derived,derived,,cc_by_4_0_attribution,false,dev
KC-SKILL-050-L1,skill_level,跨岗位沟通等级1,跨岗位沟通属于沟通协作与职业素养。等级1要求学习者理解基础概念并在指导下完成任务。评估应引用近期课程、项目、测评或工作样例。,跨岗位沟通|沟通协作与职业素养|能力等级|证据,skill,SKILL-050,1.2.0,derived,true,SRC-ONET|SRC-WEF|SRC-SYNTH,2026-09-13T00:00:00+08:00,0.9,primary_derived,derived,,cc_by_4_0_attribution,false,dev
KC-SKILL-051-L1,skill_level,远程协作等级1,远程协作属于沟通协作与职业素养。等级1要求学习者理解基础概念并在指导下完成任务。评估应引用近期课程、项目、测评或工作样例。,远程协作|沟通协作与职业素养|能力等级|证据,skill,SKILL-051,1.2.0,derived,true,SRC-ONET|SRC-ESCO|SRC-SYNTH,2026-09-13T00:00:00+08:00,0.9,primary_derived,derived,,cc_by_4_0_attribution,false,dev
KC-SKILL-052-L1,skill_level,团队协作等级1,团队协作属于沟通协作与职业素养。等级1要求学习者理解基础概念并在指导下完成任务。评估应引用近期课程、项目、测评或工作样例。,团队协作|沟通协作与职业素养|能力等级|证据,skill,SKILL-052,1.2.0,derived,true,SRC-ONET|SRC-WEF|SRC-SYNTH,2026-09-13T00:00:00+08:00,0.9,primary_derived,derived,,cc_by_4_0_attribution,false,dev
KC-SKILL-053-L1,skill_level,时间管理等级1,时间管理属于沟通协作与职业素养。等级1要求学习者理解基础概念并在指导下完成任务。评估应引用近期课程、项目、测评或工作样例。,时间管理|沟通协作与职业素养|能力等级|证据,skill,SKILL-053,1.2.0,derived,true,SRC-ONET|SRC-WEF|SRC-SYNTH,2026-09-13T00:00:00+08:00,0.9,primary_derived,derived,,cc_by_4_0_attribution,false,dev
KC-SKILL-054-L1,skill_level,职业伦理与隐私等级1,职业伦理与隐私属于沟通协作与职业素养。等级1要求学习者理解基础概念并在指导下完成任务。评估应引用近期课程、项目、测评或工作样例。,职业伦理与隐私|沟通协作与职业素养|能力等级|证据,skill,SKILL-054,1.2.0,derived,true,SRC-ONET|SRC-WEF|SRC-SYNTH,2026-09-13T00:00:00+08:00,0.9,primary_derived,derived,,cc_by_4_0_attribution,false,dev
KC-SKILL-055-L1,skill_level,自主学习等级1,自主学习属于学习成长与项目实践。等级1要求学习者理解基础概念并在指导下完成任务。评估应引用近期课程、项目、测评或工作样例。,自主学习|学习成长与项目实践|能力等级|证据,skill,SKILL-055,1.2.0,derived,true,SRC-ONET|SRC-WEF|SRC-SYNTH,2026-09-13T00:00:00+08:00,0.9,primary_derived,derived,,cc_by_4_0_attribution,false,dev
KC-SKILL-056-L1,skill_level,知识管理等级1,知识管理属于学习成长与项目实践。等级1要求学习者理解基础概念并在指导下完成任务。评估应引用近期课程、项目、测评或工作样例。,知识管理|学习成长与项目实践|能力等级|证据,skill,SKILL-056,1.2.0,derived,true,SRC-ONET|SRC-ESCO|SRC-SYNTH,2026-09-13T00:00:00+08:00,0.9,primary_derived,derived,,cc_by_4_0_attribution,false,dev
KC-SKILL-057-L2,skill_level,项目规划等级2,项目规划属于学习成长与项目实践。等级2要求学习者理解基础概念并在指导下完成任务。评估应引用近期课程、项目、测评或工作样例。,项目规划|学习成长与项目实践|能力等级|证据,skill,SKILL-057,1.2.0,derived,true,SRC-ONET|SRC-ESCO|SRC-SYNTH,2026-09-13T00:00:00+08:00,0.9,primary_derived,derived,,cc_by_4_0_attribution,false,dev
KC-SKILL-058-L1,skill_level,项目交付等级1,项目交付属于学习成长与项目实践。等级1要求学习者理解基础概念并在指导下完成任务。评估应引用近期课程、项目、测评或工作样例。,项目交付|学习成长与项目实践|能力等级|证据,skill,SKILL-058,1.2.0,derived,true,SRC-ONET|SRC-ESCO|SRC-SYNTH,2026-09-13T00:00:00+08:00,0.9,primary_derived,derived,,cc_by_4_0_attribution,false,dev
KC-SKILL-059-L1,skill_level,复盘与反馈等级1,复盘与反馈属于学习成长与项目实践。等级1要求学习者理解基础概念并在指导下完成任务。评估应引用近期课程、项目、测评或工作样例。,复盘与反馈|学习成长与项目实践|能力等级|证据,skill,SKILL-059,1.2.0,derived,true,SRC-ONET|SRC-WEF|SRC-SYNTH,2026-09-13T00:00:00+08:00,0.9,primary_derived,derived,,cc_by_4_0_attribution,false,dev
KC-SKILL-060-L1,skill_level,职业探索等级1,职业探索属于学习成长与项目实践。等级1要求学习者理解基础概念并在指导下完成任务。评估应引用近期课程、项目、测评或工作样例。,职业探索|学习成长与项目实践|能力等级|证据,skill,SKILL-060,1.2.0,derived,true,SRC-ONET|SRC-WEF|SRC-SYNTH,2026-09-13T00:00:00+08:00,0.9,primary_derived,derived,,cc_by_4_0_attribution,false,dev
KC-SKILL-001-L3,skill_level,Python编程等级3,Python编程属于编程与计算基础。等级3要求学习者独立完成常见任务、解释方法并处理异常。评估应引用近期课程、项目、测评或工作样例。,Python编程|编程与计算基础|能力等级|证据,skill,SKILL-001,1.2.0,derived,true,SRC-ONET|SRC-ESCO|SRC-SYNTH,2026-09-13T00:00:00+08:00,0.9,primary_derived,derived,,cc_by_4_0_attribution,false,dev
KC-SKILL-002-L2,skill_level,数据结构与算法等级2,数据结构与算法属于编程与计算基础。等级2要求学习者理解基础概念并在指导下完成任务。评估应引用近期课程、项目、测评或工作样例。,数据结构与算法|编程与计算基础|能力等级|证据,skill,SKILL-002,1.2.0,derived,true,SRC-ONET|SRC-ESCO|SRC-SYNTH,2026-09-13T00:00:00+08:00,0.9,primary_derived,derived,,cc_by_4_0_attribution,false,dev
KC-SKILL-003-L2,skill_level,面向对象设计等级2,面向对象设计属于编程与计算基础。等级2要求学习者理解基础概念并在指导下完成任务。评估应引用近期课程、项目、测评或工作样例。,面向对象设计|编程与计算基础|能力等级|证据,skill,SKILL-003,1.2.0,derived,true,SRC-ONET|SRC-ESCO|SRC-SYNTH,2026-09-13T00:00:00+08:00,0.9,primary_derived,derived,,cc_by_4_0_attribution,false,dev
KC-SKILL-004-L2,skill_level,计算机系统基础等级2,计算机系统基础属于编程与计算基础。等级2要求学习者理解基础概念并在指导下完成任务。评估应引用近期课程、项目、测评或工作样例。,计算机系统基础|编程与计算基础|能力等级|证据,skill,SKILL-004,1.2.0,derived,true,SRC-ONET|SRC-ESCO|SRC-SYNTH,2026-09-13T00:00:00+08:00,0.9,primary_derived,derived,,cc_by_4_0_attribution,false,dev
KC-SKILL-005-L3,skill_level,计算机网络等级3,计算机网络属于编程与计算基础。等级3要求学习者独立完成常见任务、解释方法并处理异常。评估应引用近期课程、项目、测评或工作样例。,计算机网络|编程与计算基础|能力等级|证据,skill,SKILL-005,1.2.0,derived,true,SRC-ONET|SRC-ESCO|SRC-SYNTH,2026-09-13T00:00:00+08:00,0.9,primary_derived,derived,,cc_by_4_0_attribution,false,dev
KC-SKILL-006-L2,skill_level,Linux使用等级2,Linux使用属于编程与计算基础。等级2要求学习者理解基础概念并在指导下完成任务。评估应引用近期课程、项目、测评或工作样例。,Linux使用|编程与计算基础|能力等级|证据,skill,SKILL-006,1.2.0,derived,true,SRC-ONET|SRC-ESCO|SRC-SYNTH,2026-09-13T00:00:00+08:00,0.9,primary_derived,derived,,cc_by_4_0_attribution,false,dev
KC-SKILL-007-L2,skill_level,软件工程等级2,软件工程属于编程与计算基础。等级2要求学习者理解基础概念并在指导下完成任务。评估应引用近期课程、项目、测评或工作样例。,软件工程|编程与计算基础|能力等级|证据,skill,SKILL-007,1.2.0,derived,true,SRC-ONET|SRC-ESCO|SRC-SYNTH,2026-09-13T00:00:00+08:00,0.9,primary_derived,derived,,cc_by_4_0_attribution,false,dev
KC-SKILL-008-L2,skill_level,测试与调试等级2,测试与调试属于编程与计算基础。等级2要求学习者理解基础概念并在指导下完成任务。评估应引用近期课程、项目、测评或工作样例。,测试与调试|编程与计算基础|能力等级|证据,skill,SKILL-008,1.2.0,derived,true,SRC-ONET|SRC-ESCO|SRC-SYNTH,2026-09-13T00:00:00+08:00,0.9,primary_derived,derived,,cc_by_4_0_attribution,false,dev
KC-SKILL-009-L2,skill_level,SQL等级2,SQL属于数据处理与分析。等级2要求学习者理解基础概念并在指导下完成任务。评估应引用近期课程、项目、测评或工作样例。,SQL|数据处理与分析|能力等级|证据,skill,SKILL-009,1.2.0,derived,true,SRC-ONET|SRC-ESCO|SRC-SYNTH,2026-09-13T00:00:00+08:00,0.9,primary_derived,derived,,cc_by_4_0_attribution,false,dev
KC-SKILL-010-L2,skill_level,数据清洗等级2,数据清洗属于数据处理与分析。等级2要求学习者理解基础概念并在指导下完成任务。评估应引用近期课程、项目、测评或工作样例。,数据清洗|数据处理与分析|能力等级|证据,skill,SKILL-010,1.2.0,derived,true,SRC-ONET|SRC-ESCO|SRC-SYNTH,2026-09-13T00:00:00+08:00,0.9,primary_derived,derived,,cc_by_4_0_attribution,false,dev
KC-SKILL-011-L2,skill_level,统计学基础等级2,统计学基础属于数据处理与分析。等级2要求学习者理解基础概念并在指导下完成任务。评估应引用近期课程、项目、测评或工作样例。,统计学基础|数据处理与分析|能力等级|证据,skill,SKILL-011,1.2.0,derived,true,SRC-ONET|SRC-WEF|SRC-SYNTH,2026-09-13T00:00:00+08:00,0.9,primary_derived,derived,,cc_by_4_0_attribution,false,dev
KC-SKILL-012-L2,skill_level,探索性数据分析等级2,探索性数据分析属于数据处理与分析。等级2要求学习者理解基础概念并在指导下完成任务。评估应引用近期课程、项目、测评或工作样例。,探索性数据分析|数据处理与分析|能力等级|证据,skill,SKILL-012,1.2.0,derived,true,SRC-ONET|SRC-ESCO|SRC-SYNTH,2026-09-13T00:00:00+08:00,0.9,primary_derived,derived,,cc_by_4_0_attribution,false,dev
KC-SKILL-013-L2,skill_level,数据可视化等级2,数据可视化属于数据处理与分析。等级2要求学习者理解基础概念并在指导下完成任务。评估应引用近期课程、项目、测评或工作样例。,数据可视化|数据处理与分析|能力等级|证据,skill,SKILL-013,1.2.0,derived,true,SRC-ONET|SRC-ESCO|SRC-SYNTH,2026-09-13T00:00:00+08:00,0.9,primary_derived,derived,,cc_by_4_0_attribution,false,dev
KC-RES-0018,learning_resource,国产大模型之腾讯混元大模型应用实战课,仅保存官方页面公开元数据；课程内容、状态和适用对象以原页面为准。 难度为intermediate，预计14小时，先修能力建议不低于50分。,国产大模型之腾讯混元大模型应用实战课|verified_course_metadata|intermediate,resource,RES-0018,1.2.0,public_metadata,false,SRC-SMARTEDU,2026-09-13T00:00:00+08:00,0.97,verified_primary,verified,2026-09-05,metadata_only,false,dev
KC-RES-0034,learning_resource,API设计课程主题卡（intermediate）,参赛团队根据公开目录为API设计整理的学习主题，不对应一门官方课程。 难度为intermediate，预计18小时，先修能力建议不低于50分。,API设计课程主题卡（intermediate）|public_catalog_topic_card|intermediate,resource,RES-0034,1.2.0,derived,true,SRC-SMARTEDU|SRC-SYNTH,2026-09-13T00:00:00+08:00,0.86,primary_derived,derived,,reference_only,false,dev
KC-RES-0055,learning_resource,自主学习课程主题卡（intermediate）,参赛团队根据公开目录为自主学习整理的学习主题，不对应一门官方课程。 难度为intermediate，预计39小时，先修能力建议不低于50分。,自主学习课程主题卡（intermediate）|public_catalog_topic_card|intermediate,resource,RES-0055,1.2.0,derived,true,SRC-SMARTEDU|SRC-SYNTH,2026-09-13T00:00:00+08:00,0.86,primary_derived,derived,,reference_only,false,dev
KC-RES-0071,learning_resource,统计学基础课程主题卡（advanced）,参赛团队根据公开目录为统计学基础整理的学习主题，不对应一门官方课程。 难度为advanced，预计27小时，先修能力建议不低于70分。,统计学基础课程主题卡（advanced）|public_catalog_topic_card|advanced,resource,RES-0071,1.2.0,derived,true,SRC-SMARTEDU|SRC-SYNTH,2026-09-13T00:00:00+08:00,0.86,primary_derived,derived,,reference_only,false,dev
KC-RES-0092,learning_resource,AI安全与评测课程主题卡（advanced）,参赛团队根据公开目录为AI安全与评测整理的学习主题，不对应一门官方课程。 难度为advanced，预计20小时，先修能力建议不低于70分。,AI安全与评测课程主题卡（advanced）|public_catalog_topic_card|advanced,resource,RES-0092,1.2.0,derived,true,SRC-SMARTEDU|SRC-SYNTH,2026-09-13T00:00:00+08:00,0.86,primary_derived,derived,,reference_only,false,dev
KC-RES-0108,learning_resource,书面沟通课程主题卡（beginner）,参赛团队根据公开目录为书面沟通整理的学习主题，不对应一门官方课程。 难度为beginner，预计36小时，先修能力建议不低于20分。,书面沟通课程主题卡（beginner）|public_catalog_topic_card|beginner,resource,RES-0108,1.2.0,derived,true,SRC-SMARTEDU|SRC-SYNTH,2026-09-13T00:00:00+08:00,0.86,primary_derived,derived,,reference_only,false,dev
KC-RES-0129,learning_resource,SQL实践项目-009,围绕SQL完成可运行成果、说明文档和复盘。 难度为beginner，预计30小时，先修能力建议不低于20分。,SQL实践项目-009|synthetic_project|beginner,resource,RES-0129,1.2.0,synthetic,true,SRC-SYNTH,2026-09-13T00:00:00+08:00,0.86,synthetic,not_applicable,,team_generated,false,dev
KC-RES-0145,learning_resource,大模型基础实践项目-025,围绕大模型基础完成可运行成果、说明文档和复盘。 难度为intermediate，预计11小时，先修能力建议不低于50分。,大模型基础实践项目-025|synthetic_project|intermediate,resource,RES-0145,1.2.0,synthetic,true,SRC-SYNTH,2026-09-13T00:00:00+08:00,0.86,synthetic,not_applicable,,team_generated,false,dev
KC-RES-0166,learning_resource,业务理解实践项目-046,围绕业务理解完成可运行成果、说明文档和复盘。 难度为intermediate，预计32小时，先修能力建议不低于50分。,业务理解实践项目-046|synthetic_project|intermediate,resource,RES-0166,1.2.0,synthetic,true,SRC-SYNTH,2026-09-13T00:00:00+08:00,0.86,synthetic,not_applicable,,team_generated,false,dev
KC-RES-0182,learning_resource,数据结构与算法实践项目-062,围绕数据结构与算法完成可运行成果、说明文档和复盘。 难度为advanced，预计13小时，先修能力建议不低于70分。,数据结构与算法实践项目-062|synthetic_project|advanced,resource,RES-0182,1.2.0,synthetic,true,SRC-SYNTH,2026-09-13T00:00:00+08:00,0.86,synthetic,not_applicable,,team_generated,false,dev
KC-RES-0203,learning_resource,自然语言处理实践项目-083,围绕自然语言处理完成可运行成果、说明文档和复盘。 难度为advanced，预计34小时，先修能力建议不低于70分。,自然语言处理实践项目-083|synthetic_project|advanced,resource,RES-0203,1.2.0,synthetic,true,SRC-SYNTH,2026-09-13T00:00:00+08:00,0.86,synthetic,not_applicable,,team_generated,false,dev
KC-RES-0219,learning_resource,监控与可观测性实践项目-099,围绕监控与可观测性完成可运行成果、说明文档和复盘。 难度为beginner，预计15小时，先修能力建议不低于20分。,监控与可观测性实践项目-099|synthetic_project|beginner,resource,RES-0219,1.2.0,synthetic,true,SRC-SYNTH,2026-09-13T00:00:00+08:00,0.86,synthetic,not_applicable,,team_generated,false,dev
KC-RES-0240,learning_resource,职业探索实践项目-120,围绕职业探索完成可运行成果、说明文档和复盘。 难度为beginner，预计36小时，先修能力建议不低于20分。,职业探索实践项目-120|synthetic_project|beginner,resource,RES-0240,1.2.0,synthetic,true,SRC-SYNTH,2026-09-13T00:00:00+08:00,0.86,synthetic,not_applicable,,team_generated,false,dev
KC-RES-0256,learning_resource,实验与A/B测试实践项目-136,围绕实验与A/B测试完成可运行成果、说明文档和复盘。 难度为intermediate，预计17小时，先修能力建议不低于50分。,实验与A/B测试实践项目-136|synthetic_project|intermediate,resource,RES-0256,1.2.0,synthetic,true,SRC-SYNTH,2026-09-13T00:00:00+08:00,0.86,synthetic,not_applicable,,team_generated,false,dev
KC-RES-0277,learning_resource,CI/CD实践项目-157,围绕CI/CD完成可运行成果、说明文档和复盘。 难度为intermediate，预计38小时，先修能力建议不低于50分。,CI/CD实践项目-157|synthetic_project|intermediate,resource,RES-0277,1.2.0,synthetic,true,SRC-SYNTH,2026-09-13T00:00:00+08:00,0.86,synthetic,not_applicable,,team_generated,false,dev
KC-RES-0293,learning_resource,时间管理实践项目-173,围绕时间管理完成可运行成果、说明文档和复盘。 难度为advanced，预计19小时，先修能力建议不低于70分。,时间管理实践项目-173|synthetic_project|advanced,resource,RES-0293,1.2.0,synthetic,true,SRC-SYNTH,2026-09-13T00:00:00+08:00,0.86,synthetic,not_applicable,,team_generated,false,dev
KC-RES-0314,learning_resource,Excel与BI工具实践项目-194,围绕Excel与BI工具完成可运行成果、说明文档和复盘。 难度为advanced，预计40小时，先修能力建议不低于70分。,Excel与BI工具实践项目-194|synthetic_project|advanced,resource,RES-0314,1.2.0,synthetic,true,SRC-SYNTH,2026-09-13T00:00:00+08:00,0.86,synthetic,not_applicable,,team_generated,false,dev
KC-RES-0330,learning_resource,MCP与工具调用实践项目-210,围绕MCP与工具调用完成可运行成果、说明文档和复盘。 难度为beginner，预计21小时，先修能力建议不低于20分。,MCP与工具调用实践项目-210|synthetic_project|beginner,resource,RES-0330,1.2.0,synthetic,true,SRC-SYNTH,2026-09-13T00:00:00+08:00,0.86,synthetic,not_applicable,,team_generated,false,dev
KC-RES-0367,learning_resource,软件工程实践项目-247,围绕软件工程完成可运行成果、说明文档和复盘。 难度为intermediate，预计23小时，先修能力建议不低于50分。,软件工程实践项目-247|synthetic_project|intermediate,resource,RES-0367,1.2.0,synthetic,true,SRC-SYNTH,2026-09-13T00:00:00+08:00,0.86,synthetic,not_applicable,,team_generated,false,dev
KC-RES-0404,learning_resource,用户研究实践项目-284,围绕用户研究完成可运行成果、说明文档和复盘。 难度为advanced，预计25小时，先修能力建议不低于70分。,用户研究实践项目-284|synthetic_project|advanced,resource,RES-0404,1.2.0,synthetic,true,SRC-SYNTH,2026-09-13T00:00:00+08:00,0.86,synthetic,not_applicable,,team_generated,false,dev
KC-RES-0441,learning_resource,模型评估能力测评-021,通过任务和量表验证模型评估，结果仅用于学习建议。 难度为beginner，预计2小时，先修能力建议不低于20分。,模型评估能力测评-021|synthetic_assessment|beginner,resource,RES-0441,1.2.0,synthetic,true,SRC-SYNTH,2026-09-13T00:00:00+08:00,0.86,synthetic,not_applicable,,team_generated,false,dev
KC-RES-0478,learning_resource,项目交付能力测评-058,通过任务和量表验证项目交付，结果仅用于学习建议。 难度为intermediate，预计4小时，先修能力建议不低于50分。,项目交付能力测评-058|synthetic_assessment|intermediate,resource,RES-0478,1.2.0,synthetic,true,SRC-SYNTH,2026-09-13T00:00:00+08:00,0.86,synthetic,not_applicable,,team_generated,false,dev
KC-RES-0515,learning_resource,后端服务开发能力测评-095,通过任务和量表验证后端服务开发，结果仅用于学习建议。 难度为advanced，预计1小时，先修能力建议不低于70分。,后端服务开发能力测评-095|synthetic_assessment|advanced,resource,RES-0515,1.2.0,synthetic,true,SRC-SYNTH,2026-09-13T00:00:00+08:00,0.86,synthetic,not_applicable,,team_generated,false,dev
KC-RES-0552,learning_resource,探索性数据分析职业应用指南-012,用于学习或理解探索性数据分析，内容为演示指南。 难度为beginner，预计2小时，先修能力建议不低于20分。,探索性数据分析职业应用指南-012|synthetic_guide|beginner,resource,RES-0552,1.2.0,synthetic,true,SRC-WEF|SRC-SYNTH,2026-09-13T00:00:00+08:00,0.86,synthetic,not_applicable,,reference_only,false,dev
KC-RES-0589,learning_resource,表达与汇报职业应用指南-049,用于学习或理解表达与汇报，内容为演示指南。 难度为intermediate，预计3小时，先修能力建议不低于50分。,表达与汇报职业应用指南-049|synthetic_guide|intermediate,resource,RES-0589,1.2.0,synthetic,true,SRC-PIPL|SRC-WEF|SRC-SYNTH,2026-09-13T00:00:00+08:00,0.86,synthetic,not_applicable,,reference_only,false,dev
KC-RES-0001,learning_resource,人工智能导论,仅保存官方页面公开元数据；课程内容、状态和适用对象以原页面为准。 难度为beginner，预计36小时，先修能力建议不低于20分。,人工智能导论|verified_course_metadata|beginner,resource,RES-0001,1.2.0,public_metadata,false,SRC-SMARTEDU,2026-09-13T00:00:00+08:00,0.97,verified_primary,verified,2026-09-05,metadata_only,false,dev
KC-RES-0002,learning_resource,人工智能概论,仅保存官方页面公开元数据；课程内容、状态和适用对象以原页面为准。 难度为beginner，预计38小时，先修能力建议不低于20分。,人工智能概论|verified_course_metadata|beginner,resource,RES-0002,1.2.0,public_metadata,false,SRC-SMARTEDU,2026-09-13T00:00:00+08:00,0.97,verified_primary,verified,2026-09-05,metadata_only,false,dev
KC-RES-0003,learning_resource,人工智能导论,仅保存官方页面公开元数据；课程内容、状态和适用对象以原页面为准。 难度为beginner，预计38小时，先修能力建议不低于20分。,人工智能导论|verified_course_metadata|beginner,resource,RES-0003,1.2.0,public_metadata,false,SRC-SMARTEDU,2026-09-13T00:00:00+08:00,0.97,verified_primary,verified,2026-09-05,metadata_only,false,dev
KC-RES-0004,learning_resource,人工智能基础,仅保存官方页面公开元数据；课程内容、状态和适用对象以原页面为准。 难度为beginner，预计20小时，先修能力建议不低于20分。,人工智能基础|verified_course_metadata|beginner,resource,RES-0004,1.2.0,public_metadata,false,SRC-SMARTEDU,2026-09-13T00:00:00+08:00,0.97,verified_primary,verified,2026-09-05,metadata_only,false,dev
KC-RES-0005,learning_resource,人工智能,仅保存官方页面公开元数据；课程内容、状态和适用对象以原页面为准。 难度为intermediate，预计50小时，先修能力建议不低于50分。,人工智能|verified_course_metadata|intermediate,resource,RES-0005,1.2.0,public_metadata,false,SRC-SMARTEDU,2026-09-13T00:00:00+08:00,0.97,verified_primary,verified,2026-09-05,metadata_only,false,dev
KC-RES-0023,learning_resource,自然语言处理课程主题卡（advanced）,参赛团队根据公开目录为自然语言处理整理的学习主题，不对应一门官方课程。 难度为advanced，预计35小时，先修能力建议不低于70分。,自然语言处理课程主题卡（advanced）|public_catalog_topic_card|advanced,resource,RES-0023,1.2.0,derived,true,SRC-SMARTEDU|SRC-SYNTH,2026-09-13T00:00:00+08:00,0.86,primary_derived,derived,,reference_only,false,dev
KC-RES-0024,learning_resource,模型调优课程主题卡（beginner）,参赛团队根据公开目录为模型调优整理的学习主题，不对应一门官方课程。 难度为beginner，预计36小时，先修能力建议不低于20分。,模型调优课程主题卡（beginner）|public_catalog_topic_card|beginner,resource,RES-0024,1.2.0,derived,true,SRC-SMARTEDU|SRC-SYNTH,2026-09-13T00:00:00+08:00,0.86,primary_derived,derived,,reference_only,false,dev
KC-RES-0025,learning_resource,大模型基础课程主题卡（intermediate）,参赛团队根据公开目录为大模型基础整理的学习主题，不对应一门官方课程。 难度为intermediate，预计37小时，先修能力建议不低于50分。,大模型基础课程主题卡（intermediate）|public_catalog_topic_card|intermediate,resource,RES-0025,1.2.0,derived,true,SRC-SMARTEDU|SRC-SYNTH,2026-09-13T00:00:00+08:00,0.86,primary_derived,derived,,reference_only,false,dev
KC-RES-0026,learning_resource,提示词设计课程主题卡（advanced）,参赛团队根据公开目录为提示词设计整理的学习主题，不对应一门官方课程。 难度为advanced，预计38小时，先修能力建议不低于70分。,提示词设计课程主题卡（advanced）|public_catalog_topic_card|advanced,resource,RES-0026,1.2.0,derived,true,SRC-SMARTEDU|SRC-SYNTH,2026-09-13T00:00:00+08:00,0.86,primary_derived,derived,,reference_only,false,dev
KC-RES-0027,learning_resource,RAG应用课程主题卡（beginner）,参赛团队根据公开目录为RAG应用整理的学习主题，不对应一门官方课程。 难度为beginner，预计39小时，先修能力建议不低于20分。,RAG应用课程主题卡（beginner）|public_catalog_topic_card|beginner,resource,RES-0027,1.2.0,derived,true,SRC-SMARTEDU|SRC-SYNTH,2026-09-13T00:00:00+08:00,0.86,primary_derived,derived,,reference_only,false,dev
KC-RES-0028,learning_resource,向量数据库课程主题卡（intermediate）,参赛团队根据公开目录为向量数据库整理的学习主题，不对应一门官方课程。 难度为intermediate，预计12小时，先修能力建议不低于50分。,向量数据库课程主题卡（intermediate）|public_catalog_topic_card|intermediate,resource,RES-0028,1.2.0,derived,true,SRC-SMARTEDU|SRC-SYNTH,2026-09-13T00:00:00+08:00,0.86,primary_derived,derived,,reference_only,false,dev
KC-RES-0029,learning_resource,智能体开发课程主题卡（advanced）,参赛团队根据公开目录为智能体开发整理的学习主题，不对应一门官方课程。 难度为advanced，预计13小时，先修能力建议不低于70分。,智能体开发课程主题卡（advanced）|public_catalog_topic_card|advanced,resource,RES-0029,1.2.0,derived,true,SRC-SMARTEDU|SRC-SYNTH,2026-09-13T00:00:00+08:00,0.86,primary_derived,derived,,reference_only,false,dev
KC-RES-0121,learning_resource,Python编程实践项目-001,围绕Python编程完成可运行成果、说明文档和复盘。 难度为intermediate，预计22小时，先修能力建议不低于50分。,Python编程实践项目-001|synthetic_project|intermediate,resource,RES-0121,1.2.0,synthetic,true,SRC-SYNTH,2026-09-13T00:00:00+08:00,0.86,synthetic,not_applicable,,team_generated,false,dev
KC-RES-0122,learning_resource,数据结构与算法实践项目-002,围绕数据结构与算法完成可运行成果、说明文档和复盘。 难度为advanced，预计23小时，先修能力建议不低于70分。,数据结构与算法实践项目-002|synthetic_project|advanced,resource,RES-0122,1.2.0,synthetic,true,SRC-SYNTH,2026-09-13T00:00:00+08:00,0.86,synthetic,not_applicable,,team_generated,false,dev
KC-RES-0123,learning_resource,面向对象设计实践项目-003,围绕面向对象设计完成可运行成果、说明文档和复盘。 难度为beginner，预计24小时，先修能力建议不低于20分。,面向对象设计实践项目-003|synthetic_project|beginner,resource,RES-0123,1.2.0,synthetic,true,SRC-SYNTH,2026-09-13T00:00:00+08:00,0.86,synthetic,not_applicable,,team_generated,false,dev
KC-RES-0124,learning_resource,计算机系统基础实践项目-004,围绕计算机系统基础完成可运行成果、说明文档和复盘。 难度为intermediate，预计25小时，先修能力建议不低于50分。,计算机系统基础实践项目-004|synthetic_project|intermediate,resource,RES-0124,1.2.0,synthetic,true,SRC-SYNTH,2026-09-13T00:00:00+08:00,0.86,synthetic,not_applicable,,team_generated,false,dev
KC-RES-0125,learning_resource,计算机网络实践项目-005,围绕计算机网络完成可运行成果、说明文档和复盘。 难度为advanced，预计26小时，先修能力建议不低于70分。,计算机网络实践项目-005|synthetic_project|advanced,resource,RES-0125,1.2.0,synthetic,true,SRC-SYNTH,2026-09-13T00:00:00+08:00,0.86,synthetic,not_applicable,,team_generated,false,dev
KC-RES-0126,learning_resource,Linux使用实践项目-006,围绕Linux使用完成可运行成果、说明文档和复盘。 难度为beginner，预计27小时，先修能力建议不低于20分。,Linux使用实践项目-006|synthetic_project|beginner,resource,RES-0126,1.2.0,synthetic,true,SRC-SYNTH,2026-09-13T00:00:00+08:00,0.86,synthetic,not_applicable,,team_generated,false,dev
KC-RES-0127,learning_resource,软件工程实践项目-007,围绕软件工程完成可运行成果、说明文档和复盘。 难度为intermediate，预计28小时，先修能力建议不低于50分。,软件工程实践项目-007|synthetic_project|intermediate,resource,RES-0127,1.2.0,synthetic,true,SRC-SYNTH,2026-09-13T00:00:00+08:00,0.86,synthetic,not_applicable,,team_generated,false,dev
KC-RES-0128,learning_resource,测试与调试实践项目-008,围绕测试与调试完成可运行成果、说明文档和复盘。 难度为advanced，预计29小时，先修能力建议不低于70分。,测试与调试实践项目-008|synthetic_project|advanced,resource,RES-0128,1.2.0,synthetic,true,SRC-SYNTH,2026-09-13T00:00:00+08:00,0.86,synthetic,not_applicable,,team_generated,false,dev
KC-RES-0130,learning_resource,数据清洗实践项目-010,围绕数据清洗完成可运行成果、说明文档和复盘。 难度为intermediate，预计31小时，先修能力建议不低于50分。,数据清洗实践项目-010|synthetic_project|intermediate,resource,RES-0130,1.2.0,synthetic,true,SRC-SYNTH,2026-09-13T00:00:00+08:00,0.86,synthetic,not_applicable,,team_generated,false,dev
KC-RES-0131,learning_resource,统计学基础实践项目-011,围绕统计学基础完成可运行成果、说明文档和复盘。 难度为advanced，预计32小时，先修能力建议不低于70分。,统计学基础实践项目-011|synthetic_project|advanced,resource,RES-0131,1.2.0,synthetic,true,SRC-SYNTH,2026-09-13T00:00:00+08:00,0.86,synthetic,not_applicable,,team_generated,false,dev
KC-RES-0421,learning_resource,Python编程能力测评-001,通过任务和量表验证Python编程，结果仅用于学习建议。 难度为intermediate，预计2小时，先修能力建议不低于50分。,Python编程能力测评-001|synthetic_assessment|intermediate,resource,RES-0421,1.2.0,synthetic,true,SRC-SYNTH,2026-09-13T00:00:00+08:00,0.86,synthetic,not_applicable,,team_generated,false,dev
KC-RES-0422,learning_resource,数据结构与算法能力测评-002,通过任务和量表验证数据结构与算法，结果仅用于学习建议。 难度为advanced，预计3小时，先修能力建议不低于70分。,数据结构与算法能力测评-002|synthetic_assessment|advanced,resource,RES-0422,1.2.0,synthetic,true,SRC-SYNTH,2026-09-13T00:00:00+08:00,0.86,synthetic,not_applicable,,team_generated,false,dev
KC-RES-0423,learning_resource,面向对象设计能力测评-003,通过任务和量表验证面向对象设计，结果仅用于学习建议。 难度为beginner，预计4小时，先修能力建议不低于20分。,面向对象设计能力测评-003|synthetic_assessment|beginner,resource,RES-0423,1.2.0,synthetic,true,SRC-SYNTH,2026-09-13T00:00:00+08:00,0.86,synthetic,not_applicable,,team_generated,false,dev
KC-RES-0424,learning_resource,计算机系统基础能力测评-004,通过任务和量表验证计算机系统基础，结果仅用于学习建议。 难度为intermediate，预计5小时，先修能力建议不低于50分。,计算机系统基础能力测评-004|synthetic_assessment|intermediate,resource,RES-0424,1.2.0,synthetic,true,SRC-SYNTH,2026-09-13T00:00:00+08:00,0.86,synthetic,not_applicable,,team_generated,false,dev
KC-RES-0425,learning_resource,计算机网络能力测评-005,通过任务和量表验证计算机网络，结果仅用于学习建议。 难度为advanced，预计1小时，先修能力建议不低于70分。,计算机网络能力测评-005|synthetic_assessment|advanced,resource,RES-0425,1.2.0,synthetic,true,SRC-SYNTH,2026-09-13T00:00:00+08:00,0.86,synthetic,not_applicable,,team_generated,false,dev
KC-RES-0426,learning_resource,Linux使用能力测评-006,通过任务和量表验证Linux使用，结果仅用于学习建议。 难度为beginner，预计2小时，先修能力建议不低于20分。,Linux使用能力测评-006|synthetic_assessment|beginner,resource,RES-0426,1.2.0,synthetic,true,SRC-SYNTH,2026-09-13T00:00:00+08:00,0.86,synthetic,not_applicable,,team_generated,false,dev
KC-RES-0427,learning_resource,软件工程能力测评-007,通过任务和量表验证软件工程，结果仅用于学习建议。 难度为intermediate，预计3小时，先修能力建议不低于50分。,软件工程能力测评-007|synthetic_assessment|intermediate,resource,RES-0427,1.2.0,synthetic,true,SRC-SYNTH,2026-09-13T00:00:00+08:00,0.86,synthetic,not_applicable,,team_generated,false,dev
KC-RES-0428,learning_resource,测试与调试能力测评-008,通过任务和量表验证测试与调试，结果仅用于学习建议。 难度为advanced，预计4小时，先修能力建议不低于70分。,测试与调试能力测评-008|synthetic_assessment|advanced,resource,RES-0428,1.2.0,synthetic,true,SRC-SYNTH,2026-09-13T00:00:00+08:00,0.86,synthetic,not_applicable,,team_generated,false,dev
KC-RES-0429,learning_resource,SQL能力测评-009,通过任务和量表验证SQL，结果仅用于学习建议。 难度为beginner，预计5小时，先修能力建议不低于20分。,SQL能力测评-009|synthetic_assessment|beginner,resource,RES-0429,1.2.0,synthetic,true,SRC-SYNTH,2026-09-13T00:00:00+08:00,0.86,synthetic,not_applicable,,team_generated,false,dev
KC-RES-0541,learning_resource,Python编程职业应用指南-001,用于学习或理解Python编程，内容为演示指南。 难度为intermediate，预计3小时，先修能力建议不低于50分。,Python编程职业应用指南-001|synthetic_guide|intermediate,resource,RES-0541,1.2.0,synthetic,true,SRC-WEF|SRC-SYNTH,2026-09-13T00:00:00+08:00,0.86,synthetic,not_applicable,,reference_only,false,dev
KC-RES-0542,learning_resource,数据结构与算法职业应用指南-002,用于学习或理解数据结构与算法，内容为演示指南。 难度为advanced，预计4小时，先修能力建议不低于70分。,数据结构与算法职业应用指南-002|synthetic_guide|advanced,resource,RES-0542,1.2.0,synthetic,true,SRC-WEF|SRC-SYNTH,2026-09-13T00:00:00+08:00,0.86,synthetic,not_applicable,,reference_only,false,dev
KC-RES-0543,learning_resource,面向对象设计职业应用指南-003,用于学习或理解面向对象设计，内容为演示指南。 难度为beginner，预计5小时，先修能力建议不低于20分。,面向对象设计职业应用指南-003|synthetic_guide|beginner,resource,RES-0543,1.2.0,synthetic,true,SRC-WEF|SRC-SYNTH,2026-09-13T00:00:00+08:00,0.86,synthetic,not_applicable,,reference_only,false,dev
KC-RES-0544,learning_resource,计算机系统基础职业应用指南-004,用于学习或理解计算机系统基础，内容为演示指南。 难度为intermediate，预计6小时，先修能力建议不低于50分。,计算机系统基础职业应用指南-004|synthetic_guide|intermediate,resource,RES-0544,1.2.0,synthetic,true,SRC-WEF|SRC-SYNTH,2026-09-13T00:00:00+08:00,0.86,synthetic,not_applicable,,reference_only,false,dev
KC-ROLE-DATA-054,role_skill,数据分析师与职业伦理与隐私,职业伦理与隐私是数据分析师的支撑能力，参考目标分55，岗位权重3.86%。,数据分析师|职业伦理与隐私|岗位匹配|能力差距,role_skill,ROLE-DATA|SKILL-054,1.2.0,derived,true,SRC-ONET|SRC-ESCO|SRC-SYNTH,2026-09-13T00:00:00+08:00,0.88,primary_derived,derived,,cc_by_4_0_attribution,false,dev
KC-ROLE-AI-ALG-001,role_skill,AI算法工程师与Python编程,Python编程是AI算法工程师的核心能力，参考目标分82，岗位权重7.25%。,AI算法工程师|Python编程|岗位匹配|能力差距,role_skill,ROLE-AI-ALG|SKILL-001,1.2.0,derived,true,SRC-ONET|SRC-ESCO|SRC-SYNTH,2026-09-13T00:00:00+08:00,0.88,primary_derived,derived,,cc_by_4_0_attribution,false,dev
KC-ROLE-AI-ALG-002,role_skill,AI算法工程师与数据结构与算法,数据结构与算法是AI算法工程师的核心能力，参考目标分80.6，岗位权重7.05%。,AI算法工程师|数据结构与算法|岗位匹配|能力差距,role_skill,ROLE-AI-ALG|SKILL-002,1.2.0,derived,true,SRC-ONET|SRC-ESCO|SRC-SYNTH,2026-09-13T00:00:00+08:00,0.88,primary_derived,derived,,cc_by_4_0_attribution,false,dev
KC-ROLE-AI-ALG-010,role_skill,AI算法工程师与数据清洗,数据清洗是AI算法工程师的核心能力，参考目标分79.2，岗位权重6.85%。,AI算法工程师|数据清洗|岗位匹配|能力差距,role_skill,ROLE-AI-ALG|SKILL-010,1.2.0,derived,true,SRC-ONET|SRC-ESCO|SRC-SYNTH,2026-09-13T00:00:00+08:00,0.88,primary_derived,derived,,cc_by_4_0_attribution,false,dev
KC-ROLE-AI-APP-001,role_skill,AI应用开发工程师与Python编程,Python编程是AI应用开发工程师的核心能力，参考目标分78，岗位权重7.25%。,AI应用开发工程师|Python编程|岗位匹配|能力差距,role_skill,ROLE-AI-APP|SKILL-001,1.2.0,derived,true,SRC-ONET|SRC-ESCO|SRC-SYNTH,2026-09-13T00:00:00+08:00,0.88,primary_derived,derived,,cc_by_4_0_attribution,false,dev
KC-ROLE-AI-APP-007,role_skill,AI应用开发工程师与软件工程,软件工程是AI应用开发工程师的核心能力，参考目标分76.6，岗位权重7.05%。,AI应用开发工程师|软件工程|岗位匹配|能力差距,role_skill,ROLE-AI-APP|SKILL-007,1.2.0,derived,true,SRC-ONET|SRC-ESCO|SRC-SYNTH,2026-09-13T00:00:00+08:00,0.88,primary_derived,derived,,cc_by_4_0_attribution,false,dev
KC-ROLE-AI-APP-008,role_skill,AI应用开发工程师与测试与调试,测试与调试是AI应用开发工程师的核心能力，参考目标分75.2，岗位权重6.85%。,AI应用开发工程师|测试与调试|岗位匹配|能力差距,role_skill,ROLE-AI-APP|SKILL-008,1.2.0,derived,true,SRC-ONET|SRC-ESCO|SRC-SYNTH,2026-09-13T00:00:00+08:00,0.88,primary_derived,derived,,cc_by_4_0_attribution,false,dev
KC-ROLE-DATA-001,role_skill,数据分析师与Python编程,Python编程是数据分析师的核心能力，参考目标分78，岗位权重7.25%。,数据分析师|Python编程|岗位匹配|能力差距,role_skill,ROLE-DATA|SKILL-001,1.2.0,derived,true,SRC-ONET|SRC-ESCO|SRC-SYNTH,2026-09-13T00:00:00+08:00,0.88,primary_derived,derived,,cc_by_4_0_attribution,false,dev
KC-ROLE-DATA-009,role_skill,数据分析师与SQL,SQL是数据分析师的核心能力，参考目标分76.6，岗位权重7.05%。,数据分析师|SQL|岗位匹配|能力差距,role_skill,ROLE-DATA|SKILL-009,1.2.0,derived,true,SRC-ONET|SRC-ESCO|SRC-SYNTH,2026-09-13T00:00:00+08:00,0.88,primary_derived,derived,,cc_by_4_0_attribution,false,dev
KC-ROLE-AI-ALG-026,role_adjacent_skill,AI算法工程师与提示词设计,提示词设计是AI算法工程师的合成相邻能力扩展，不属于当前直接评分能力项，不参与当前岗位匹配评分；仅用于知识检索、路线探索或后续岗位模型扩展。,AI算法工程师|提示词设计|相邻能力|不参与评分,role_skill_candidate,ROLE-AI-ALG|SKILL-026,1.2.0,synthetic,true,SRC-SYNTH,2026-09-13T00:00:00+08:00,0.75,synthetic,not_applicable,,team_generated,false,dev
KC-ROLE-AI-APP-003,role_adjacent_skill,AI应用开发工程师与面向对象设计,面向对象设计是AI应用开发工程师的合成相邻能力扩展，不属于当前直接评分能力项，不参与当前岗位匹配评分；仅用于知识检索、路线探索或后续岗位模型扩展。,AI应用开发工程师|面向对象设计|相邻能力|不参与评分,role_skill_candidate,ROLE-AI-APP|SKILL-003,1.2.0,synthetic,true,SRC-SYNTH,2026-09-13T00:00:00+08:00,0.75,synthetic,not_applicable,,team_generated,false,dev
KC-ROLE-AI-APP-040,role_adjacent_skill,AI应用开发工程师与数据工程管道,数据工程管道是AI应用开发工程师的合成相邻能力扩展，不属于当前直接评分能力项，不参与当前岗位匹配评分；仅用于知识检索、路线探索或后续岗位模型扩展。,AI应用开发工程师|数据工程管道|相邻能力|不参与评分,role_skill_candidate,ROLE-AI-APP|SKILL-040,1.2.0,synthetic,true,SRC-SYNTH,2026-09-13T00:00:00+08:00,0.75,synthetic,not_applicable,,team_generated,false,dev
KC-ROLE-DATA-017,role_adjacent_skill,数据分析师与线性代数,线性代数是数据分析师的合成相邻能力扩展，不属于当前直接评分能力项，不参与当前岗位匹配评分；仅用于知识检索、路线探索或后续岗位模型扩展。,数据分析师|线性代数|相邻能力|不参与评分,role_skill_candidate,ROLE-DATA|SKILL-017,1.2.0,synthetic,true,SRC-SYNTH,2026-09-13T00:00:00+08:00,0.75,synthetic,not_applicable,,team_generated,false,dev
KC-ROLE-AI-ALG-003,role_adjacent_skill,AI算法工程师与面向对象设计,面向对象设计是AI算法工程师的合成相邻能力扩展，不属于当前直接评分能力项，不参与当前岗位匹配评分；仅用于知识检索、路线探索或后续岗位模型扩展。,AI算法工程师|面向对象设计|相邻能力|不参与评分,role_skill_candidate,ROLE-AI-ALG|SKILL-003,1.2.0,synthetic,true,SRC-SYNTH,2026-09-13T00:00:00+08:00,0.75,synthetic,not_applicable,,team_generated,false,dev
KC-ROLE-AI-ALG-004,role_adjacent_skill,AI算法工程师与计算机系统基础,计算机系统基础是AI算法工程师的合成相邻能力扩展，不属于当前直接评分能力项，不参与当前岗位匹配评分；仅用于知识检索、路线探索或后续岗位模型扩展。,AI算法工程师|计算机系统基础|相邻能力|不参与评分,role_skill_candidate,ROLE-AI-ALG|SKILL-004,1.2.0,synthetic,true,SRC-SYNTH,2026-09-13T00:00:00+08:00,0.75,synthetic,not_applicable,,team_generated,false,dev
KC-ROLE-AI-ALG-005,role_adjacent_skill,AI算法工程师与计算机网络,计算机网络是AI算法工程师的合成相邻能力扩展，不属于当前直接评分能力项，不参与当前岗位匹配评分；仅用于知识检索、路线探索或后续岗位模型扩展。,AI算法工程师|计算机网络|相邻能力|不参与评分,role_skill_candidate,ROLE-AI-ALG|SKILL-005,1.2.0,synthetic,true,SRC-SYNTH,2026-09-13T00:00:00+08:00,0.75,synthetic,not_applicable,,team_generated,false,dev
KC-ROLE-AI-ALG-006,role_adjacent_skill,AI算法工程师与Linux使用,Linux使用是AI算法工程师的合成相邻能力扩展，不属于当前直接评分能力项，不参与当前岗位匹配评分；仅用于知识检索、路线探索或后续岗位模型扩展。,AI算法工程师|Linux使用|相邻能力|不参与评分,role_skill_candidate,ROLE-AI-ALG|SKILL-006,1.2.0,synthetic,true,SRC-SYNTH,2026-09-13T00:00:00+08:00,0.75,synthetic,not_applicable,,team_generated,false,dev
KC-ROLE-AI-ALG-007,role_adjacent_skill,AI算法工程师与软件工程,软件工程是AI算法工程师的合成相邻能力扩展，不属于当前直接评分能力项，不参与当前岗位匹配评分；仅用于知识检索、路线探索或后续岗位模型扩展。,AI算法工程师|软件工程|相邻能力|不参与评分,role_skill_candidate,ROLE-AI-ALG|SKILL-007,1.2.0,synthetic,true,SRC-SYNTH,2026-09-13T00:00:00+08:00,0.75,synthetic,not_applicable,,team_generated,false,dev
KC-ROLE-AI-ALG-008,role_adjacent_skill,AI算法工程师与测试与调试,测试与调试是AI算法工程师的合成相邻能力扩展，不属于当前直接评分能力项，不参与当前岗位匹配评分；仅用于知识检索、路线探索或后续岗位模型扩展。,AI算法工程师|测试与调试|相邻能力|不参与评分,role_skill_candidate,ROLE-AI-ALG|SKILL-008,1.2.0,synthetic,true,SRC-SYNTH,2026-09-13T00:00:00+08:00,0.75,synthetic,not_applicable,,team_generated,false,dev
KC-ROLE-AI-APP-002,role_adjacent_skill,AI应用开发工程师与数据结构与算法,数据结构与算法是AI应用开发工程师的合成相邻能力扩展，不属于当前直接评分能力项，不参与当前岗位匹配评分；仅用于知识检索、路线探索或后续岗位模型扩展。,AI应用开发工程师|数据结构与算法|相邻能力|不参与评分,role_skill_candidate,ROLE-AI-APP|SKILL-002,1.2.0,synthetic,true,SRC-SYNTH,2026-09-13T00:00:00+08:00,0.75,synthetic,not_applicable,,team_generated,false,dev
KC-ROLE-AI-APP-004,role_adjacent_skill,AI应用开发工程师与计算机系统基础,计算机系统基础是AI应用开发工程师的合成相邻能力扩展，不属于当前直接评分能力项，不参与当前岗位匹配评分；仅用于知识检索、路线探索或后续岗位模型扩展。,AI应用开发工程师|计算机系统基础|相邻能力|不参与评分,role_skill_candidate,ROLE-AI-APP|SKILL-004,1.2.0,synthetic,true,SRC-SYNTH,2026-09-13T00:00:00+08:00,0.75,synthetic,not_applicable,,team_generated,false,dev
KC-ROLE-AI-APP-005,role_adjacent_skill,AI应用开发工程师与计算机网络,计算机网络是AI应用开发工程师的合成相邻能力扩展，不属于当前直接评分能力项，不参与当前岗位匹配评分；仅用于知识检索、路线探索或后续岗位模型扩展。,AI应用开发工程师|计算机网络|相邻能力|不参与评分,role_skill_candidate,ROLE-AI-APP|SKILL-005,1.2.0,synthetic,true,SRC-SYNTH,2026-09-13T00:00:00+08:00,0.75,synthetic,not_applicable,,team_generated,false,dev
KC-ROLE-AI-APP-006,role_adjacent_skill,AI应用开发工程师与Linux使用,Linux使用是AI应用开发工程师的合成相邻能力扩展，不属于当前直接评分能力项，不参与当前岗位匹配评分；仅用于知识检索、路线探索或后续岗位模型扩展。,AI应用开发工程师|Linux使用|相邻能力|不参与评分,role_skill_candidate,ROLE-AI-APP|SKILL-006,1.2.0,synthetic,true,SRC-SYNTH,2026-09-13T00:00:00+08:00,0.75,synthetic,not_applicable,,team_generated,false,dev
KC-ROLE-AI-APP-010,role_adjacent_skill,AI应用开发工程师与数据清洗,数据清洗是AI应用开发工程师的合成相邻能力扩展，不属于当前直接评分能力项，不参与当前岗位匹配评分；仅用于知识检索、路线探索或后续岗位模型扩展。,AI应用开发工程师|数据清洗|相邻能力|不参与评分,role_skill_candidate,ROLE-AI-APP|SKILL-010,1.2.0,synthetic,true,SRC-SYNTH,2026-09-13T00:00:00+08:00,0.75,synthetic,not_applicable,,team_generated,false,dev
KC-ROLE-DATA-002,role_adjacent_skill,数据分析师与数据结构与算法,数据结构与算法是数据分析师的合成相邻能力扩展，不属于当前直接评分能力项，不参与当前岗位匹配评分；仅用于知识检索、路线探索或后续岗位模型扩展。,数据分析师|数据结构与算法|相邻能力|不参与评分,role_skill_candidate,ROLE-DATA|SKILL-002,1.2.0,synthetic,true,SRC-SYNTH,2026-09-13T00:00:00+08:00,0.75,synthetic,not_applicable,,team_generated,false,dev
KC-ROLE-DATA-003,role_adjacent_skill,数据分析师与面向对象设计,面向对象设计是数据分析师的合成相邻能力扩展，不属于当前直接评分能力项，不参与当前岗位匹配评分；仅用于知识检索、路线探索或后续岗位模型扩展。,数据分析师|面向对象设计|相邻能力|不参与评分,role_skill_candidate,ROLE-DATA|SKILL-003,1.2.0,synthetic,true,SRC-SYNTH,2026-09-13T00:00:00+08:00,0.75,synthetic,not_applicable,,team_generated,false,dev
KC-ROLE-DATA-004,role_adjacent_skill,数据分析师与计算机系统基础,计算机系统基础是数据分析师的合成相邻能力扩展，不属于当前直接评分能力项，不参与当前岗位匹配评分；仅用于知识检索、路线探索或后续岗位模型扩展。,数据分析师|计算机系统基础|相邻能力|不参与评分,role_skill_candidate,ROLE-DATA|SKILL-004,1.2.0,synthetic,true,SRC-SYNTH,2026-09-13T00:00:00+08:00,0.75,synthetic,not_applicable,,team_generated,false,dev
KC-ROLE-DATA-005,role_adjacent_skill,数据分析师与计算机网络,计算机网络是数据分析师的合成相邻能力扩展，不属于当前直接评分能力项，不参与当前岗位匹配评分；仅用于知识检索、路线探索或后续岗位模型扩展。,数据分析师|计算机网络|相邻能力|不参与评分,role_skill_candidate,ROLE-DATA|SKILL-005,1.2.0,synthetic,true,SRC-SYNTH,2026-09-13T00:00:00+08:00,0.75,synthetic,not_applicable,,team_generated,false,dev
KC-ROLE-DATA-006,role_adjacent_skill,数据分析师与Linux使用,Linux使用是数据分析师的合成相邻能力扩展，不属于当前直接评分能力项，不参与当前岗位匹配评分；仅用于知识检索、路线探索或后续岗位模型扩展。,数据分析师|Linux使用|相邻能力|不参与评分,role_skill_candidate,ROLE-DATA|SKILL-006,1.2.0,synthetic,true,SRC-SYNTH,2026-09-13T00:00:00+08:00,0.75,synthetic,not_applicable,,team_generated,false,dev
KC-ROLE-DATA-007,role_adjacent_skill,数据分析师与软件工程,软件工程是数据分析师的合成相邻能力扩展，不属于当前直接评分能力项，不参与当前岗位匹配评分；仅用于知识检索、路线探索或后续岗位模型扩展。,数据分析师|软件工程|相邻能力|不参与评分,role_skill_candidate,ROLE-DATA|SKILL-007,1.2.0,synthetic,true,SRC-SYNTH,2026-09-13T00:00:00+08:00,0.75,synthetic,not_applicable,,team_generated,false,dev
KC-TREND-016,trend_interpretation,实验与A/B测试趋势数据解释,实验与A/B测试的月度趋势指数是模拟值，只用于展示权重动态调整。系统必须同时显示数据日期、来源和“演示数据”提示，不能将指数解释为就业保证。,实验与A/B测试|趋势|模拟数据|不确定性,skill,SKILL-016,1.2.0,derived,true,SRC-WEF|SRC-SYNTH,2026-09-13T00:00:00+08:00,0.82,primary_derived,derived,,reference_only,false,dev
KC-TREND-053,trend_interpretation,时间管理趋势数据解释,时间管理的月度趋势指数是模拟值，只用于展示权重动态调整。系统必须同时显示数据日期、来源和“演示数据”提示，不能将指数解释为就业保证。,时间管理|趋势|模拟数据|不确定性,skill,SKILL-053,1.2.0,derived,true,SRC-WEF|SRC-SYNTH,2026-09-13T00:00:00+08:00,0.82,primary_derived,derived,,reference_only,false,dev
KC-TREND-001,trend_interpretation,Python编程趋势数据解释,Python编程的月度趋势指数是模拟值，只用于展示权重动态调整。系统必须同时显示数据日期、来源和“演示数据”提示，不能将指数解释为就业保证。,Python编程|趋势|模拟数据|不确定性,skill,SKILL-001,1.2.0,derived,true,SRC-WEF|SRC-SYNTH,2026-09-13T00:00:00+08:00,0.82,primary_derived,derived,,reference_only,false,dev
KC-TREND-002,trend_interpretation,数据结构与算法趋势数据解释,数据结构与算法的月度趋势指数是模拟值，只用于展示权重动态调整。系统必须同时显示数据日期、来源和“演示数据”提示，不能将指数解释为就业保证。,数据结构与算法|趋势|模拟数据|不确定性,skill,SKILL-002,1.2.0,derived,true,SRC-WEF|SRC-SYNTH,2026-09-13T00:00:00+08:00,0.82,primary_derived,derived,,reference_only,false,dev
KC-TREND-003,trend_interpretation,面向对象设计趋势数据解释,面向对象设计的月度趋势指数是模拟值，只用于展示权重动态调整。系统必须同时显示数据日期、来源和“演示数据”提示，不能将指数解释为就业保证。,面向对象设计|趋势|模拟数据|不确定性,skill,SKILL-003,1.2.0,derived,true,SRC-WEF|SRC-SYNTH,2026-09-13T00:00:00+08:00,0.82,primary_derived,derived,,reference_only,false,dev
KC-TREND-004,trend_interpretation,计算机系统基础趋势数据解释,计算机系统基础的月度趋势指数是模拟值，只用于展示权重动态调整。系统必须同时显示数据日期、来源和“演示数据”提示，不能将指数解释为就业保证。,计算机系统基础|趋势|模拟数据|不确定性,skill,SKILL-004,1.2.0,derived,true,SRC-WEF|SRC-SYNTH,2026-09-13T00:00:00+08:00,0.82,primary_derived,derived,,reference_only,false,dev
KC-TREND-005,trend_interpretation,计算机网络趋势数据解释,计算机网络的月度趋势指数是模拟值，只用于展示权重动态调整。系统必须同时显示数据日期、来源和“演示数据”提示，不能将指数解释为就业保证。,计算机网络|趋势|模拟数据|不确定性,skill,SKILL-005,1.2.0,derived,true,SRC-WEF|SRC-SYNTH,2026-09-13T00:00:00+08:00,0.82,primary_derived,derived,,reference_only,false,dev
KC-TREND-006,trend_interpretation,Linux使用趋势数据解释,Linux使用的月度趋势指数是模拟值，只用于展示权重动态调整。系统必须同时显示数据日期、来源和“演示数据”提示，不能将指数解释为就业保证。,Linux使用|趋势|模拟数据|不确定性,skill,SKILL-006,1.2.0,derived,true,SRC-WEF|SRC-SYNTH,2026-09-13T00:00:00+08:00,0.82,primary_derived,derived,,reference_only,false,dev
KC-TREND-007,trend_interpretation,软件工程趋势数据解释,软件工程的月度趋势指数是模拟值，只用于展示权重动态调整。系统必须同时显示数据日期、来源和“演示数据”提示，不能将指数解释为就业保证。,软件工程|趋势|模拟数据|不确定性,skill,SKILL-007,1.2.0,derived,true,SRC-WEF|SRC-SYNTH,2026-09-13T00:00:00+08:00,0.82,primary_derived,derived,,reference_only,false,dev
KC-TREND-008,trend_interpretation,测试与调试趋势数据解释,测试与调试的月度趋势指数是模拟值，只用于展示权重动态调整。系统必须同时显示数据日期、来源和“演示数据”提示，不能将指数解释为就业保证。,测试与调试|趋势|模拟数据|不确定性,skill,SKILL-008,1.2.0,derived,true,SRC-WEF|SRC-SYNTH,2026-09-13T00:00:00+08:00,0.82,primary_derived,derived,,reference_only,false,dev
KC-ETHICS-034,ethics_privacy,API设计数据使用边界,系统使用API设计证据时应遵循目的明确、最小必要、可更正、可撤回和评分可解释原则。证据不足时返回未知或提示补充，不得把缺失值直接当作低能力。,API设计|隐私|最小必要|自动化决策,skill,SKILL-034,1.2.0,derived,true,SRC-PIPL|SRC-SYNTH,2026-09-13T00:00:00+08:00,0.96,primary_derived,derived,,reference_only,false,dev
KC-ETHICS-001,ethics_privacy,Python编程数据使用边界,系统使用Python编程证据时应遵循目的明确、最小必要、可更正、可撤回和评分可解释原则。证据不足时返回未知或提示补充，不得把缺失值直接当作低能力。,Python编程|隐私|最小必要|自动化决策,skill,SKILL-001,1.2.0,derived,true,SRC-PIPL|SRC-SYNTH,2026-09-13T00:00:00+08:00,0.96,primary_derived,derived,,reference_only,false,dev
KC-ETHICS-002,ethics_privacy,数据结构与算法数据使用边界,系统使用数据结构与算法证据时应遵循目的明确、最小必要、可更正、可撤回和评分可解释原则。证据不足时返回未知或提示补充，不得把缺失值直接当作低能力。,数据结构与算法|隐私|最小必要|自动化决策,skill,SKILL-002,1.2.0,derived,true,SRC-PIPL|SRC-SYNTH,2026-09-13T00:00:00+08:00,0.96,primary_derived,derived,,reference_only,false,dev
KC-ETHICS-003,ethics_privacy,面向对象设计数据使用边界,系统使用面向对象设计证据时应遵循目的明确、最小必要、可更正、可撤回和评分可解释原则。证据不足时返回未知或提示补充，不得把缺失值直接当作低能力。,面向对象设计|隐私|最小必要|自动化决策,skill,SKILL-003,1.2.0,derived,true,SRC-PIPL|SRC-SYNTH,2026-09-13T00:00:00+08:00,0.96,primary_derived,derived,,reference_only,false,dev
KC-ETHICS-004,ethics_privacy,计算机系统基础数据使用边界,系统使用计算机系统基础证据时应遵循目的明确、最小必要、可更正、可撤回和评分可解释原则。证据不足时返回未知或提示补充，不得把缺失值直接当作低能力。,计算机系统基础|隐私|最小必要|自动化决策,skill,SKILL-004,1.2.0,derived,true,SRC-PIPL|SRC-SYNTH,2026-09-13T00:00:00+08:00,0.96,primary_derived,derived,,reference_only,false,dev
KC-ETHICS-005,ethics_privacy,计算机网络数据使用边界,系统使用计算机网络证据时应遵循目的明确、最小必要、可更正、可撤回和评分可解释原则。证据不足时返回未知或提示补充，不得把缺失值直接当作低能力。,计算机网络|隐私|最小必要|自动化决策,skill,SKILL-005,1.2.0,derived,true,SRC-PIPL|SRC-SYNTH,2026-09-13T00:00:00+08:00,0.96,primary_derived,derived,,reference_only,false,dev
KC-ETHICS-006,ethics_privacy,Linux使用数据使用边界,系统使用Linux使用证据时应遵循目的明确、最小必要、可更正、可撤回和评分可解释原则。证据不足时返回未知或提示补充，不得把缺失值直接当作低能力。,Linux使用|隐私|最小必要|自动化决策,skill,SKILL-006,1.2.0,derived,true,SRC-PIPL|SRC-SYNTH,2026-09-13T00:00:00+08:00,0.96,primary_derived,derived,,reference_only,false,dev
KC-ETHICS-007,ethics_privacy,软件工程数据使用边界,系统使用软件工程证据时应遵循目的明确、最小必要、可更正、可撤回和评分可解释原则。证据不足时返回未知或提示补充，不得把缺失值直接当作低能力。,软件工程|隐私|最小必要|自动化决策,skill,SKILL-007,1.2.0,derived,true,SRC-PIPL|SRC-SYNTH,2026-09-13T00:00:00+08:00,0.96,primary_derived,derived,,reference_only,false,dev
KC-ETHICS-008,ethics_privacy,测试与调试数据使用边界,系统使用测试与调试证据时应遵循目的明确、最小必要、可更正、可撤回和评分可解释原则。证据不足时返回未知或提示补充，不得把缺失值直接当作低能力。,测试与调试|隐私|最小必要|自动化决策,skill,SKILL-008,1.2.0,derived,true,SRC-PIPL|SRC-SYNTH,2026-09-13T00:00:00+08:00,0.96,primary_derived,derived,,reference_only,false,dev
KC-ETHICS-009,ethics_privacy,SQL数据使用边界,系统使用SQL证据时应遵循目的明确、最小必要、可更正、可撤回和评分可解释原则。证据不足时返回未知或提示补充，不得把缺失值直接当作低能力。,SQL|隐私|最小必要|自动化决策,skill,SKILL-009,1.2.0,derived,true,SRC-PIPL|SRC-SYNTH,2026-09-13T00:00:00+08:00,0.96,primary_derived,derived,,reference_only,false,dev
