resource_id,title,resource_type,provider,url,difficulty,estimated_hours,prerequisite_score,page_kind,metadata_scope,verified_individual_page,claim_level,summary
RES-0001,人工智能导论,verified_course_metadata,西安电子科技大学 / 中国大学MOOC,https://higher.smartedu.cn/course/66ca648c711dc30c3464e7e0,beginner,36,20,course,标题、提供方、链接和页面类型,True,verified_primary,仅保存官方页面公开元数据；课程内容、状态和适用对象以原页面为准。
RES-0002,人工智能概论,verified_course_metadata,北京联合大学 / 中国大学MOOC,https://higher.smartedu.cn/course/68ac5cd9d5f9b8b6cf61fbd1,beginner,38,20,course,标题、提供方、链接和页面类型,True,verified_primary,仅保存官方页面公开元数据；课程内容、状态和适用对象以原页面为准。
RES-0003,人工智能导论,verified_course_metadata,浙江工业大学 / 中国大学MOOC,https://higher.smartedu.cn/h5/course/62354d0e9906eace048eba3e,beginner,38,20,course,标题、提供方、链接和页面类型,True,verified_primary,仅保存官方页面公开元数据；课程内容、状态和适用对象以原页面为准。
RES-0004,人工智能基础,verified_course_metadata,合肥工业大学 / 中国大学MOOC,https://higher.smartedu.cn/course/68c09681a9f4619f8f00bf58,beginner,20,20,course,标题、提供方、链接和页面类型,True,verified_primary,仅保存官方页面公开元数据；课程内容、状态和适用对象以原页面为准。
RES-0005,人工智能,verified_course_metadata,西北师范大学 / 学堂在线,https://higher.smartedu.cn/course/62354ce39906eace048df080,intermediate,50,50,course,标题、提供方、链接和页面类型,True,verified_primary,仅保存官方页面公开元数据；课程内容、状态和适用对象以原页面为准。
RES-0006,浙江大学DeepSeek系列专题线上公开课,verified_course_metadata,浙江大学,https://higher.smartedu.cn/course/lmc/67dff4b358a122fb4a976832,intermediate,12,50,course_series,标题、提供方、链接和页面类型,True,verified_primary,仅保存官方页面公开元数据；课程内容、状态和适用对象以原页面为准。
RES-0007,“人工智能先导计划”通识系列讲座,verified_course_metadata,西安交通大学,https://higher.smartedu.cn/course/lmc/67dfeca5324633a85ec294a7,beginner,8,20,course_series,标题、提供方、链接和页面类型,True,verified_primary,仅保存官方页面公开元数据；课程内容、状态和适用对象以原页面为准。
RES-0008,DeepSeek与未来：解码智能时代的无限可能系列公开课,verified_course_metadata,哈尔滨工业大学,https://higher.smartedu.cn/course/lmc/67e2680a58a122fb4a977ff2,intermediate,14,50,course_series,标题、提供方、链接和页面类型,True,verified_primary,仅保存官方页面公开元数据；课程内容、状态和适用对象以原页面为准。
RES-0009,北京理工大学人工智能公开课,verified_course_metadata,北京理工大学,https://higher.smartedu.cn/course/lmc/6800543858a122fb4a97e084,intermediate,24,50,course_series,标题、提供方、链接和页面类型,True,verified_primary,仅保存官方页面公开元数据；课程内容、状态和适用对象以原页面为准。
RES-0010,AI+能源：油气行业的智能化变革与实践,verified_course_metadata,中国石油大学（北京）,https://higher.smartedu.cn/course/lmc/69ba1cef0976b58e126c484f,intermediate,20,50,course_series,标题、提供方、链接和页面类型,True,verified_primary,仅保存官方页面公开元数据；课程内容、状态和适用对象以原页面为准。
RES-0011,国产大模型通义千问介绍及应用,verified_course_metadata,阿里云计算有限公司,https://higher.smartedu.cn/course/lmc/67d3d09392941a01a154a9e2,intermediate,10,50,course_series,标题、提供方、链接和页面类型,True,verified_primary,仅保存官方页面公开元数据；课程内容、状态和适用对象以原页面为准。
RES-0012,高校教师文心一言大模型应用场景探索与实战,verified_course_metadata,百度在线网络技术（北京）有限公司,https://higher.smartedu.cn/course/lmc/67da63c02f4f1bef26a7e76a,beginner,12,20,course_series,标题、提供方、链接和页面类型,True,verified_primary,仅保存官方页面公开元数据；课程内容、状态和适用对象以原页面为准。
RES-0013,基于清言的教育辅助实践,verified_course_metadata,北京智谱华章科技有限公司,https://higher.smartedu.cn/course/lmc/67d7d43f625fca5f6cf90861,beginner,8,20,course_series,标题、提供方、链接和页面类型,True,verified_primary,仅保存官方页面公开元数据；课程内容、状态和适用对象以原页面为准。
RES-0014,以DeepSeek为代表的大模型前沿进展及其高效运用,verified_course_metadata,清华大学,https://higher.smartedu.cn/course/lmc/67d7cf98625fca5f6cf9076e,intermediate,8,50,course_series,标题、提供方、链接和页面类型,True,verified_primary,仅保存官方页面公开元数据；课程内容、状态和适用对象以原页面为准。
RES-0015,国产大模型-Kimi：模型介绍、基础功能、拓展功能和多智能体,verified_course_metadata,浙江大学,https://higher.smartedu.cn/course/lmc/67da675e2f4f1bef26a7e7ec,beginner,14,20,course_series,标题、提供方、链接和页面类型,True,verified_primary,仅保存官方页面公开元数据；课程内容、状态和适用对象以原页面为准。
RES-0016,玩转星火大模型,verified_course_metadata,科大讯飞股份有限公司,https://higher.smartedu.cn/course/lmc/67d7d43f625fca5f6cf90860,beginner,16,20,course_series,标题、提供方、链接和页面类型,True,verified_primary,仅保存官方页面公开元数据；课程内容、状态和适用对象以原页面为准。
RES-0017,走近大模型-九天大模型应用工程介绍,verified_course_metadata,中国移动通信集团有限公司,https://higher.smartedu.cn/course/lmc/67d7d663625fca5f6cf908cf,beginner,12,20,course_series,标题、提供方、链接和页面类型,True,verified_primary,仅保存官方页面公开元数据；课程内容、状态和适用对象以原页面为准。
RES-0018,国产大模型之腾讯混元大模型应用实战课,verified_course_metadata,深圳市腾讯计算机系统有限公司,https://higher.smartedu.cn/course/lmc/67de729c2f4f1bef26a8089f,intermediate,14,50,course_series,标题、提供方、链接和页面类型,True,verified_primary,仅保存官方页面公开元数据；课程内容、状态和适用对象以原页面为准。
RES-0019,智能体：大模型产业落地实践,verified_course_metadata,中国电信集团有限公司,https://higher.smartedu.cn/course/lmc/67d7d663625fca5f6cf908ce,intermediate,12,50,course_series,标题、提供方、链接和页面类型,True,verified_primary,仅保存官方页面公开元数据；课程内容、状态和适用对象以原页面为准。
RES-0020,扣子（Coze）AI智能体与应用搭建实战,verified_course_metadata,北京火山引擎科技有限公司,https://higher.smartedu.cn/course/lmc/67d7cd3c625fca5f6cf90738,beginner,16,20,course_series,标题、提供方、链接和页面类型,True,verified_primary,仅保存官方页面公开元数据；课程内容、状态和适用对象以原页面为准。
RES-0021,MiniMax多模态大模型基础、应用和实践,verified_course_metadata,上海稀宇极智科技有限公司,https://higher.smartedu.cn/course/lmc/67d7cf98625fca5f6cf9076f,intermediate,12,50,course_series,标题、提供方、链接和页面类型,True,verified_primary,仅保存官方页面公开元数据；课程内容、状态和适用对象以原页面为准。
RES-0022,星火大模型应用理论与实践,verified_course_metadata,科大讯飞股份有限公司,https://higher.smartedu.cn/course/lmc/69b117ce97716ee3254c48da,intermediate,8,50,course_series,标题、提供方、链接和页面类型,True,verified_primary,仅保存官方页面公开元数据；课程内容、状态和适用对象以原页面为准。
RES-0023,自然语言处理课程主题卡（advanced）,public_catalog_topic_card,参赛团队（基于国家高等教育智慧教育平台目录派生）,https://higher.smartedu.cn/ai2026,advanced,35,70,derived_topic_card,参赛团队基于公开目录派生,False,primary_derived,参赛团队根据公开目录为自然语言处理整理的学习主题，不对应一门官方课程。
RES-0024,模型调优课程主题卡（beginner）,public_catalog_topic_card,参赛团队（基于国家高等教育智慧教育平台目录派生）,https://higher.smartedu.cn/ai2026,beginner,36,20,derived_topic_card,参赛团队基于公开目录派生,False,primary_derived,参赛团队根据公开目录为模型调优整理的学习主题，不对应一门官方课程。
RES-0025,大模型基础课程主题卡（intermediate）,public_catalog_topic_card,参赛团队（基于国家高等教育智慧教育平台目录派生）,https://higher.smartedu.cn/ai2026,intermediate,37,50,derived_topic_card,参赛团队基于公开目录派生,False,primary_derived,参赛团队根据公开目录为大模型基础整理的学习主题，不对应一门官方课程。
RES-0026,提示词设计课程主题卡（advanced）,public_catalog_topic_card,参赛团队（基于国家高等教育智慧教育平台目录派生）,https://higher.smartedu.cn/ai2026,advanced,38,70,derived_topic_card,参赛团队基于公开目录派生,False,primary_derived,参赛团队根据公开目录为提示词设计整理的学习主题，不对应一门官方课程。
RES-0027,RAG应用课程主题卡（beginner）,public_catalog_topic_card,参赛团队（基于国家高等教育智慧教育平台目录派生）,https://higher.smartedu.cn/ai2026,beginner,39,20,derived_topic_card,参赛团队基于公开目录派生,False,primary_derived,参赛团队根据公开目录为RAG应用整理的学习主题，不对应一门官方课程。
RES-0028,向量数据库课程主题卡（intermediate）,public_catalog_topic_card,参赛团队（基于国家高等教育智慧教育平台目录派生）,https://higher.smartedu.cn/ai2026,intermediate,12,50,derived_topic_card,参赛团队基于公开目录派生,False,primary_derived,参赛团队根据公开目录为向量数据库整理的学习主题，不对应一门官方课程。
RES-0029,智能体开发课程主题卡（advanced）,public_catalog_topic_card,参赛团队（基于国家高等教育智慧教育平台目录派生）,https://higher.smartedu.cn/ai2026,advanced,13,70,derived_topic_card,参赛团队基于公开目录派生,False,primary_derived,参赛团队根据公开目录为智能体开发整理的学习主题，不对应一门官方课程。
RES-0030,MCP与工具调用课程主题卡（beginner）,public_catalog_topic_card,参赛团队（基于国家高等教育智慧教育平台目录派生）,https://higher.smartedu.cn/ai2026,beginner,14,20,derived_topic_card,参赛团队基于公开目录派生,False,primary_derived,参赛团队根据公开目录为MCP与工具调用整理的学习主题，不对应一门官方课程。
RES-0031,模型微调课程主题卡（intermediate）,public_catalog_topic_card,参赛团队（基于国家高等教育智慧教育平台目录派生）,https://higher.smartedu.cn/ai2026,intermediate,15,50,derived_topic_card,参赛团队基于公开目录派生,False,primary_derived,参赛团队根据公开目录为模型微调整理的学习主题，不对应一门官方课程。
RES-0032,AI安全与评测课程主题卡（advanced）,public_catalog_topic_card,参赛团队（基于国家高等教育智慧教育平台目录派生）,https://higher.smartedu.cn/ai2026,advanced,16,70,derived_topic_card,参赛团队基于公开目录派生,False,primary_derived,参赛团队根据公开目录为AI安全与评测整理的学习主题，不对应一门官方课程。
RES-0033,Git版本控制课程主题卡（beginner）,public_catalog_topic_card,参赛团队（基于国家高等教育智慧教育平台目录派生）,https://higher.smartedu.cn/ai2026,beginner,17,20,derived_topic_card,参赛团队基于公开目录派生,False,primary_derived,参赛团队根据公开目录为Git版本控制整理的学习主题，不对应一门官方课程。
RES-0034,API设计课程主题卡（intermediate）,public_catalog_topic_card,参赛团队（基于国家高等教育智慧教育平台目录派生）,https://higher.smartedu.cn/ai2026,intermediate,18,50,derived_topic_card,参赛团队基于公开目录派生,False,primary_derived,参赛团队根据公开目录为API设计整理的学习主题，不对应一门官方课程。
RES-0035,后端服务开发课程主题卡（advanced）,public_catalog_topic_card,参赛团队（基于国家高等教育智慧教育平台目录派生）,https://higher.smartedu.cn/ai2026,advanced,19,70,derived_topic_card,参赛团队基于公开目录派生,False,primary_derived,参赛团队根据公开目录为后端服务开发整理的学习主题，不对应一门官方课程。
RES-0036,Docker容器课程主题卡（beginner）,public_catalog_topic_card,参赛团队（基于国家高等教育智慧教育平台目录派生）,https://higher.smartedu.cn/ai2026,beginner,20,20,derived_topic_card,参赛团队基于公开目录派生,False,primary_derived,参赛团队根据公开目录为Docker容器整理的学习主题，不对应一门官方课程。
RES-0037,CI/CD课程主题卡（intermediate）,public_catalog_topic_card,参赛团队（基于国家高等教育智慧教育平台目录派生）,https://higher.smartedu.cn/ai2026,intermediate,21,50,derived_topic_card,参赛团队基于公开目录派生,False,primary_derived,参赛团队根据公开目录为CI/CD整理的学习主题，不对应一门官方课程。
RES-0038,云端部署课程主题卡（advanced）,public_catalog_topic_card,参赛团队（基于国家高等教育智慧教育平台目录派生）,https://higher.smartedu.cn/ai2026,advanced,22,70,derived_topic_card,参赛团队基于公开目录派生,False,primary_derived,参赛团队根据公开目录为云端部署整理的学习主题，不对应一门官方课程。
RES-0039,监控与可观测性课程主题卡（beginner）,public_catalog_topic_card,参赛团队（基于国家高等教育智慧教育平台目录派生）,https://higher.smartedu.cn/ai2026,beginner,23,20,derived_topic_card,参赛团队基于公开目录派生,False,primary_derived,参赛团队根据公开目录为监控与可观测性整理的学习主题，不对应一门官方课程。
RES-0040,数据工程管道课程主题卡（intermediate）,public_catalog_topic_card,参赛团队（基于国家高等教育智慧教育平台目录派生）,https://higher.smartedu.cn/ai2026,intermediate,24,50,derived_topic_card,参赛团队基于公开目录派生,False,primary_derived,参赛团队根据公开目录为数据工程管道整理的学习主题，不对应一门官方课程。
RES-0041,问题拆解课程主题卡（advanced）,public_catalog_topic_card,参赛团队（基于国家高等教育智慧教育平台目录派生）,https://higher.smartedu.cn/ai2026,advanced,25,70,derived_topic_card,参赛团队基于公开目录派生,False,primary_derived,参赛团队根据公开目录为问题拆解整理的学习主题，不对应一门官方课程。
RES-0042,系统思维课程主题卡（beginner）,public_catalog_topic_card,参赛团队（基于国家高等教育智慧教育平台目录派生）,https://higher.smartedu.cn/ai2026,beginner,26,20,derived_topic_card,参赛团队基于公开目录派生,False,primary_derived,参赛团队根据公开目录为系统思维整理的学习主题，不对应一门官方课程。
RES-0043,需求分析课程主题卡（intermediate）,public_catalog_topic_card,参赛团队（基于国家高等教育智慧教育平台目录派生）,https://higher.smartedu.cn/ai2026,intermediate,27,50,derived_topic_card,参赛团队基于公开目录派生,False,primary_derived,参赛团队根据公开目录为需求分析整理的学习主题，不对应一门官方课程。
RES-0044,用户研究课程主题卡（advanced）,public_catalog_topic_card,参赛团队（基于国家高等教育智慧教育平台目录派生）,https://higher.smartedu.cn/ai2026,advanced,28,70,derived_topic_card,参赛团队基于公开目录派生,False,primary_derived,参赛团队根据公开目录为用户研究整理的学习主题，不对应一门官方课程。
RES-0045,指标设计课程主题卡（beginner）,public_catalog_topic_card,参赛团队（基于国家高等教育智慧教育平台目录派生）,https://higher.smartedu.cn/ai2026,beginner,29,20,derived_topic_card,参赛团队基于公开目录派生,False,primary_derived,参赛团队根据公开目录为指标设计整理的学习主题，不对应一门官方课程。
RES-0046,业务理解课程主题卡（intermediate）,public_catalog_topic_card,参赛团队（基于国家高等教育智慧教育平台目录派生）,https://higher.smartedu.cn/ai2026,intermediate,30,50,derived_topic_card,参赛团队基于公开目录派生,False,primary_derived,参赛团队根据公开目录为业务理解整理的学习主题，不对应一门官方课程。
RES-0047,创新与方案比较课程主题卡（advanced）,public_catalog_topic_card,参赛团队（基于国家高等教育智慧教育平台目录派生）,https://higher.smartedu.cn/ai2026,advanced,31,70,derived_topic_card,参赛团队基于公开目录派生,False,primary_derived,参赛团队根据公开目录为创新与方案比较整理的学习主题，不对应一门官方课程。
RES-0048,书面沟通课程主题卡（beginner）,public_catalog_topic_card,参赛团队（基于国家高等教育智慧教育平台目录派生）,https://higher.smartedu.cn/ai2026,beginner,32,20,derived_topic_card,参赛团队基于公开目录派生,False,primary_derived,参赛团队根据公开目录为书面沟通整理的学习主题，不对应一门官方课程。
RES-0049,表达与汇报课程主题卡（intermediate）,public_catalog_topic_card,参赛团队（基于国家高等教育智慧教育平台目录派生）,https://higher.smartedu.cn/ai2026,intermediate,33,50,derived_topic_card,参赛团队基于公开目录派生,False,primary_derived,参赛团队根据公开目录为表达与汇报整理的学习主题，不对应一门官方课程。
RES-0050,跨岗位沟通课程主题卡（advanced）,public_catalog_topic_card,参赛团队（基于国家高等教育智慧教育平台目录派生）,https://higher.smartedu.cn/ai2026,advanced,34,70,derived_topic_card,参赛团队基于公开目录派生,False,primary_derived,参赛团队根据公开目录为跨岗位沟通整理的学习主题，不对应一门官方课程。
RES-0051,远程协作课程主题卡（beginner）,public_catalog_topic_card,参赛团队（基于国家高等教育智慧教育平台目录派生）,https://higher.smartedu.cn/ai2026,beginner,35,20,derived_topic_card,参赛团队基于公开目录派生,False,primary_derived,参赛团队根据公开目录为远程协作整理的学习主题，不对应一门官方课程。
RES-0052,团队协作课程主题卡（intermediate）,public_catalog_topic_card,参赛团队（基于国家高等教育智慧教育平台目录派生）,https://higher.smartedu.cn/ai2026,intermediate,36,50,derived_topic_card,参赛团队基于公开目录派生,False,primary_derived,参赛团队根据公开目录为团队协作整理的学习主题，不对应一门官方课程。
RES-0053,时间管理课程主题卡（advanced）,public_catalog_topic_card,参赛团队（基于国家高等教育智慧教育平台目录派生）,https://higher.smartedu.cn/ai2026,advanced,37,70,derived_topic_card,参赛团队基于公开目录派生,False,primary_derived,参赛团队根据公开目录为时间管理整理的学习主题，不对应一门官方课程。
RES-0054,职业伦理与隐私课程主题卡（beginner）,public_catalog_topic_card,参赛团队（基于国家高等教育智慧教育平台目录派生）,https://higher.smartedu.cn/ai2026,beginner,38,20,derived_topic_card,参赛团队基于公开目录派生,False,primary_derived,参赛团队根据公开目录为职业伦理与隐私整理的学习主题，不对应一门官方课程。
RES-0055,自主学习课程主题卡（intermediate）,public_catalog_topic_card,参赛团队（基于国家高等教育智慧教育平台目录派生）,https://higher.smartedu.cn/ai2026,intermediate,39,50,derived_topic_card,参赛团队基于公开目录派生,False,primary_derived,参赛团队根据公开目录为自主学习整理的学习主题，不对应一门官方课程。
RES-0056,知识管理课程主题卡（advanced）,public_catalog_topic_card,参赛团队（基于国家高等教育智慧教育平台目录派生）,https://higher.smartedu.cn/ai2026,advanced,12,70,derived_topic_card,参赛团队基于公开目录派生,False,primary_derived,参赛团队根据公开目录为知识管理整理的学习主题，不对应一门官方课程。
RES-0057,项目规划课程主题卡（beginner）,public_catalog_topic_card,参赛团队（基于国家高等教育智慧教育平台目录派生）,https://higher.smartedu.cn/ai2026,beginner,13,20,derived_topic_card,参赛团队基于公开目录派生,False,primary_derived,参赛团队根据公开目录为项目规划整理的学习主题，不对应一门官方课程。
RES-0058,项目交付课程主题卡（intermediate）,public_catalog_topic_card,参赛团队（基于国家高等教育智慧教育平台目录派生）,https://higher.smartedu.cn/ai2026,intermediate,14,50,derived_topic_card,参赛团队基于公开目录派生,False,primary_derived,参赛团队根据公开目录为项目交付整理的学习主题，不对应一门官方课程。
RES-0059,复盘与反馈课程主题卡（advanced）,public_catalog_topic_card,参赛团队（基于国家高等教育智慧教育平台目录派生）,https://higher.smartedu.cn/ai2026,advanced,15,70,derived_topic_card,参赛团队基于公开目录派生,False,primary_derived,参赛团队根据公开目录为复盘与反馈整理的学习主题，不对应一门官方课程。
RES-0060,职业探索课程主题卡（beginner）,public_catalog_topic_card,参赛团队（基于国家高等教育智慧教育平台目录派生）,https://higher.smartedu.cn/ai2026,beginner,16,20,derived_topic_card,参赛团队基于公开目录派生,False,primary_derived,参赛团队根据公开目录为职业探索整理的学习主题，不对应一门官方课程。
RES-0061,Python编程课程主题卡（intermediate）,public_catalog_topic_card,参赛团队（基于国家高等教育智慧教育平台目录派生）,https://higher.smartedu.cn/ai2026,intermediate,17,50,derived_topic_card,参赛团队基于公开目录派生,False,primary_derived,参赛团队根据公开目录为Python编程整理的学习主题，不对应一门官方课程。
RES-0062,数据结构与算法课程主题卡（advanced）,public_catalog_topic_card,参赛团队（基于国家高等教育智慧教育平台目录派生）,https://higher.smartedu.cn/ai2026,advanced,18,70,derived_topic_card,参赛团队基于公开目录派生,False,primary_derived,参赛团队根据公开目录为数据结构与算法整理的学习主题，不对应一门官方课程。
RES-0063,面向对象设计课程主题卡（beginner）,public_catalog_topic_card,参赛团队（基于国家高等教育智慧教育平台目录派生）,https://higher.smartedu.cn/ai2026,beginner,19,20,derived_topic_card,参赛团队基于公开目录派生,False,primary_derived,参赛团队根据公开目录为面向对象设计整理的学习主题，不对应一门官方课程。
RES-0064,计算机系统基础课程主题卡（intermediate）,public_catalog_topic_card,参赛团队（基于国家高等教育智慧教育平台目录派生）,https://higher.smartedu.cn/ai2026,intermediate,20,50,derived_topic_card,参赛团队基于公开目录派生,False,primary_derived,参赛团队根据公开目录为计算机系统基础整理的学习主题，不对应一门官方课程。
RES-0065,计算机网络课程主题卡（advanced）,public_catalog_topic_card,参赛团队（基于国家高等教育智慧教育平台目录派生）,https://higher.smartedu.cn/ai2026,advanced,21,70,derived_topic_card,参赛团队基于公开目录派生,False,primary_derived,参赛团队根据公开目录为计算机网络整理的学习主题，不对应一门官方课程。
RES-0066,Linux使用课程主题卡（beginner）,public_catalog_topic_card,参赛团队（基于国家高等教育智慧教育平台目录派生）,https://higher.smartedu.cn/ai2026,beginner,22,20,derived_topic_card,参赛团队基于公开目录派生,False,primary_derived,参赛团队根据公开目录为Linux使用整理的学习主题，不对应一门官方课程。
RES-0067,软件工程课程主题卡（intermediate）,public_catalog_topic_card,参赛团队（基于国家高等教育智慧教育平台目录派生）,https://higher.smartedu.cn/ai2026,intermediate,23,50,derived_topic_card,参赛团队基于公开目录派生,False,primary_derived,参赛团队根据公开目录为软件工程整理的学习主题，不对应一门官方课程。
RES-0068,测试与调试课程主题卡（advanced）,public_catalog_topic_card,参赛团队（基于国家高等教育智慧教育平台目录派生）,https://higher.smartedu.cn/ai2026,advanced,24,70,derived_topic_card,参赛团队基于公开目录派生,False,primary_derived,参赛团队根据公开目录为测试与调试整理的学习主题，不对应一门官方课程。
RES-0069,SQL课程主题卡（beginner）,public_catalog_topic_card,参赛团队（基于国家高等教育智慧教育平台目录派生）,https://higher.smartedu.cn/ai2026,beginner,25,20,derived_topic_card,参赛团队基于公开目录派生,False,primary_derived,参赛团队根据公开目录为SQL整理的学习主题，不对应一门官方课程。
RES-0070,数据清洗课程主题卡（intermediate）,public_catalog_topic_card,参赛团队（基于国家高等教育智慧教育平台目录派生）,https://higher.smartedu.cn/ai2026,intermediate,26,50,derived_topic_card,参赛团队基于公开目录派生,False,primary_derived,参赛团队根据公开目录为数据清洗整理的学习主题，不对应一门官方课程。
RES-0071,统计学基础课程主题卡（advanced）,public_catalog_topic_card,参赛团队（基于国家高等教育智慧教育平台目录派生）,https://higher.smartedu.cn/ai2026,advanced,27,70,derived_topic_card,参赛团队基于公开目录派生,False,primary_derived,参赛团队根据公开目录为统计学基础整理的学习主题，不对应一门官方课程。
RES-0072,探索性数据分析课程主题卡（beginner）,public_catalog_topic_card,参赛团队（基于国家高等教育智慧教育平台目录派生）,https://higher.smartedu.cn/ai2026,beginner,28,20,derived_topic_card,参赛团队基于公开目录派生,False,primary_derived,参赛团队根据公开目录为探索性数据分析整理的学习主题，不对应一门官方课程。
RES-0073,数据可视化课程主题卡（intermediate）,public_catalog_topic_card,参赛团队（基于国家高等教育智慧教育平台目录派生）,https://higher.smartedu.cn/ai2026,intermediate,29,50,derived_topic_card,参赛团队基于公开目录派生,False,primary_derived,参赛团队根据公开目录为数据可视化整理的学习主题，不对应一门官方课程。
RES-0074,Excel与BI工具课程主题卡（advanced）,public_catalog_topic_card,参赛团队（基于国家高等教育智慧教育平台目录派生）,https://higher.smartedu.cn/ai2026,advanced,30,70,derived_topic_card,参赛团队基于公开目录派生,False,primary_derived,参赛团队根据公开目录为Excel与BI工具整理的学习主题，不对应一门官方课程。
RES-0075,数据建模课程主题卡（beginner）,public_catalog_topic_card,参赛团队（基于国家高等教育智慧教育平台目录派生）,https://higher.smartedu.cn/ai2026,beginner,31,20,derived_topic_card,参赛团队基于公开目录派生,False,primary_derived,参赛团队根据公开目录为数据建模整理的学习主题，不对应一门官方课程。
RES-0076,实验与A/B测试课程主题卡（intermediate）,public_catalog_topic_card,参赛团队（基于国家高等教育智慧教育平台目录派生）,https://higher.smartedu.cn/ai2026,intermediate,32,50,derived_topic_card,参赛团队基于公开目录派生,False,primary_derived,参赛团队根据公开目录为实验与A/B测试整理的学习主题，不对应一门官方课程。
RES-0077,线性代数课程主题卡（advanced）,public_catalog_topic_card,参赛团队（基于国家高等教育智慧教育平台目录派生）,https://higher.smartedu.cn/ai2026,advanced,33,70,derived_topic_card,参赛团队基于公开目录派生,False,primary_derived,参赛团队根据公开目录为线性代数整理的学习主题，不对应一门官方课程。
RES-0078,微积分与优化课程主题卡（beginner）,public_catalog_topic_card,参赛团队（基于国家高等教育智慧教育平台目录派生）,https://higher.smartedu.cn/ai2026,beginner,34,20,derived_topic_card,参赛团队基于公开目录派生,False,primary_derived,参赛团队根据公开目录为微积分与优化整理的学习主题，不对应一门官方课程。
RES-0079,机器学习课程主题卡（intermediate）,public_catalog_topic_card,参赛团队（基于国家高等教育智慧教育平台目录派生）,https://higher.smartedu.cn/ai2026,intermediate,35,50,derived_topic_card,参赛团队基于公开目录派生,False,primary_derived,参赛团队根据公开目录为机器学习整理的学习主题，不对应一门官方课程。
RES-0080,特征工程课程主题卡（advanced）,public_catalog_topic_card,参赛团队（基于国家高等教育智慧教育平台目录派生）,https://higher.smartedu.cn/ai2026,advanced,36,70,derived_topic_card,参赛团队基于公开目录派生,False,primary_derived,参赛团队根据公开目录为特征工程整理的学习主题，不对应一门官方课程。
RES-0081,模型评估课程主题卡（beginner）,public_catalog_topic_card,参赛团队（基于国家高等教育智慧教育平台目录派生）,https://higher.smartedu.cn/ai2026,beginner,37,20,derived_topic_card,参赛团队基于公开目录派生,False,primary_derived,参赛团队根据公开目录为模型评估整理的学习主题，不对应一门官方课程。
RES-0082,深度学习课程主题卡（intermediate）,public_catalog_topic_card,参赛团队（基于国家高等教育智慧教育平台目录派生）,https://higher.smartedu.cn/ai2026,intermediate,38,50,derived_topic_card,参赛团队基于公开目录派生,False,primary_derived,参赛团队根据公开目录为深度学习整理的学习主题，不对应一门官方课程。
RES-0083,自然语言处理课程主题卡（advanced）,public_catalog_topic_card,参赛团队（基于国家高等教育智慧教育平台目录派生）,https://higher.smartedu.cn/ai2026,advanced,39,70,derived_topic_card,参赛团队基于公开目录派生,False,primary_derived,参赛团队根据公开目录为自然语言处理整理的学习主题，不对应一门官方课程。
RES-0084,模型调优课程主题卡（beginner）,public_catalog_topic_card,参赛团队（基于国家高等教育智慧教育平台目录派生）,https://higher.smartedu.cn/ai2026,beginner,12,20,derived_topic_card,参赛团队基于公开目录派生,False,primary_derived,参赛团队根据公开目录为模型调优整理的学习主题，不对应一门官方课程。
RES-0085,大模型基础课程主题卡（intermediate）,public_catalog_topic_card,参赛团队（基于国家高等教育智慧教育平台目录派生）,https://higher.smartedu.cn/ai2026,intermediate,13,50,derived_topic_card,参赛团队基于公开目录派生,False,primary_derived,参赛团队根据公开目录为大模型基础整理的学习主题，不对应一门官方课程。
RES-0086,提示词设计课程主题卡（advanced）,public_catalog_topic_card,参赛团队（基于国家高等教育智慧教育平台目录派生）,https://higher.smartedu.cn/ai2026,advanced,14,70,derived_topic_card,参赛团队基于公开目录派生,False,primary_derived,参赛团队根据公开目录为提示词设计整理的学习主题，不对应一门官方课程。
RES-0087,RAG应用课程主题卡（beginner）,public_catalog_topic_card,参赛团队（基于国家高等教育智慧教育平台目录派生）,https://higher.smartedu.cn/ai2026,beginner,15,20,derived_topic_card,参赛团队基于公开目录派生,False,primary_derived,参赛团队根据公开目录为RAG应用整理的学习主题，不对应一门官方课程。
RES-0088,向量数据库课程主题卡（intermediate）,public_catalog_topic_card,参赛团队（基于国家高等教育智慧教育平台目录派生）,https://higher.smartedu.cn/ai2026,intermediate,16,50,derived_topic_card,参赛团队基于公开目录派生,False,primary_derived,参赛团队根据公开目录为向量数据库整理的学习主题，不对应一门官方课程。
RES-0089,智能体开发课程主题卡（advanced）,public_catalog_topic_card,参赛团队（基于国家高等教育智慧教育平台目录派生）,https://higher.smartedu.cn/ai2026,advanced,17,70,derived_topic_card,参赛团队基于公开目录派生,False,primary_derived,参赛团队根据公开目录为智能体开发整理的学习主题，不对应一门官方课程。
RES-0090,MCP与工具调用课程主题卡（beginner）,public_catalog_topic_card,参赛团队（基于国家高等教育智慧教育平台目录派生）,https://higher.smartedu.cn/ai2026,beginner,18,20,derived_topic_card,参赛团队基于公开目录派生,False,primary_derived,参赛团队根据公开目录为MCP与工具调用整理的学习主题，不对应一门官方课程。
RES-0091,模型微调课程主题卡（intermediate）,public_catalog_topic_card,参赛团队（基于国家高等教育智慧教育平台目录派生）,https://higher.smartedu.cn/ai2026,intermediate,19,50,derived_topic_card,参赛团队基于公开目录派生,False,primary_derived,参赛团队根据公开目录为模型微调整理的学习主题，不对应一门官方课程。
RES-0092,AI安全与评测课程主题卡（advanced）,public_catalog_topic_card,参赛团队（基于国家高等教育智慧教育平台目录派生）,https://higher.smartedu.cn/ai2026,advanced,20,70,derived_topic_card,参赛团队基于公开目录派生,False,primary_derived,参赛团队根据公开目录为AI安全与评测整理的学习主题，不对应一门官方课程。
RES-0093,Git版本控制课程主题卡（beginner）,public_catalog_topic_card,参赛团队（基于国家高等教育智慧教育平台目录派生）,https://higher.smartedu.cn/ai2026,beginner,21,20,derived_topic_card,参赛团队基于公开目录派生,False,primary_derived,参赛团队根据公开目录为Git版本控制整理的学习主题，不对应一门官方课程。
RES-0094,API设计课程主题卡（intermediate）,public_catalog_topic_card,参赛团队（基于国家高等教育智慧教育平台目录派生）,https://higher.smartedu.cn/ai2026,intermediate,22,50,derived_topic_card,参赛团队基于公开目录派生,False,primary_derived,参赛团队根据公开目录为API设计整理的学习主题，不对应一门官方课程。
RES-0095,后端服务开发课程主题卡（advanced）,public_catalog_topic_card,参赛团队（基于国家高等教育智慧教育平台目录派生）,https://higher.smartedu.cn/ai2026,advanced,23,70,derived_topic_card,参赛团队基于公开目录派生,False,primary_derived,参赛团队根据公开目录为后端服务开发整理的学习主题，不对应一门官方课程。
RES-0096,Docker容器课程主题卡（beginner）,public_catalog_topic_card,参赛团队（基于国家高等教育智慧教育平台目录派生）,https://higher.smartedu.cn/ai2026,beginner,24,20,derived_topic_card,参赛团队基于公开目录派生,False,primary_derived,参赛团队根据公开目录为Docker容器整理的学习主题，不对应一门官方课程。
RES-0097,CI/CD课程主题卡（intermediate）,public_catalog_topic_card,参赛团队（基于国家高等教育智慧教育平台目录派生）,https://higher.smartedu.cn/ai2026,intermediate,25,50,derived_topic_card,参赛团队基于公开目录派生,False,primary_derived,参赛团队根据公开目录为CI/CD整理的学习主题，不对应一门官方课程。
RES-0098,云端部署课程主题卡（advanced）,public_catalog_topic_card,参赛团队（基于国家高等教育智慧教育平台目录派生）,https://higher.smartedu.cn/ai2026,advanced,26,70,derived_topic_card,参赛团队基于公开目录派生,False,primary_derived,参赛团队根据公开目录为云端部署整理的学习主题，不对应一门官方课程。
RES-0099,监控与可观测性课程主题卡（beginner）,public_catalog_topic_card,参赛团队（基于国家高等教育智慧教育平台目录派生）,https://higher.smartedu.cn/ai2026,beginner,27,20,derived_topic_card,参赛团队基于公开目录派生,False,primary_derived,参赛团队根据公开目录为监控与可观测性整理的学习主题，不对应一门官方课程。
RES-0100,数据工程管道课程主题卡（intermediate）,public_catalog_topic_card,参赛团队（基于国家高等教育智慧教育平台目录派生）,https://higher.smartedu.cn/ai2026,intermediate,28,50,derived_topic_card,参赛团队基于公开目录派生,False,primary_derived,参赛团队根据公开目录为数据工程管道整理的学习主题，不对应一门官方课程。
RES-0101,问题拆解课程主题卡（advanced）,public_catalog_topic_card,参赛团队（基于国家高等教育智慧教育平台目录派生）,https://higher.smartedu.cn/ai2026,advanced,29,70,derived_topic_card,参赛团队基于公开目录派生,False,primary_derived,参赛团队根据公开目录为问题拆解整理的学习主题，不对应一门官方课程。
RES-0102,系统思维课程主题卡（beginner）,public_catalog_topic_card,参赛团队（基于国家高等教育智慧教育平台目录派生）,https://higher.smartedu.cn/ai2026,beginner,30,20,derived_topic_card,参赛团队基于公开目录派生,False,primary_derived,参赛团队根据公开目录为系统思维整理的学习主题，不对应一门官方课程。
RES-0103,需求分析课程主题卡（intermediate）,public_catalog_topic_card,参赛团队（基于国家高等教育智慧教育平台目录派生）,https://higher.smartedu.cn/ai2026,intermediate,31,50,derived_topic_card,参赛团队基于公开目录派生,False,primary_derived,参赛团队根据公开目录为需求分析整理的学习主题，不对应一门官方课程。
RES-0104,用户研究课程主题卡（advanced）,public_catalog_topic_card,参赛团队（基于国家高等教育智慧教育平台目录派生）,https://higher.smartedu.cn/ai2026,advanced,32,70,derived_topic_card,参赛团队基于公开目录派生,False,primary_derived,参赛团队根据公开目录为用户研究整理的学习主题，不对应一门官方课程。
RES-0105,指标设计课程主题卡（beginner）,public_catalog_topic_card,参赛团队（基于国家高等教育智慧教育平台目录派生）,https://higher.smartedu.cn/ai2026,beginner,33,20,derived_topic_card,参赛团队基于公开目录派生,False,primary_derived,参赛团队根据公开目录为指标设计整理的学习主题，不对应一门官方课程。
RES-0106,业务理解课程主题卡（intermediate）,public_catalog_topic_card,参赛团队（基于国家高等教育智慧教育平台目录派生）,https://higher.smartedu.cn/ai2026,intermediate,34,50,derived_topic_card,参赛团队基于公开目录派生,False,primary_derived,参赛团队根据公开目录为业务理解整理的学习主题，不对应一门官方课程。
RES-0107,创新与方案比较课程主题卡（advanced）,public_catalog_topic_card,参赛团队（基于国家高等教育智慧教育平台目录派生）,https://higher.smartedu.cn/ai2026,advanced,35,70,derived_topic_card,参赛团队基于公开目录派生,False,primary_derived,参赛团队根据公开目录为创新与方案比较整理的学习主题，不对应一门官方课程。
RES-0108,书面沟通课程主题卡（beginner）,public_catalog_topic_card,参赛团队（基于国家高等教育智慧教育平台目录派生）,https://higher.smartedu.cn/ai2026,beginner,36,20,derived_topic_card,参赛团队基于公开目录派生,False,primary_derived,参赛团队根据公开目录为书面沟通整理的学习主题，不对应一门官方课程。
RES-0109,表达与汇报课程主题卡（intermediate）,public_catalog_topic_card,参赛团队（基于国家高等教育智慧教育平台目录派生）,https://higher.smartedu.cn/ai2026,intermediate,37,50,derived_topic_card,参赛团队基于公开目录派生,False,primary_derived,参赛团队根据公开目录为表达与汇报整理的学习主题，不对应一门官方课程。
RES-0110,跨岗位沟通课程主题卡（advanced）,public_catalog_topic_card,参赛团队（基于国家高等教育智慧教育平台目录派生）,https://higher.smartedu.cn/ai2026,advanced,38,70,derived_topic_card,参赛团队基于公开目录派生,False,primary_derived,参赛团队根据公开目录为跨岗位沟通整理的学习主题，不对应一门官方课程。
RES-0111,远程协作课程主题卡（beginner）,public_catalog_topic_card,参赛团队（基于国家高等教育智慧教育平台目录派生）,https://higher.smartedu.cn/ai2026,beginner,39,20,derived_topic_card,参赛团队基于公开目录派生,False,primary_derived,参赛团队根据公开目录为远程协作整理的学习主题，不对应一门官方课程。
RES-0112,团队协作课程主题卡（intermediate）,public_catalog_topic_card,参赛团队（基于国家高等教育智慧教育平台目录派生）,https://higher.smartedu.cn/ai2026,intermediate,12,50,derived_topic_card,参赛团队基于公开目录派生,False,primary_derived,参赛团队根据公开目录为团队协作整理的学习主题，不对应一门官方课程。
RES-0113,时间管理课程主题卡（advanced）,public_catalog_topic_card,参赛团队（基于国家高等教育智慧教育平台目录派生）,https://higher.smartedu.cn/ai2026,advanced,13,70,derived_topic_card,参赛团队基于公开目录派生,False,primary_derived,参赛团队根据公开目录为时间管理整理的学习主题，不对应一门官方课程。
RES-0114,职业伦理与隐私课程主题卡（beginner）,public_catalog_topic_card,参赛团队（基于国家高等教育智慧教育平台目录派生）,https://higher.smartedu.cn/ai2026,beginner,14,20,derived_topic_card,参赛团队基于公开目录派生,False,primary_derived,参赛团队根据公开目录为职业伦理与隐私整理的学习主题，不对应一门官方课程。
RES-0115,自主学习课程主题卡（intermediate）,public_catalog_topic_card,参赛团队（基于国家高等教育智慧教育平台目录派生）,https://higher.smartedu.cn/ai2026,intermediate,15,50,derived_topic_card,参赛团队基于公开目录派生,False,primary_derived,参赛团队根据公开目录为自主学习整理的学习主题，不对应一门官方课程。
RES-0116,知识管理课程主题卡（advanced）,public_catalog_topic_card,参赛团队（基于国家高等教育智慧教育平台目录派生）,https://higher.smartedu.cn/ai2026,advanced,16,70,derived_topic_card,参赛团队基于公开目录派生,False,primary_derived,参赛团队根据公开目录为知识管理整理的学习主题，不对应一门官方课程。
RES-0117,项目规划课程主题卡（beginner）,public_catalog_topic_card,参赛团队（基于国家高等教育智慧教育平台目录派生）,https://higher.smartedu.cn/ai2026,beginner,17,20,derived_topic_card,参赛团队基于公开目录派生,False,primary_derived,参赛团队根据公开目录为项目规划整理的学习主题，不对应一门官方课程。
RES-0118,项目交付课程主题卡（intermediate）,public_catalog_topic_card,参赛团队（基于国家高等教育智慧教育平台目录派生）,https://higher.smartedu.cn/ai2026,intermediate,18,50,derived_topic_card,参赛团队基于公开目录派生,False,primary_derived,参赛团队根据公开目录为项目交付整理的学习主题，不对应一门官方课程。
RES-0119,复盘与反馈课程主题卡（advanced）,public_catalog_topic_card,参赛团队（基于国家高等教育智慧教育平台目录派生）,https://higher.smartedu.cn/ai2026,advanced,19,70,derived_topic_card,参赛团队基于公开目录派生,False,primary_derived,参赛团队根据公开目录为复盘与反馈整理的学习主题，不对应一门官方课程。
RES-0120,职业探索课程主题卡（beginner）,public_catalog_topic_card,参赛团队（基于国家高等教育智慧教育平台目录派生）,https://higher.smartedu.cn/ai2026,beginner,20,20,derived_topic_card,参赛团队基于公开目录派生,False,primary_derived,参赛团队根据公开目录为职业探索整理的学习主题，不对应一门官方课程。
RES-0121,Python编程实践项目-001,synthetic_project,系统实践任务库,,intermediate,22,50,synthetic,参赛团队生成,False,synthetic,围绕Python编程完成可运行成果、说明文档和复盘。
RES-0122,数据结构与算法实践项目-002,synthetic_project,系统实践任务库,,advanced,23,70,synthetic,参赛团队生成,False,synthetic,围绕数据结构与算法完成可运行成果、说明文档和复盘。
RES-0123,面向对象设计实践项目-003,synthetic_project,系统实践任务库,,beginner,24,20,synthetic,参赛团队生成,False,synthetic,围绕面向对象设计完成可运行成果、说明文档和复盘。
RES-0124,计算机系统基础实践项目-004,synthetic_project,系统实践任务库,,intermediate,25,50,synthetic,参赛团队生成,False,synthetic,围绕计算机系统基础完成可运行成果、说明文档和复盘。
RES-0125,计算机网络实践项目-005,synthetic_project,系统实践任务库,,advanced,26,70,synthetic,参赛团队生成,False,synthetic,围绕计算机网络完成可运行成果、说明文档和复盘。
RES-0126,Linux使用实践项目-006,synthetic_project,系统实践任务库,,beginner,27,20,synthetic,参赛团队生成,False,synthetic,围绕Linux使用完成可运行成果、说明文档和复盘。
RES-0127,软件工程实践项目-007,synthetic_project,系统实践任务库,,intermediate,28,50,synthetic,参赛团队生成,False,synthetic,围绕软件工程完成可运行成果、说明文档和复盘。
RES-0128,测试与调试实践项目-008,synthetic_project,系统实践任务库,,advanced,29,70,synthetic,参赛团队生成,False,synthetic,围绕测试与调试完成可运行成果、说明文档和复盘。
RES-0129,SQL实践项目-009,synthetic_project,系统实践任务库,,beginner,30,20,synthetic,参赛团队生成,False,synthetic,围绕SQL完成可运行成果、说明文档和复盘。
RES-0130,数据清洗实践项目-010,synthetic_project,系统实践任务库,,intermediate,31,50,synthetic,参赛团队生成,False,synthetic,围绕数据清洗完成可运行成果、说明文档和复盘。
RES-0131,统计学基础实践项目-011,synthetic_project,系统实践任务库,,advanced,32,70,synthetic,参赛团队生成,False,synthetic,围绕统计学基础完成可运行成果、说明文档和复盘。
RES-0132,探索性数据分析实践项目-012,synthetic_project,系统实践任务库,,beginner,33,20,synthetic,参赛团队生成,False,synthetic,围绕探索性数据分析完成可运行成果、说明文档和复盘。
RES-0133,数据可视化实践项目-013,synthetic_project,系统实践任务库,,intermediate,34,50,synthetic,参赛团队生成,False,synthetic,围绕数据可视化完成可运行成果、说明文档和复盘。
RES-0134,Excel与BI工具实践项目-014,synthetic_project,系统实践任务库,,advanced,35,70,synthetic,参赛团队生成,False,synthetic,围绕Excel与BI工具完成可运行成果、说明文档和复盘。
RES-0135,数据建模实践项目-015,synthetic_project,系统实践任务库,,beginner,36,20,synthetic,参赛团队生成,False,synthetic,围绕数据建模完成可运行成果、说明文档和复盘。
RES-0136,实验与A/B测试实践项目-016,synthetic_project,系统实践任务库,,intermediate,37,50,synthetic,参赛团队生成,False,synthetic,围绕实验与A/B测试完成可运行成果、说明文档和复盘。
RES-0137,线性代数实践项目-017,synthetic_project,系统实践任务库,,advanced,38,70,synthetic,参赛团队生成,False,synthetic,围绕线性代数完成可运行成果、说明文档和复盘。
RES-0138,微积分与优化实践项目-018,synthetic_project,系统实践任务库,,beginner,39,20,synthetic,参赛团队生成,False,synthetic,围绕微积分与优化完成可运行成果、说明文档和复盘。
RES-0139,机器学习实践项目-019,synthetic_project,系统实践任务库,,intermediate,40,50,synthetic,参赛团队生成,False,synthetic,围绕机器学习完成可运行成果、说明文档和复盘。
RES-0140,特征工程实践项目-020,synthetic_project,系统实践任务库,,advanced,6,70,synthetic,参赛团队生成,False,synthetic,围绕特征工程完成可运行成果、说明文档和复盘。
RES-0141,模型评估实践项目-021,synthetic_project,系统实践任务库,,beginner,7,20,synthetic,参赛团队生成,False,synthetic,围绕模型评估完成可运行成果、说明文档和复盘。
RES-0142,深度学习实践项目-022,synthetic_project,系统实践任务库,,intermediate,8,50,synthetic,参赛团队生成,False,synthetic,围绕深度学习完成可运行成果、说明文档和复盘。
RES-0143,自然语言处理实践项目-023,synthetic_project,系统实践任务库,,advanced,9,70,synthetic,参赛团队生成,False,synthetic,围绕自然语言处理完成可运行成果、说明文档和复盘。
RES-0144,模型调优实践项目-024,synthetic_project,系统实践任务库,,beginner,10,20,synthetic,参赛团队生成,False,synthetic,围绕模型调优完成可运行成果、说明文档和复盘。
RES-0145,大模型基础实践项目-025,synthetic_project,系统实践任务库,,intermediate,11,50,synthetic,参赛团队生成,False,synthetic,围绕大模型基础完成可运行成果、说明文档和复盘。
RES-0146,提示词设计实践项目-026,synthetic_project,系统实践任务库,,advanced,12,70,synthetic,参赛团队生成,False,synthetic,围绕提示词设计完成可运行成果、说明文档和复盘。
RES-0147,RAG应用实践项目-027,synthetic_project,系统实践任务库,,beginner,13,20,synthetic,参赛团队生成,False,synthetic,围绕RAG应用完成可运行成果、说明文档和复盘。
RES-0148,向量数据库实践项目-028,synthetic_project,系统实践任务库,,intermediate,14,50,synthetic,参赛团队生成,False,synthetic,围绕向量数据库完成可运行成果、说明文档和复盘。
RES-0149,智能体开发实践项目-029,synthetic_project,系统实践任务库,,advanced,15,70,synthetic,参赛团队生成,False,synthetic,围绕智能体开发完成可运行成果、说明文档和复盘。
RES-0150,MCP与工具调用实践项目-030,synthetic_project,系统实践任务库,,beginner,16,20,synthetic,参赛团队生成,False,synthetic,围绕MCP与工具调用完成可运行成果、说明文档和复盘。
RES-0151,模型微调实践项目-031,synthetic_project,系统实践任务库,,intermediate,17,50,synthetic,参赛团队生成,False,synthetic,围绕模型微调完成可运行成果、说明文档和复盘。
RES-0152,AI安全与评测实践项目-032,synthetic_project,系统实践任务库,,advanced,18,70,synthetic,参赛团队生成,False,synthetic,围绕AI安全与评测完成可运行成果、说明文档和复盘。
RES-0153,Git版本控制实践项目-033,synthetic_project,系统实践任务库,,beginner,19,20,synthetic,参赛团队生成,False,synthetic,围绕Git版本控制完成可运行成果、说明文档和复盘。
RES-0154,API设计实践项目-034,synthetic_project,系统实践任务库,,intermediate,20,50,synthetic,参赛团队生成,False,synthetic,围绕API设计完成可运行成果、说明文档和复盘。
RES-0155,后端服务开发实践项目-035,synthetic_project,系统实践任务库,,advanced,21,70,synthetic,参赛团队生成,False,synthetic,围绕后端服务开发完成可运行成果、说明文档和复盘。
RES-0156,Docker容器实践项目-036,synthetic_project,系统实践任务库,,beginner,22,20,synthetic,参赛团队生成,False,synthetic,围绕Docker容器完成可运行成果、说明文档和复盘。
RES-0157,CI/CD实践项目-037,synthetic_project,系统实践任务库,,intermediate,23,50,synthetic,参赛团队生成,False,synthetic,围绕CI/CD完成可运行成果、说明文档和复盘。
RES-0158,云端部署实践项目-038,synthetic_project,系统实践任务库,,advanced,24,70,synthetic,参赛团队生成,False,synthetic,围绕云端部署完成可运行成果、说明文档和复盘。
RES-0159,监控与可观测性实践项目-039,synthetic_project,系统实践任务库,,beginner,25,20,synthetic,参赛团队生成,False,synthetic,围绕监控与可观测性完成可运行成果、说明文档和复盘。
RES-0160,数据工程管道实践项目-040,synthetic_project,系统实践任务库,,intermediate,26,50,synthetic,参赛团队生成,False,synthetic,围绕数据工程管道完成可运行成果、说明文档和复盘。
RES-0161,问题拆解实践项目-041,synthetic_project,系统实践任务库,,advanced,27,70,synthetic,参赛团队生成,False,synthetic,围绕问题拆解完成可运行成果、说明文档和复盘。
RES-0162,系统思维实践项目-042,synthetic_project,系统实践任务库,,beginner,28,20,synthetic,参赛团队生成,False,synthetic,围绕系统思维完成可运行成果、说明文档和复盘。
RES-0163,需求分析实践项目-043,synthetic_project,系统实践任务库,,intermediate,29,50,synthetic,参赛团队生成,False,synthetic,围绕需求分析完成可运行成果、说明文档和复盘。
RES-0164,用户研究实践项目-044,synthetic_project,系统实践任务库,,advanced,30,70,synthetic,参赛团队生成,False,synthetic,围绕用户研究完成可运行成果、说明文档和复盘。
RES-0165,指标设计实践项目-045,synthetic_project,系统实践任务库,,beginner,31,20,synthetic,参赛团队生成,False,synthetic,围绕指标设计完成可运行成果、说明文档和复盘。
RES-0166,业务理解实践项目-046,synthetic_project,系统实践任务库,,intermediate,32,50,synthetic,参赛团队生成,False,synthetic,围绕业务理解完成可运行成果、说明文档和复盘。
RES-0167,创新与方案比较实践项目-047,synthetic_project,系统实践任务库,,advanced,33,70,synthetic,参赛团队生成,False,synthetic,围绕创新与方案比较完成可运行成果、说明文档和复盘。
RES-0168,书面沟通实践项目-048,synthetic_project,系统实践任务库,,beginner,34,20,synthetic,参赛团队生成,False,synthetic,围绕书面沟通完成可运行成果、说明文档和复盘。
RES-0169,表达与汇报实践项目-049,synthetic_project,系统实践任务库,,intermediate,35,50,synthetic,参赛团队生成,False,synthetic,围绕表达与汇报完成可运行成果、说明文档和复盘。
RES-0170,跨岗位沟通实践项目-050,synthetic_project,系统实践任务库,,advanced,36,70,synthetic,参赛团队生成,False,synthetic,围绕跨岗位沟通完成可运行成果、说明文档和复盘。
RES-0171,远程协作实践项目-051,synthetic_project,系统实践任务库,,beginner,37,20,synthetic,参赛团队生成,False,synthetic,围绕远程协作完成可运行成果、说明文档和复盘。
RES-0172,团队协作实践项目-052,synthetic_project,系统实践任务库,,intermediate,38,50,synthetic,参赛团队生成,False,synthetic,围绕团队协作完成可运行成果、说明文档和复盘。
RES-0173,时间管理实践项目-053,synthetic_project,系统实践任务库,,advanced,39,70,synthetic,参赛团队生成,False,synthetic,围绕时间管理完成可运行成果、说明文档和复盘。
RES-0174,职业伦理与隐私实践项目-054,synthetic_project,系统实践任务库,,beginner,40,20,synthetic,参赛团队生成,False,synthetic,围绕职业伦理与隐私完成可运行成果、说明文档和复盘。
RES-0175,自主学习实践项目-055,synthetic_project,系统实践任务库,,intermediate,6,50,synthetic,参赛团队生成,False,synthetic,围绕自主学习完成可运行成果、说明文档和复盘。
RES-0176,知识管理实践项目-056,synthetic_project,系统实践任务库,,advanced,7,70,synthetic,参赛团队生成,False,synthetic,围绕知识管理完成可运行成果、说明文档和复盘。
RES-0177,项目规划实践项目-057,synthetic_project,系统实践任务库,,beginner,8,20,synthetic,参赛团队生成,False,synthetic,围绕项目规划完成可运行成果、说明文档和复盘。
RES-0178,项目交付实践项目-058,synthetic_project,系统实践任务库,,intermediate,9,50,synthetic,参赛团队生成,False,synthetic,围绕项目交付完成可运行成果、说明文档和复盘。
RES-0179,复盘与反馈实践项目-059,synthetic_project,系统实践任务库,,advanced,10,70,synthetic,参赛团队生成,False,synthetic,围绕复盘与反馈完成可运行成果、说明文档和复盘。
RES-0180,职业探索实践项目-060,synthetic_project,系统实践任务库,,beginner,11,20,synthetic,参赛团队生成,False,synthetic,围绕职业探索完成可运行成果、说明文档和复盘。
RES-0181,Python编程实践项目-061,synthetic_project,系统实践任务库,,intermediate,12,50,synthetic,参赛团队生成,False,synthetic,围绕Python编程完成可运行成果、说明文档和复盘。
RES-0182,数据结构与算法实践项目-062,synthetic_project,系统实践任务库,,advanced,13,70,synthetic,参赛团队生成,False,synthetic,围绕数据结构与算法完成可运行成果、说明文档和复盘。
RES-0183,面向对象设计实践项目-063,synthetic_project,系统实践任务库,,beginner,14,20,synthetic,参赛团队生成,False,synthetic,围绕面向对象设计完成可运行成果、说明文档和复盘。
RES-0184,计算机系统基础实践项目-064,synthetic_project,系统实践任务库,,intermediate,15,50,synthetic,参赛团队生成,False,synthetic,围绕计算机系统基础完成可运行成果、说明文档和复盘。
RES-0185,计算机网络实践项目-065,synthetic_project,系统实践任务库,,advanced,16,70,synthetic,参赛团队生成,False,synthetic,围绕计算机网络完成可运行成果、说明文档和复盘。
RES-0186,Linux使用实践项目-066,synthetic_project,系统实践任务库,,beginner,17,20,synthetic,参赛团队生成,False,synthetic,围绕Linux使用完成可运行成果、说明文档和复盘。
RES-0187,软件工程实践项目-067,synthetic_project,系统实践任务库,,intermediate,18,50,synthetic,参赛团队生成,False,synthetic,围绕软件工程完成可运行成果、说明文档和复盘。
RES-0188,测试与调试实践项目-068,synthetic_project,系统实践任务库,,advanced,19,70,synthetic,参赛团队生成,False,synthetic,围绕测试与调试完成可运行成果、说明文档和复盘。
RES-0189,SQL实践项目-069,synthetic_project,系统实践任务库,,beginner,20,20,synthetic,参赛团队生成,False,synthetic,围绕SQL完成可运行成果、说明文档和复盘。
RES-0190,数据清洗实践项目-070,synthetic_project,系统实践任务库,,intermediate,21,50,synthetic,参赛团队生成,False,synthetic,围绕数据清洗完成可运行成果、说明文档和复盘。
RES-0191,统计学基础实践项目-071,synthetic_project,系统实践任务库,,advanced,22,70,synthetic,参赛团队生成,False,synthetic,围绕统计学基础完成可运行成果、说明文档和复盘。
RES-0192,探索性数据分析实践项目-072,synthetic_project,系统实践任务库,,beginner,23,20,synthetic,参赛团队生成,False,synthetic,围绕探索性数据分析完成可运行成果、说明文档和复盘。
RES-0193,数据可视化实践项目-073,synthetic_project,系统实践任务库,,intermediate,24,50,synthetic,参赛团队生成,False,synthetic,围绕数据可视化完成可运行成果、说明文档和复盘。
RES-0194,Excel与BI工具实践项目-074,synthetic_project,系统实践任务库,,advanced,25,70,synthetic,参赛团队生成,False,synthetic,围绕Excel与BI工具完成可运行成果、说明文档和复盘。
RES-0195,数据建模实践项目-075,synthetic_project,系统实践任务库,,beginner,26,20,synthetic,参赛团队生成,False,synthetic,围绕数据建模完成可运行成果、说明文档和复盘。
RES-0196,实验与A/B测试实践项目-076,synthetic_project,系统实践任务库,,intermediate,27,50,synthetic,参赛团队生成,False,synthetic,围绕实验与A/B测试完成可运行成果、说明文档和复盘。
RES-0197,线性代数实践项目-077,synthetic_project,系统实践任务库,,advanced,28,70,synthetic,参赛团队生成,False,synthetic,围绕线性代数完成可运行成果、说明文档和复盘。
RES-0198,微积分与优化实践项目-078,synthetic_project,系统实践任务库,,beginner,29,20,synthetic,参赛团队生成,False,synthetic,围绕微积分与优化完成可运行成果、说明文档和复盘。
RES-0199,机器学习实践项目-079,synthetic_project,系统实践任务库,,intermediate,30,50,synthetic,参赛团队生成,False,synthetic,围绕机器学习完成可运行成果、说明文档和复盘。
RES-0200,特征工程实践项目-080,synthetic_project,系统实践任务库,,advanced,31,70,synthetic,参赛团队生成,False,synthetic,围绕特征工程完成可运行成果、说明文档和复盘。
RES-0201,模型评估实践项目-081,synthetic_project,系统实践任务库,,beginner,32,20,synthetic,参赛团队生成,False,synthetic,围绕模型评估完成可运行成果、说明文档和复盘。
RES-0202,深度学习实践项目-082,synthetic_project,系统实践任务库,,intermediate,33,50,synthetic,参赛团队生成,False,synthetic,围绕深度学习完成可运行成果、说明文档和复盘。
RES-0203,自然语言处理实践项目-083,synthetic_project,系统实践任务库,,advanced,34,70,synthetic,参赛团队生成,False,synthetic,围绕自然语言处理完成可运行成果、说明文档和复盘。
RES-0204,模型调优实践项目-084,synthetic_project,系统实践任务库,,beginner,35,20,synthetic,参赛团队生成,False,synthetic,围绕模型调优完成可运行成果、说明文档和复盘。
RES-0205,大模型基础实践项目-085,synthetic_project,系统实践任务库,,intermediate,36,50,synthetic,参赛团队生成,False,synthetic,围绕大模型基础完成可运行成果、说明文档和复盘。
RES-0206,提示词设计实践项目-086,synthetic_project,系统实践任务库,,advanced,37,70,synthetic,参赛团队生成,False,synthetic,围绕提示词设计完成可运行成果、说明文档和复盘。
RES-0207,RAG应用实践项目-087,synthetic_project,系统实践任务库,,beginner,38,20,synthetic,参赛团队生成,False,synthetic,围绕RAG应用完成可运行成果、说明文档和复盘。
RES-0208,向量数据库实践项目-088,synthetic_project,系统实践任务库,,intermediate,39,50,synthetic,参赛团队生成,False,synthetic,围绕向量数据库完成可运行成果、说明文档和复盘。
RES-0209,智能体开发实践项目-089,synthetic_project,系统实践任务库,,advanced,40,70,synthetic,参赛团队生成,False,synthetic,围绕智能体开发完成可运行成果、说明文档和复盘。
RES-0210,MCP与工具调用实践项目-090,synthetic_project,系统实践任务库,,beginner,6,20,synthetic,参赛团队生成,False,synthetic,围绕MCP与工具调用完成可运行成果、说明文档和复盘。
RES-0211,模型微调实践项目-091,synthetic_project,系统实践任务库,,intermediate,7,50,synthetic,参赛团队生成,False,synthetic,围绕模型微调完成可运行成果、说明文档和复盘。
RES-0212,AI安全与评测实践项目-092,synthetic_project,系统实践任务库,,advanced,8,70,synthetic,参赛团队生成,False,synthetic,围绕AI安全与评测完成可运行成果、说明文档和复盘。
RES-0213,Git版本控制实践项目-093,synthetic_project,系统实践任务库,,beginner,9,20,synthetic,参赛团队生成,False,synthetic,围绕Git版本控制完成可运行成果、说明文档和复盘。
RES-0214,API设计实践项目-094,synthetic_project,系统实践任务库,,intermediate,10,50,synthetic,参赛团队生成,False,synthetic,围绕API设计完成可运行成果、说明文档和复盘。
RES-0215,后端服务开发实践项目-095,synthetic_project,系统实践任务库,,advanced,11,70,synthetic,参赛团队生成,False,synthetic,围绕后端服务开发完成可运行成果、说明文档和复盘。
RES-0216,Docker容器实践项目-096,synthetic_project,系统实践任务库,,beginner,12,20,synthetic,参赛团队生成,False,synthetic,围绕Docker容器完成可运行成果、说明文档和复盘。
RES-0217,CI/CD实践项目-097,synthetic_project,系统实践任务库,,intermediate,13,50,synthetic,参赛团队生成,False,synthetic,围绕CI/CD完成可运行成果、说明文档和复盘。
RES-0218,云端部署实践项目-098,synthetic_project,系统实践任务库,,advanced,14,70,synthetic,参赛团队生成,False,synthetic,围绕云端部署完成可运行成果、说明文档和复盘。
RES-0219,监控与可观测性实践项目-099,synthetic_project,系统实践任务库,,beginner,15,20,synthetic,参赛团队生成,False,synthetic,围绕监控与可观测性完成可运行成果、说明文档和复盘。
RES-0220,数据工程管道实践项目-100,synthetic_project,系统实践任务库,,intermediate,16,50,synthetic,参赛团队生成,False,synthetic,围绕数据工程管道完成可运行成果、说明文档和复盘。
RES-0221,问题拆解实践项目-101,synthetic_project,系统实践任务库,,advanced,17,70,synthetic,参赛团队生成,False,synthetic,围绕问题拆解完成可运行成果、说明文档和复盘。
RES-0222,系统思维实践项目-102,synthetic_project,系统实践任务库,,beginner,18,20,synthetic,参赛团队生成,False,synthetic,围绕系统思维完成可运行成果、说明文档和复盘。
RES-0223,需求分析实践项目-103,synthetic_project,系统实践任务库,,intermediate,19,50,synthetic,参赛团队生成,False,synthetic,围绕需求分析完成可运行成果、说明文档和复盘。
RES-0224,用户研究实践项目-104,synthetic_project,系统实践任务库,,advanced,20,70,synthetic,参赛团队生成,False,synthetic,围绕用户研究完成可运行成果、说明文档和复盘。
RES-0225,指标设计实践项目-105,synthetic_project,系统实践任务库,,beginner,21,20,synthetic,参赛团队生成,False,synthetic,围绕指标设计完成可运行成果、说明文档和复盘。
RES-0226,业务理解实践项目-106,synthetic_project,系统实践任务库,,intermediate,22,50,synthetic,参赛团队生成,False,synthetic,围绕业务理解完成可运行成果、说明文档和复盘。
RES-0227,创新与方案比较实践项目-107,synthetic_project,系统实践任务库,,advanced,23,70,synthetic,参赛团队生成,False,synthetic,围绕创新与方案比较完成可运行成果、说明文档和复盘。
RES-0228,书面沟通实践项目-108,synthetic_project,系统实践任务库,,beginner,24,20,synthetic,参赛团队生成,False,synthetic,围绕书面沟通完成可运行成果、说明文档和复盘。
RES-0229,表达与汇报实践项目-109,synthetic_project,系统实践任务库,,intermediate,25,50,synthetic,参赛团队生成,False,synthetic,围绕表达与汇报完成可运行成果、说明文档和复盘。
RES-0230,跨岗位沟通实践项目-110,synthetic_project,系统实践任务库,,advanced,26,70,synthetic,参赛团队生成,False,synthetic,围绕跨岗位沟通完成可运行成果、说明文档和复盘。
RES-0231,远程协作实践项目-111,synthetic_project,系统实践任务库,,beginner,27,20,synthetic,参赛团队生成,False,synthetic,围绕远程协作完成可运行成果、说明文档和复盘。
RES-0232,团队协作实践项目-112,synthetic_project,系统实践任务库,,intermediate,28,50,synthetic,参赛团队生成,False,synthetic,围绕团队协作完成可运行成果、说明文档和复盘。
RES-0233,时间管理实践项目-113,synthetic_project,系统实践任务库,,advanced,29,70,synthetic,参赛团队生成,False,synthetic,围绕时间管理完成可运行成果、说明文档和复盘。
RES-0234,职业伦理与隐私实践项目-114,synthetic_project,系统实践任务库,,beginner,30,20,synthetic,参赛团队生成,False,synthetic,围绕职业伦理与隐私完成可运行成果、说明文档和复盘。
RES-0235,自主学习实践项目-115,synthetic_project,系统实践任务库,,intermediate,31,50,synthetic,参赛团队生成,False,synthetic,围绕自主学习完成可运行成果、说明文档和复盘。
RES-0236,知识管理实践项目-116,synthetic_project,系统实践任务库,,advanced,32,70,synthetic,参赛团队生成,False,synthetic,围绕知识管理完成可运行成果、说明文档和复盘。
RES-0237,项目规划实践项目-117,synthetic_project,系统实践任务库,,beginner,33,20,synthetic,参赛团队生成,False,synthetic,围绕项目规划完成可运行成果、说明文档和复盘。
RES-0238,项目交付实践项目-118,synthetic_project,系统实践任务库,,intermediate,34,50,synthetic,参赛团队生成,False,synthetic,围绕项目交付完成可运行成果、说明文档和复盘。
RES-0239,复盘与反馈实践项目-119,synthetic_project,系统实践任务库,,advanced,35,70,synthetic,参赛团队生成,False,synthetic,围绕复盘与反馈完成可运行成果、说明文档和复盘。
RES-0240,职业探索实践项目-120,synthetic_project,系统实践任务库,,beginner,36,20,synthetic,参赛团队生成,False,synthetic,围绕职业探索完成可运行成果、说明文档和复盘。
RES-0241,Python编程实践项目-121,synthetic_project,系统实践任务库,,intermediate,37,50,synthetic,参赛团队生成,False,synthetic,围绕Python编程完成可运行成果、说明文档和复盘。
RES-0242,数据结构与算法实践项目-122,synthetic_project,系统实践任务库,,advanced,38,70,synthetic,参赛团队生成,False,synthetic,围绕数据结构与算法完成可运行成果、说明文档和复盘。
RES-0243,面向对象设计实践项目-123,synthetic_project,系统实践任务库,,beginner,39,20,synthetic,参赛团队生成,False,synthetic,围绕面向对象设计完成可运行成果、说明文档和复盘。
RES-0244,计算机系统基础实践项目-124,synthetic_project,系统实践任务库,,intermediate,40,50,synthetic,参赛团队生成,False,synthetic,围绕计算机系统基础完成可运行成果、说明文档和复盘。
RES-0245,计算机网络实践项目-125,synthetic_project,系统实践任务库,,advanced,6,70,synthetic,参赛团队生成,False,synthetic,围绕计算机网络完成可运行成果、说明文档和复盘。
RES-0246,Linux使用实践项目-126,synthetic_project,系统实践任务库,,beginner,7,20,synthetic,参赛团队生成,False,synthetic,围绕Linux使用完成可运行成果、说明文档和复盘。
RES-0247,软件工程实践项目-127,synthetic_project,系统实践任务库,,intermediate,8,50,synthetic,参赛团队生成,False,synthetic,围绕软件工程完成可运行成果、说明文档和复盘。
RES-0248,测试与调试实践项目-128,synthetic_project,系统实践任务库,,advanced,9,70,synthetic,参赛团队生成,False,synthetic,围绕测试与调试完成可运行成果、说明文档和复盘。
RES-0249,SQL实践项目-129,synthetic_project,系统实践任务库,,beginner,10,20,synthetic,参赛团队生成,False,synthetic,围绕SQL完成可运行成果、说明文档和复盘。
RES-0250,数据清洗实践项目-130,synthetic_project,系统实践任务库,,intermediate,11,50,synthetic,参赛团队生成,False,synthetic,围绕数据清洗完成可运行成果、说明文档和复盘。
RES-0251,统计学基础实践项目-131,synthetic_project,系统实践任务库,,advanced,12,70,synthetic,参赛团队生成,False,synthetic,围绕统计学基础完成可运行成果、说明文档和复盘。
RES-0252,探索性数据分析实践项目-132,synthetic_project,系统实践任务库,,beginner,13,20,synthetic,参赛团队生成,False,synthetic,围绕探索性数据分析完成可运行成果、说明文档和复盘。
RES-0253,数据可视化实践项目-133,synthetic_project,系统实践任务库,,intermediate,14,50,synthetic,参赛团队生成,False,synthetic,围绕数据可视化完成可运行成果、说明文档和复盘。
RES-0254,Excel与BI工具实践项目-134,synthetic_project,系统实践任务库,,advanced,15,70,synthetic,参赛团队生成,False,synthetic,围绕Excel与BI工具完成可运行成果、说明文档和复盘。
RES-0255,数据建模实践项目-135,synthetic_project,系统实践任务库,,beginner,16,20,synthetic,参赛团队生成,False,synthetic,围绕数据建模完成可运行成果、说明文档和复盘。
RES-0256,实验与A/B测试实践项目-136,synthetic_project,系统实践任务库,,intermediate,17,50,synthetic,参赛团队生成,False,synthetic,围绕实验与A/B测试完成可运行成果、说明文档和复盘。
RES-0257,线性代数实践项目-137,synthetic_project,系统实践任务库,,advanced,18,70,synthetic,参赛团队生成,False,synthetic,围绕线性代数完成可运行成果、说明文档和复盘。
RES-0258,微积分与优化实践项目-138,synthetic_project,系统实践任务库,,beginner,19,20,synthetic,参赛团队生成,False,synthetic,围绕微积分与优化完成可运行成果、说明文档和复盘。
RES-0259,机器学习实践项目-139,synthetic_project,系统实践任务库,,intermediate,20,50,synthetic,参赛团队生成,False,synthetic,围绕机器学习完成可运行成果、说明文档和复盘。
RES-0260,特征工程实践项目-140,synthetic_project,系统实践任务库,,advanced,21,70,synthetic,参赛团队生成,False,synthetic,围绕特征工程完成可运行成果、说明文档和复盘。
RES-0261,模型评估实践项目-141,synthetic_project,系统实践任务库,,beginner,22,20,synthetic,参赛团队生成,False,synthetic,围绕模型评估完成可运行成果、说明文档和复盘。
RES-0262,深度学习实践项目-142,synthetic_project,系统实践任务库,,intermediate,23,50,synthetic,参赛团队生成,False,synthetic,围绕深度学习完成可运行成果、说明文档和复盘。
RES-0263,自然语言处理实践项目-143,synthetic_project,系统实践任务库,,advanced,24,70,synthetic,参赛团队生成,False,synthetic,围绕自然语言处理完成可运行成果、说明文档和复盘。
RES-0264,模型调优实践项目-144,synthetic_project,系统实践任务库,,beginner,25,20,synthetic,参赛团队生成,False,synthetic,围绕模型调优完成可运行成果、说明文档和复盘。
RES-0265,大模型基础实践项目-145,synthetic_project,系统实践任务库,,intermediate,26,50,synthetic,参赛团队生成,False,synthetic,围绕大模型基础完成可运行成果、说明文档和复盘。
RES-0266,提示词设计实践项目-146,synthetic_project,系统实践任务库,,advanced,27,70,synthetic,参赛团队生成,False,synthetic,围绕提示词设计完成可运行成果、说明文档和复盘。
RES-0267,RAG应用实践项目-147,synthetic_project,系统实践任务库,,beginner,28,20,synthetic,参赛团队生成,False,synthetic,围绕RAG应用完成可运行成果、说明文档和复盘。
RES-0268,向量数据库实践项目-148,synthetic_project,系统实践任务库,,intermediate,29,50,synthetic,参赛团队生成,False,synthetic,围绕向量数据库完成可运行成果、说明文档和复盘。
RES-0269,智能体开发实践项目-149,synthetic_project,系统实践任务库,,advanced,30,70,synthetic,参赛团队生成,False,synthetic,围绕智能体开发完成可运行成果、说明文档和复盘。
RES-0270,MCP与工具调用实践项目-150,synthetic_project,系统实践任务库,,beginner,31,20,synthetic,参赛团队生成,False,synthetic,围绕MCP与工具调用完成可运行成果、说明文档和复盘。
RES-0271,模型微调实践项目-151,synthetic_project,系统实践任务库,,intermediate,32,50,synthetic,参赛团队生成,False,synthetic,围绕模型微调完成可运行成果、说明文档和复盘。
RES-0272,AI安全与评测实践项目-152,synthetic_project,系统实践任务库,,advanced,33,70,synthetic,参赛团队生成,False,synthetic,围绕AI安全与评测完成可运行成果、说明文档和复盘。
RES-0273,Git版本控制实践项目-153,synthetic_project,系统实践任务库,,beginner,34,20,synthetic,参赛团队生成,False,synthetic,围绕Git版本控制完成可运行成果、说明文档和复盘。
RES-0274,API设计实践项目-154,synthetic_project,系统实践任务库,,intermediate,35,50,synthetic,参赛团队生成,False,synthetic,围绕API设计完成可运行成果、说明文档和复盘。
RES-0275,后端服务开发实践项目-155,synthetic_project,系统实践任务库,,advanced,36,70,synthetic,参赛团队生成,False,synthetic,围绕后端服务开发完成可运行成果、说明文档和复盘。
RES-0276,Docker容器实践项目-156,synthetic_project,系统实践任务库,,beginner,37,20,synthetic,参赛团队生成,False,synthetic,围绕Docker容器完成可运行成果、说明文档和复盘。
RES-0277,CI/CD实践项目-157,synthetic_project,系统实践任务库,,intermediate,38,50,synthetic,参赛团队生成,False,synthetic,围绕CI/CD完成可运行成果、说明文档和复盘。
RES-0278,云端部署实践项目-158,synthetic_project,系统实践任务库,,advanced,39,70,synthetic,参赛团队生成,False,synthetic,围绕云端部署完成可运行成果、说明文档和复盘。
RES-0279,监控与可观测性实践项目-159,synthetic_project,系统实践任务库,,beginner,40,20,synthetic,参赛团队生成,False,synthetic,围绕监控与可观测性完成可运行成果、说明文档和复盘。
RES-0280,数据工程管道实践项目-160,synthetic_project,系统实践任务库,,intermediate,6,50,synthetic,参赛团队生成,False,synthetic,围绕数据工程管道完成可运行成果、说明文档和复盘。
RES-0281,问题拆解实践项目-161,synthetic_project,系统实践任务库,,advanced,7,70,synthetic,参赛团队生成,False,synthetic,围绕问题拆解完成可运行成果、说明文档和复盘。
RES-0282,系统思维实践项目-162,synthetic_project,系统实践任务库,,beginner,8,20,synthetic,参赛团队生成,False,synthetic,围绕系统思维完成可运行成果、说明文档和复盘。
RES-0283,需求分析实践项目-163,synthetic_project,系统实践任务库,,intermediate,9,50,synthetic,参赛团队生成,False,synthetic,围绕需求分析完成可运行成果、说明文档和复盘。
RES-0284,用户研究实践项目-164,synthetic_project,系统实践任务库,,advanced,10,70,synthetic,参赛团队生成,False,synthetic,围绕用户研究完成可运行成果、说明文档和复盘。
RES-0285,指标设计实践项目-165,synthetic_project,系统实践任务库,,beginner,11,20,synthetic,参赛团队生成,False,synthetic,围绕指标设计完成可运行成果、说明文档和复盘。
RES-0286,业务理解实践项目-166,synthetic_project,系统实践任务库,,intermediate,12,50,synthetic,参赛团队生成,False,synthetic,围绕业务理解完成可运行成果、说明文档和复盘。
RES-0287,创新与方案比较实践项目-167,synthetic_project,系统实践任务库,,advanced,13,70,synthetic,参赛团队生成,False,synthetic,围绕创新与方案比较完成可运行成果、说明文档和复盘。
RES-0288,书面沟通实践项目-168,synthetic_project,系统实践任务库,,beginner,14,20,synthetic,参赛团队生成,False,synthetic,围绕书面沟通完成可运行成果、说明文档和复盘。
RES-0289,表达与汇报实践项目-169,synthetic_project,系统实践任务库,,intermediate,15,50,synthetic,参赛团队生成,False,synthetic,围绕表达与汇报完成可运行成果、说明文档和复盘。
RES-0290,跨岗位沟通实践项目-170,synthetic_project,系统实践任务库,,advanced,16,70,synthetic,参赛团队生成,False,synthetic,围绕跨岗位沟通完成可运行成果、说明文档和复盘。
RES-0291,远程协作实践项目-171,synthetic_project,系统实践任务库,,beginner,17,20,synthetic,参赛团队生成,False,synthetic,围绕远程协作完成可运行成果、说明文档和复盘。
RES-0292,团队协作实践项目-172,synthetic_project,系统实践任务库,,intermediate,18,50,synthetic,参赛团队生成,False,synthetic,围绕团队协作完成可运行成果、说明文档和复盘。
RES-0293,时间管理实践项目-173,synthetic_project,系统实践任务库,,advanced,19,70,synthetic,参赛团队生成,False,synthetic,围绕时间管理完成可运行成果、说明文档和复盘。
RES-0294,职业伦理与隐私实践项目-174,synthetic_project,系统实践任务库,,beginner,20,20,synthetic,参赛团队生成,False,synthetic,围绕职业伦理与隐私完成可运行成果、说明文档和复盘。
RES-0295,自主学习实践项目-175,synthetic_project,系统实践任务库,,intermediate,21,50,synthetic,参赛团队生成,False,synthetic,围绕自主学习完成可运行成果、说明文档和复盘。
RES-0296,知识管理实践项目-176,synthetic_project,系统实践任务库,,advanced,22,70,synthetic,参赛团队生成,False,synthetic,围绕知识管理完成可运行成果、说明文档和复盘。
RES-0297,项目规划实践项目-177,synthetic_project,系统实践任务库,,beginner,23,20,synthetic,参赛团队生成,False,synthetic,围绕项目规划完成可运行成果、说明文档和复盘。
RES-0298,项目交付实践项目-178,synthetic_project,系统实践任务库,,intermediate,24,50,synthetic,参赛团队生成,False,synthetic,围绕项目交付完成可运行成果、说明文档和复盘。
RES-0299,复盘与反馈实践项目-179,synthetic_project,系统实践任务库,,advanced,25,70,synthetic,参赛团队生成,False,synthetic,围绕复盘与反馈完成可运行成果、说明文档和复盘。
RES-0300,职业探索实践项目-180,synthetic_project,系统实践任务库,,beginner,26,20,synthetic,参赛团队生成,False,synthetic,围绕职业探索完成可运行成果、说明文档和复盘。
RES-0301,Python编程实践项目-181,synthetic_project,系统实践任务库,,intermediate,27,50,synthetic,参赛团队生成,False,synthetic,围绕Python编程完成可运行成果、说明文档和复盘。
RES-0302,数据结构与算法实践项目-182,synthetic_project,系统实践任务库,,advanced,28,70,synthetic,参赛团队生成,False,synthetic,围绕数据结构与算法完成可运行成果、说明文档和复盘。
RES-0303,面向对象设计实践项目-183,synthetic_project,系统实践任务库,,beginner,29,20,synthetic,参赛团队生成,False,synthetic,围绕面向对象设计完成可运行成果、说明文档和复盘。
RES-0304,计算机系统基础实践项目-184,synthetic_project,系统实践任务库,,intermediate,30,50,synthetic,参赛团队生成,False,synthetic,围绕计算机系统基础完成可运行成果、说明文档和复盘。
RES-0305,计算机网络实践项目-185,synthetic_project,系统实践任务库,,advanced,31,70,synthetic,参赛团队生成,False,synthetic,围绕计算机网络完成可运行成果、说明文档和复盘。
RES-0306,Linux使用实践项目-186,synthetic_project,系统实践任务库,,beginner,32,20,synthetic,参赛团队生成,False,synthetic,围绕Linux使用完成可运行成果、说明文档和复盘。
RES-0307,软件工程实践项目-187,synthetic_project,系统实践任务库,,intermediate,33,50,synthetic,参赛团队生成,False,synthetic,围绕软件工程完成可运行成果、说明文档和复盘。
RES-0308,测试与调试实践项目-188,synthetic_project,系统实践任务库,,advanced,34,70,synthetic,参赛团队生成,False,synthetic,围绕测试与调试完成可运行成果、说明文档和复盘。
RES-0309,SQL实践项目-189,synthetic_project,系统实践任务库,,beginner,35,20,synthetic,参赛团队生成,False,synthetic,围绕SQL完成可运行成果、说明文档和复盘。
RES-0310,数据清洗实践项目-190,synthetic_project,系统实践任务库,,intermediate,36,50,synthetic,参赛团队生成,False,synthetic,围绕数据清洗完成可运行成果、说明文档和复盘。
RES-0311,统计学基础实践项目-191,synthetic_project,系统实践任务库,,advanced,37,70,synthetic,参赛团队生成,False,synthetic,围绕统计学基础完成可运行成果、说明文档和复盘。
RES-0312,探索性数据分析实践项目-192,synthetic_project,系统实践任务库,,beginner,38,20,synthetic,参赛团队生成,False,synthetic,围绕探索性数据分析完成可运行成果、说明文档和复盘。
RES-0313,数据可视化实践项目-193,synthetic_project,系统实践任务库,,intermediate,39,50,synthetic,参赛团队生成,False,synthetic,围绕数据可视化完成可运行成果、说明文档和复盘。
RES-0314,Excel与BI工具实践项目-194,synthetic_project,系统实践任务库,,advanced,40,70,synthetic,参赛团队生成,False,synthetic,围绕Excel与BI工具完成可运行成果、说明文档和复盘。
RES-0315,数据建模实践项目-195,synthetic_project,系统实践任务库,,beginner,6,20,synthetic,参赛团队生成,False,synthetic,围绕数据建模完成可运行成果、说明文档和复盘。
RES-0316,实验与A/B测试实践项目-196,synthetic_project,系统实践任务库,,intermediate,7,50,synthetic,参赛团队生成,False,synthetic,围绕实验与A/B测试完成可运行成果、说明文档和复盘。
RES-0317,线性代数实践项目-197,synthetic_project,系统实践任务库,,advanced,8,70,synthetic,参赛团队生成,False,synthetic,围绕线性代数完成可运行成果、说明文档和复盘。
RES-0318,微积分与优化实践项目-198,synthetic_project,系统实践任务库,,beginner,9,20,synthetic,参赛团队生成,False,synthetic,围绕微积分与优化完成可运行成果、说明文档和复盘。
RES-0319,机器学习实践项目-199,synthetic_project,系统实践任务库,,intermediate,10,50,synthetic,参赛团队生成,False,synthetic,围绕机器学习完成可运行成果、说明文档和复盘。
RES-0320,特征工程实践项目-200,synthetic_project,系统实践任务库,,advanced,11,70,synthetic,参赛团队生成,False,synthetic,围绕特征工程完成可运行成果、说明文档和复盘。
RES-0321,模型评估实践项目-201,synthetic_project,系统实践任务库,,beginner,12,20,synthetic,参赛团队生成,False,synthetic,围绕模型评估完成可运行成果、说明文档和复盘。
RES-0322,深度学习实践项目-202,synthetic_project,系统实践任务库,,intermediate,13,50,synthetic,参赛团队生成,False,synthetic,围绕深度学习完成可运行成果、说明文档和复盘。
RES-0323,自然语言处理实践项目-203,synthetic_project,系统实践任务库,,advanced,14,70,synthetic,参赛团队生成,False,synthetic,围绕自然语言处理完成可运行成果、说明文档和复盘。
RES-0324,模型调优实践项目-204,synthetic_project,系统实践任务库,,beginner,15,20,synthetic,参赛团队生成,False,synthetic,围绕模型调优完成可运行成果、说明文档和复盘。
RES-0325,大模型基础实践项目-205,synthetic_project,系统实践任务库,,intermediate,16,50,synthetic,参赛团队生成,False,synthetic,围绕大模型基础完成可运行成果、说明文档和复盘。
RES-0326,提示词设计实践项目-206,synthetic_project,系统实践任务库,,advanced,17,70,synthetic,参赛团队生成,False,synthetic,围绕提示词设计完成可运行成果、说明文档和复盘。
RES-0327,RAG应用实践项目-207,synthetic_project,系统实践任务库,,beginner,18,20,synthetic,参赛团队生成,False,synthetic,围绕RAG应用完成可运行成果、说明文档和复盘。
RES-0328,向量数据库实践项目-208,synthetic_project,系统实践任务库,,intermediate,19,50,synthetic,参赛团队生成,False,synthetic,围绕向量数据库完成可运行成果、说明文档和复盘。
RES-0329,智能体开发实践项目-209,synthetic_project,系统实践任务库,,advanced,20,70,synthetic,参赛团队生成,False,synthetic,围绕智能体开发完成可运行成果、说明文档和复盘。
RES-0330,MCP与工具调用实践项目-210,synthetic_project,系统实践任务库,,beginner,21,20,synthetic,参赛团队生成,False,synthetic,围绕MCP与工具调用完成可运行成果、说明文档和复盘。
RES-0331,模型微调实践项目-211,synthetic_project,系统实践任务库,,intermediate,22,50,synthetic,参赛团队生成,False,synthetic,围绕模型微调完成可运行成果、说明文档和复盘。
RES-0332,AI安全与评测实践项目-212,synthetic_project,系统实践任务库,,advanced,23,70,synthetic,参赛团队生成,False,synthetic,围绕AI安全与评测完成可运行成果、说明文档和复盘。
RES-0333,Git版本控制实践项目-213,synthetic_project,系统实践任务库,,beginner,24,20,synthetic,参赛团队生成,False,synthetic,围绕Git版本控制完成可运行成果、说明文档和复盘。
RES-0334,API设计实践项目-214,synthetic_project,系统实践任务库,,intermediate,25,50,synthetic,参赛团队生成,False,synthetic,围绕API设计完成可运行成果、说明文档和复盘。
RES-0335,后端服务开发实践项目-215,synthetic_project,系统实践任务库,,advanced,26,70,synthetic,参赛团队生成,False,synthetic,围绕后端服务开发完成可运行成果、说明文档和复盘。
RES-0336,Docker容器实践项目-216,synthetic_project,系统实践任务库,,beginner,27,20,synthetic,参赛团队生成,False,synthetic,围绕Docker容器完成可运行成果、说明文档和复盘。
RES-0337,CI/CD实践项目-217,synthetic_project,系统实践任务库,,intermediate,28,50,synthetic,参赛团队生成,False,synthetic,围绕CI/CD完成可运行成果、说明文档和复盘。
RES-0338,云端部署实践项目-218,synthetic_project,系统实践任务库,,advanced,29,70,synthetic,参赛团队生成,False,synthetic,围绕云端部署完成可运行成果、说明文档和复盘。
RES-0339,监控与可观测性实践项目-219,synthetic_project,系统实践任务库,,beginner,30,20,synthetic,参赛团队生成,False,synthetic,围绕监控与可观测性完成可运行成果、说明文档和复盘。
RES-0340,数据工程管道实践项目-220,synthetic_project,系统实践任务库,,intermediate,31,50,synthetic,参赛团队生成,False,synthetic,围绕数据工程管道完成可运行成果、说明文档和复盘。
RES-0341,问题拆解实践项目-221,synthetic_project,系统实践任务库,,advanced,32,70,synthetic,参赛团队生成,False,synthetic,围绕问题拆解完成可运行成果、说明文档和复盘。
RES-0342,系统思维实践项目-222,synthetic_project,系统实践任务库,,beginner,33,20,synthetic,参赛团队生成,False,synthetic,围绕系统思维完成可运行成果、说明文档和复盘。
RES-0343,需求分析实践项目-223,synthetic_project,系统实践任务库,,intermediate,34,50,synthetic,参赛团队生成,False,synthetic,围绕需求分析完成可运行成果、说明文档和复盘。
RES-0344,用户研究实践项目-224,synthetic_project,系统实践任务库,,advanced,35,70,synthetic,参赛团队生成,False,synthetic,围绕用户研究完成可运行成果、说明文档和复盘。
RES-0345,指标设计实践项目-225,synthetic_project,系统实践任务库,,beginner,36,20,synthetic,参赛团队生成,False,synthetic,围绕指标设计完成可运行成果、说明文档和复盘。
RES-0346,业务理解实践项目-226,synthetic_project,系统实践任务库,,intermediate,37,50,synthetic,参赛团队生成,False,synthetic,围绕业务理解完成可运行成果、说明文档和复盘。
RES-0347,创新与方案比较实践项目-227,synthetic_project,系统实践任务库,,advanced,38,70,synthetic,参赛团队生成,False,synthetic,围绕创新与方案比较完成可运行成果、说明文档和复盘。
RES-0348,书面沟通实践项目-228,synthetic_project,系统实践任务库,,beginner,39,20,synthetic,参赛团队生成,False,synthetic,围绕书面沟通完成可运行成果、说明文档和复盘。
RES-0349,表达与汇报实践项目-229,synthetic_project,系统实践任务库,,intermediate,40,50,synthetic,参赛团队生成,False,synthetic,围绕表达与汇报完成可运行成果、说明文档和复盘。
RES-0350,跨岗位沟通实践项目-230,synthetic_project,系统实践任务库,,advanced,6,70,synthetic,参赛团队生成,False,synthetic,围绕跨岗位沟通完成可运行成果、说明文档和复盘。
RES-0351,远程协作实践项目-231,synthetic_project,系统实践任务库,,beginner,7,20,synthetic,参赛团队生成,False,synthetic,围绕远程协作完成可运行成果、说明文档和复盘。
RES-0352,团队协作实践项目-232,synthetic_project,系统实践任务库,,intermediate,8,50,synthetic,参赛团队生成,False,synthetic,围绕团队协作完成可运行成果、说明文档和复盘。
RES-0353,时间管理实践项目-233,synthetic_project,系统实践任务库,,advanced,9,70,synthetic,参赛团队生成,False,synthetic,围绕时间管理完成可运行成果、说明文档和复盘。
RES-0354,职业伦理与隐私实践项目-234,synthetic_project,系统实践任务库,,beginner,10,20,synthetic,参赛团队生成,False,synthetic,围绕职业伦理与隐私完成可运行成果、说明文档和复盘。
RES-0355,自主学习实践项目-235,synthetic_project,系统实践任务库,,intermediate,11,50,synthetic,参赛团队生成,False,synthetic,围绕自主学习完成可运行成果、说明文档和复盘。
RES-0356,知识管理实践项目-236,synthetic_project,系统实践任务库,,advanced,12,70,synthetic,参赛团队生成,False,synthetic,围绕知识管理完成可运行成果、说明文档和复盘。
RES-0357,项目规划实践项目-237,synthetic_project,系统实践任务库,,beginner,13,20,synthetic,参赛团队生成,False,synthetic,围绕项目规划完成可运行成果、说明文档和复盘。
RES-0358,项目交付实践项目-238,synthetic_project,系统实践任务库,,intermediate,14,50,synthetic,参赛团队生成,False,synthetic,围绕项目交付完成可运行成果、说明文档和复盘。
RES-0359,复盘与反馈实践项目-239,synthetic_project,系统实践任务库,,advanced,15,70,synthetic,参赛团队生成,False,synthetic,围绕复盘与反馈完成可运行成果、说明文档和复盘。
RES-0360,职业探索实践项目-240,synthetic_project,系统实践任务库,,beginner,16,20,synthetic,参赛团队生成,False,synthetic,围绕职业探索完成可运行成果、说明文档和复盘。
RES-0361,Python编程实践项目-241,synthetic_project,系统实践任务库,,intermediate,17,50,synthetic,参赛团队生成,False,synthetic,围绕Python编程完成可运行成果、说明文档和复盘。
RES-0362,数据结构与算法实践项目-242,synthetic_project,系统实践任务库,,advanced,18,70,synthetic,参赛团队生成,False,synthetic,围绕数据结构与算法完成可运行成果、说明文档和复盘。
RES-0363,面向对象设计实践项目-243,synthetic_project,系统实践任务库,,beginner,19,20,synthetic,参赛团队生成,False,synthetic,围绕面向对象设计完成可运行成果、说明文档和复盘。
RES-0364,计算机系统基础实践项目-244,synthetic_project,系统实践任务库,,intermediate,20,50,synthetic,参赛团队生成,False,synthetic,围绕计算机系统基础完成可运行成果、说明文档和复盘。
RES-0365,计算机网络实践项目-245,synthetic_project,系统实践任务库,,advanced,21,70,synthetic,参赛团队生成,False,synthetic,围绕计算机网络完成可运行成果、说明文档和复盘。
RES-0366,Linux使用实践项目-246,synthetic_project,系统实践任务库,,beginner,22,20,synthetic,参赛团队生成,False,synthetic,围绕Linux使用完成可运行成果、说明文档和复盘。
RES-0367,软件工程实践项目-247,synthetic_project,系统实践任务库,,intermediate,23,50,synthetic,参赛团队生成,False,synthetic,围绕软件工程完成可运行成果、说明文档和复盘。
RES-0368,测试与调试实践项目-248,synthetic_project,系统实践任务库,,advanced,24,70,synthetic,参赛团队生成,False,synthetic,围绕测试与调试完成可运行成果、说明文档和复盘。
RES-0369,SQL实践项目-249,synthetic_project,系统实践任务库,,beginner,25,20,synthetic,参赛团队生成,False,synthetic,围绕SQL完成可运行成果、说明文档和复盘。
RES-0370,数据清洗实践项目-250,synthetic_project,系统实践任务库,,intermediate,26,50,synthetic,参赛团队生成,False,synthetic,围绕数据清洗完成可运行成果、说明文档和复盘。
RES-0371,统计学基础实践项目-251,synthetic_project,系统实践任务库,,advanced,27,70,synthetic,参赛团队生成,False,synthetic,围绕统计学基础完成可运行成果、说明文档和复盘。
RES-0372,探索性数据分析实践项目-252,synthetic_project,系统实践任务库,,beginner,28,20,synthetic,参赛团队生成,False,synthetic,围绕探索性数据分析完成可运行成果、说明文档和复盘。
RES-0373,数据可视化实践项目-253,synthetic_project,系统实践任务库,,intermediate,29,50,synthetic,参赛团队生成,False,synthetic,围绕数据可视化完成可运行成果、说明文档和复盘。
RES-0374,Excel与BI工具实践项目-254,synthetic_project,系统实践任务库,,advanced,30,70,synthetic,参赛团队生成,False,synthetic,围绕Excel与BI工具完成可运行成果、说明文档和复盘。
RES-0375,数据建模实践项目-255,synthetic_project,系统实践任务库,,beginner,31,20,synthetic,参赛团队生成,False,synthetic,围绕数据建模完成可运行成果、说明文档和复盘。
RES-0376,实验与A/B测试实践项目-256,synthetic_project,系统实践任务库,,intermediate,32,50,synthetic,参赛团队生成,False,synthetic,围绕实验与A/B测试完成可运行成果、说明文档和复盘。
RES-0377,线性代数实践项目-257,synthetic_project,系统实践任务库,,advanced,33,70,synthetic,参赛团队生成,False,synthetic,围绕线性代数完成可运行成果、说明文档和复盘。
RES-0378,微积分与优化实践项目-258,synthetic_project,系统实践任务库,,beginner,34,20,synthetic,参赛团队生成,False,synthetic,围绕微积分与优化完成可运行成果、说明文档和复盘。
RES-0379,机器学习实践项目-259,synthetic_project,系统实践任务库,,intermediate,35,50,synthetic,参赛团队生成,False,synthetic,围绕机器学习完成可运行成果、说明文档和复盘。
RES-0380,特征工程实践项目-260,synthetic_project,系统实践任务库,,advanced,36,70,synthetic,参赛团队生成,False,synthetic,围绕特征工程完成可运行成果、说明文档和复盘。
RES-0381,模型评估实践项目-261,synthetic_project,系统实践任务库,,beginner,37,20,synthetic,参赛团队生成,False,synthetic,围绕模型评估完成可运行成果、说明文档和复盘。
RES-0382,深度学习实践项目-262,synthetic_project,系统实践任务库,,intermediate,38,50,synthetic,参赛团队生成,False,synthetic,围绕深度学习完成可运行成果、说明文档和复盘。
RES-0383,自然语言处理实践项目-263,synthetic_project,系统实践任务库,,advanced,39,70,synthetic,参赛团队生成,False,synthetic,围绕自然语言处理完成可运行成果、说明文档和复盘。
RES-0384,模型调优实践项目-264,synthetic_project,系统实践任务库,,beginner,40,20,synthetic,参赛团队生成,False,synthetic,围绕模型调优完成可运行成果、说明文档和复盘。
RES-0385,大模型基础实践项目-265,synthetic_project,系统实践任务库,,intermediate,6,50,synthetic,参赛团队生成,False,synthetic,围绕大模型基础完成可运行成果、说明文档和复盘。
RES-0386,提示词设计实践项目-266,synthetic_project,系统实践任务库,,advanced,7,70,synthetic,参赛团队生成,False,synthetic,围绕提示词设计完成可运行成果、说明文档和复盘。
RES-0387,RAG应用实践项目-267,synthetic_project,系统实践任务库,,beginner,8,20,synthetic,参赛团队生成,False,synthetic,围绕RAG应用完成可运行成果、说明文档和复盘。
RES-0388,向量数据库实践项目-268,synthetic_project,系统实践任务库,,intermediate,9,50,synthetic,参赛团队生成,False,synthetic,围绕向量数据库完成可运行成果、说明文档和复盘。
RES-0389,智能体开发实践项目-269,synthetic_project,系统实践任务库,,advanced,10,70,synthetic,参赛团队生成,False,synthetic,围绕智能体开发完成可运行成果、说明文档和复盘。
RES-0390,MCP与工具调用实践项目-270,synthetic_project,系统实践任务库,,beginner,11,20,synthetic,参赛团队生成,False,synthetic,围绕MCP与工具调用完成可运行成果、说明文档和复盘。
RES-0391,模型微调实践项目-271,synthetic_project,系统实践任务库,,intermediate,12,50,synthetic,参赛团队生成,False,synthetic,围绕模型微调完成可运行成果、说明文档和复盘。
RES-0392,AI安全与评测实践项目-272,synthetic_project,系统实践任务库,,advanced,13,70,synthetic,参赛团队生成,False,synthetic,围绕AI安全与评测完成可运行成果、说明文档和复盘。
RES-0393,Git版本控制实践项目-273,synthetic_project,系统实践任务库,,beginner,14,20,synthetic,参赛团队生成,False,synthetic,围绕Git版本控制完成可运行成果、说明文档和复盘。
RES-0394,API设计实践项目-274,synthetic_project,系统实践任务库,,intermediate,15,50,synthetic,参赛团队生成,False,synthetic,围绕API设计完成可运行成果、说明文档和复盘。
RES-0395,后端服务开发实践项目-275,synthetic_project,系统实践任务库,,advanced,16,70,synthetic,参赛团队生成,False,synthetic,围绕后端服务开发完成可运行成果、说明文档和复盘。
RES-0396,Docker容器实践项目-276,synthetic_project,系统实践任务库,,beginner,17,20,synthetic,参赛团队生成,False,synthetic,围绕Docker容器完成可运行成果、说明文档和复盘。
RES-0397,CI/CD实践项目-277,synthetic_project,系统实践任务库,,intermediate,18,50,synthetic,参赛团队生成,False,synthetic,围绕CI/CD完成可运行成果、说明文档和复盘。
RES-0398,云端部署实践项目-278,synthetic_project,系统实践任务库,,advanced,19,70,synthetic,参赛团队生成,False,synthetic,围绕云端部署完成可运行成果、说明文档和复盘。
RES-0399,监控与可观测性实践项目-279,synthetic_project,系统实践任务库,,beginner,20,20,synthetic,参赛团队生成,False,synthetic,围绕监控与可观测性完成可运行成果、说明文档和复盘。
RES-0400,数据工程管道实践项目-280,synthetic_project,系统实践任务库,,intermediate,21,50,synthetic,参赛团队生成,False,synthetic,围绕数据工程管道完成可运行成果、说明文档和复盘。
RES-0401,问题拆解实践项目-281,synthetic_project,系统实践任务库,,advanced,22,70,synthetic,参赛团队生成,False,synthetic,围绕问题拆解完成可运行成果、说明文档和复盘。
RES-0402,系统思维实践项目-282,synthetic_project,系统实践任务库,,beginner,23,20,synthetic,参赛团队生成,False,synthetic,围绕系统思维完成可运行成果、说明文档和复盘。
RES-0403,需求分析实践项目-283,synthetic_project,系统实践任务库,,intermediate,24,50,synthetic,参赛团队生成,False,synthetic,围绕需求分析完成可运行成果、说明文档和复盘。
RES-0404,用户研究实践项目-284,synthetic_project,系统实践任务库,,advanced,25,70,synthetic,参赛团队生成,False,synthetic,围绕用户研究完成可运行成果、说明文档和复盘。
RES-0405,指标设计实践项目-285,synthetic_project,系统实践任务库,,beginner,26,20,synthetic,参赛团队生成,False,synthetic,围绕指标设计完成可运行成果、说明文档和复盘。
RES-0406,业务理解实践项目-286,synthetic_project,系统实践任务库,,intermediate,27,50,synthetic,参赛团队生成,False,synthetic,围绕业务理解完成可运行成果、说明文档和复盘。
RES-0407,创新与方案比较实践项目-287,synthetic_project,系统实践任务库,,advanced,28,70,synthetic,参赛团队生成,False,synthetic,围绕创新与方案比较完成可运行成果、说明文档和复盘。
RES-0408,书面沟通实践项目-288,synthetic_project,系统实践任务库,,beginner,29,20,synthetic,参赛团队生成,False,synthetic,围绕书面沟通完成可运行成果、说明文档和复盘。
RES-0409,表达与汇报实践项目-289,synthetic_project,系统实践任务库,,intermediate,30,50,synthetic,参赛团队生成,False,synthetic,围绕表达与汇报完成可运行成果、说明文档和复盘。
RES-0410,跨岗位沟通实践项目-290,synthetic_project,系统实践任务库,,advanced,31,70,synthetic,参赛团队生成,False,synthetic,围绕跨岗位沟通完成可运行成果、说明文档和复盘。
RES-0411,远程协作实践项目-291,synthetic_project,系统实践任务库,,beginner,32,20,synthetic,参赛团队生成,False,synthetic,围绕远程协作完成可运行成果、说明文档和复盘。
RES-0412,团队协作实践项目-292,synthetic_project,系统实践任务库,,intermediate,33,50,synthetic,参赛团队生成,False,synthetic,围绕团队协作完成可运行成果、说明文档和复盘。
RES-0413,时间管理实践项目-293,synthetic_project,系统实践任务库,,advanced,34,70,synthetic,参赛团队生成,False,synthetic,围绕时间管理完成可运行成果、说明文档和复盘。
RES-0414,职业伦理与隐私实践项目-294,synthetic_project,系统实践任务库,,beginner,35,20,synthetic,参赛团队生成,False,synthetic,围绕职业伦理与隐私完成可运行成果、说明文档和复盘。
RES-0415,自主学习实践项目-295,synthetic_project,系统实践任务库,,intermediate,36,50,synthetic,参赛团队生成,False,synthetic,围绕自主学习完成可运行成果、说明文档和复盘。
RES-0416,知识管理实践项目-296,synthetic_project,系统实践任务库,,advanced,37,70,synthetic,参赛团队生成,False,synthetic,围绕知识管理完成可运行成果、说明文档和复盘。
RES-0417,项目规划实践项目-297,synthetic_project,系统实践任务库,,beginner,38,20,synthetic,参赛团队生成,False,synthetic,围绕项目规划完成可运行成果、说明文档和复盘。
RES-0418,项目交付实践项目-298,synthetic_project,系统实践任务库,,intermediate,39,50,synthetic,参赛团队生成,False,synthetic,围绕项目交付完成可运行成果、说明文档和复盘。
RES-0419,复盘与反馈实践项目-299,synthetic_project,系统实践任务库,,advanced,40,70,synthetic,参赛团队生成,False,synthetic,围绕复盘与反馈完成可运行成果、说明文档和复盘。
RES-0420,职业探索实践项目-300,synthetic_project,系统实践任务库,,beginner,6,20,synthetic,参赛团队生成,False,synthetic,围绕职业探索完成可运行成果、说明文档和复盘。
RES-0421,Python编程能力测评-001,synthetic_assessment,系统能力测评中心,,intermediate,2,50,synthetic,参赛团队生成,False,synthetic,通过任务和量表验证Python编程，结果仅用于学习建议。
RES-0422,数据结构与算法能力测评-002,synthetic_assessment,系统能力测评中心,,advanced,3,70,synthetic,参赛团队生成,False,synthetic,通过任务和量表验证数据结构与算法，结果仅用于学习建议。
RES-0423,面向对象设计能力测评-003,synthetic_assessment,系统能力测评中心,,beginner,4,20,synthetic,参赛团队生成,False,synthetic,通过任务和量表验证面向对象设计，结果仅用于学习建议。
RES-0424,计算机系统基础能力测评-004,synthetic_assessment,系统能力测评中心,,intermediate,5,50,synthetic,参赛团队生成,False,synthetic,通过任务和量表验证计算机系统基础，结果仅用于学习建议。
RES-0425,计算机网络能力测评-005,synthetic_assessment,系统能力测评中心,,advanced,1,70,synthetic,参赛团队生成,False,synthetic,通过任务和量表验证计算机网络，结果仅用于学习建议。
RES-0426,Linux使用能力测评-006,synthetic_assessment,系统能力测评中心,,beginner,2,20,synthetic,参赛团队生成,False,synthetic,通过任务和量表验证Linux使用，结果仅用于学习建议。
RES-0427,软件工程能力测评-007,synthetic_assessment,系统能力测评中心,,intermediate,3,50,synthetic,参赛团队生成,False,synthetic,通过任务和量表验证软件工程，结果仅用于学习建议。
RES-0428,测试与调试能力测评-008,synthetic_assessment,系统能力测评中心,,advanced,4,70,synthetic,参赛团队生成,False,synthetic,通过任务和量表验证测试与调试，结果仅用于学习建议。
RES-0429,SQL能力测评-009,synthetic_assessment,系统能力测评中心,,beginner,5,20,synthetic,参赛团队生成,False,synthetic,通过任务和量表验证SQL，结果仅用于学习建议。
RES-0430,数据清洗能力测评-010,synthetic_assessment,系统能力测评中心,,intermediate,1,50,synthetic,参赛团队生成,False,synthetic,通过任务和量表验证数据清洗，结果仅用于学习建议。
RES-0431,统计学基础能力测评-011,synthetic_assessment,系统能力测评中心,,advanced,2,70,synthetic,参赛团队生成,False,synthetic,通过任务和量表验证统计学基础，结果仅用于学习建议。
RES-0432,探索性数据分析能力测评-012,synthetic_assessment,系统能力测评中心,,beginner,3,20,synthetic,参赛团队生成,False,synthetic,通过任务和量表验证探索性数据分析，结果仅用于学习建议。
RES-0433,数据可视化能力测评-013,synthetic_assessment,系统能力测评中心,,intermediate,4,50,synthetic,参赛团队生成,False,synthetic,通过任务和量表验证数据可视化，结果仅用于学习建议。
RES-0434,Excel与BI工具能力测评-014,synthetic_assessment,系统能力测评中心,,advanced,5,70,synthetic,参赛团队生成,False,synthetic,通过任务和量表验证Excel与BI工具，结果仅用于学习建议。
RES-0435,数据建模能力测评-015,synthetic_assessment,系统能力测评中心,,beginner,1,20,synthetic,参赛团队生成,False,synthetic,通过任务和量表验证数据建模，结果仅用于学习建议。
RES-0436,实验与A/B测试能力测评-016,synthetic_assessment,系统能力测评中心,,intermediate,2,50,synthetic,参赛团队生成,False,synthetic,通过任务和量表验证实验与A/B测试，结果仅用于学习建议。
RES-0437,线性代数能力测评-017,synthetic_assessment,系统能力测评中心,,advanced,3,70,synthetic,参赛团队生成,False,synthetic,通过任务和量表验证线性代数，结果仅用于学习建议。
RES-0438,微积分与优化能力测评-018,synthetic_assessment,系统能力测评中心,,beginner,4,20,synthetic,参赛团队生成,False,synthetic,通过任务和量表验证微积分与优化，结果仅用于学习建议。
RES-0439,机器学习能力测评-019,synthetic_assessment,系统能力测评中心,,intermediate,5,50,synthetic,参赛团队生成,False,synthetic,通过任务和量表验证机器学习，结果仅用于学习建议。
RES-0440,特征工程能力测评-020,synthetic_assessment,系统能力测评中心,,advanced,1,70,synthetic,参赛团队生成,False,synthetic,通过任务和量表验证特征工程，结果仅用于学习建议。
RES-0441,模型评估能力测评-021,synthetic_assessment,系统能力测评中心,,beginner,2,20,synthetic,参赛团队生成,False,synthetic,通过任务和量表验证模型评估，结果仅用于学习建议。
RES-0442,深度学习能力测评-022,synthetic_assessment,系统能力测评中心,,intermediate,3,50,synthetic,参赛团队生成,False,synthetic,通过任务和量表验证深度学习，结果仅用于学习建议。
RES-0443,自然语言处理能力测评-023,synthetic_assessment,系统能力测评中心,,advanced,4,70,synthetic,参赛团队生成,False,synthetic,通过任务和量表验证自然语言处理，结果仅用于学习建议。
RES-0444,模型调优能力测评-024,synthetic_assessment,系统能力测评中心,,beginner,5,20,synthetic,参赛团队生成,False,synthetic,通过任务和量表验证模型调优，结果仅用于学习建议。
RES-0445,大模型基础能力测评-025,synthetic_assessment,系统能力测评中心,,intermediate,1,50,synthetic,参赛团队生成,False,synthetic,通过任务和量表验证大模型基础，结果仅用于学习建议。
RES-0446,提示词设计能力测评-026,synthetic_assessment,系统能力测评中心,,advanced,2,70,synthetic,参赛团队生成,False,synthetic,通过任务和量表验证提示词设计，结果仅用于学习建议。
RES-0447,RAG应用能力测评-027,synthetic_assessment,系统能力测评中心,,beginner,3,20,synthetic,参赛团队生成,False,synthetic,通过任务和量表验证RAG应用，结果仅用于学习建议。
RES-0448,向量数据库能力测评-028,synthetic_assessment,系统能力测评中心,,intermediate,4,50,synthetic,参赛团队生成,False,synthetic,通过任务和量表验证向量数据库，结果仅用于学习建议。
RES-0449,智能体开发能力测评-029,synthetic_assessment,系统能力测评中心,,advanced,5,70,synthetic,参赛团队生成,False,synthetic,通过任务和量表验证智能体开发，结果仅用于学习建议。
RES-0450,MCP与工具调用能力测评-030,synthetic_assessment,系统能力测评中心,,beginner,1,20,synthetic,参赛团队生成,False,synthetic,通过任务和量表验证MCP与工具调用，结果仅用于学习建议。
RES-0451,模型微调能力测评-031,synthetic_assessment,系统能力测评中心,,intermediate,2,50,synthetic,参赛团队生成,False,synthetic,通过任务和量表验证模型微调，结果仅用于学习建议。
RES-0452,AI安全与评测能力测评-032,synthetic_assessment,系统能力测评中心,,advanced,3,70,synthetic,参赛团队生成,False,synthetic,通过任务和量表验证AI安全与评测，结果仅用于学习建议。
RES-0453,Git版本控制能力测评-033,synthetic_assessment,系统能力测评中心,,beginner,4,20,synthetic,参赛团队生成,False,synthetic,通过任务和量表验证Git版本控制，结果仅用于学习建议。
RES-0454,API设计能力测评-034,synthetic_assessment,系统能力测评中心,,intermediate,5,50,synthetic,参赛团队生成,False,synthetic,通过任务和量表验证API设计，结果仅用于学习建议。
RES-0455,后端服务开发能力测评-035,synthetic_assessment,系统能力测评中心,,advanced,1,70,synthetic,参赛团队生成,False,synthetic,通过任务和量表验证后端服务开发，结果仅用于学习建议。
RES-0456,Docker容器能力测评-036,synthetic_assessment,系统能力测评中心,,beginner,2,20,synthetic,参赛团队生成,False,synthetic,通过任务和量表验证Docker容器，结果仅用于学习建议。
RES-0457,CI/CD能力测评-037,synthetic_assessment,系统能力测评中心,,intermediate,3,50,synthetic,参赛团队生成,False,synthetic,通过任务和量表验证CI/CD，结果仅用于学习建议。
RES-0458,云端部署能力测评-038,synthetic_assessment,系统能力测评中心,,advanced,4,70,synthetic,参赛团队生成,False,synthetic,通过任务和量表验证云端部署，结果仅用于学习建议。
RES-0459,监控与可观测性能力测评-039,synthetic_assessment,系统能力测评中心,,beginner,5,20,synthetic,参赛团队生成,False,synthetic,通过任务和量表验证监控与可观测性，结果仅用于学习建议。
RES-0460,数据工程管道能力测评-040,synthetic_assessment,系统能力测评中心,,intermediate,1,50,synthetic,参赛团队生成,False,synthetic,通过任务和量表验证数据工程管道，结果仅用于学习建议。
RES-0461,问题拆解能力测评-041,synthetic_assessment,系统能力测评中心,,advanced,2,70,synthetic,参赛团队生成,False,synthetic,通过任务和量表验证问题拆解，结果仅用于学习建议。
RES-0462,系统思维能力测评-042,synthetic_assessment,系统能力测评中心,,beginner,3,20,synthetic,参赛团队生成,False,synthetic,通过任务和量表验证系统思维，结果仅用于学习建议。
RES-0463,需求分析能力测评-043,synthetic_assessment,系统能力测评中心,,intermediate,4,50,synthetic,参赛团队生成,False,synthetic,通过任务和量表验证需求分析，结果仅用于学习建议。
RES-0464,用户研究能力测评-044,synthetic_assessment,系统能力测评中心,,advanced,5,70,synthetic,参赛团队生成,False,synthetic,通过任务和量表验证用户研究，结果仅用于学习建议。
RES-0465,指标设计能力测评-045,synthetic_assessment,系统能力测评中心,,beginner,1,20,synthetic,参赛团队生成,False,synthetic,通过任务和量表验证指标设计，结果仅用于学习建议。
RES-0466,业务理解能力测评-046,synthetic_assessment,系统能力测评中心,,intermediate,2,50,synthetic,参赛团队生成,False,synthetic,通过任务和量表验证业务理解，结果仅用于学习建议。
RES-0467,创新与方案比较能力测评-047,synthetic_assessment,系统能力测评中心,,advanced,3,70,synthetic,参赛团队生成,False,synthetic,通过任务和量表验证创新与方案比较，结果仅用于学习建议。
RES-0468,书面沟通能力测评-048,synthetic_assessment,系统能力测评中心,,beginner,4,20,synthetic,参赛团队生成,False,synthetic,通过任务和量表验证书面沟通，结果仅用于学习建议。
RES-0469,表达与汇报能力测评-049,synthetic_assessment,系统能力测评中心,,intermediate,5,50,synthetic,参赛团队生成,False,synthetic,通过任务和量表验证表达与汇报，结果仅用于学习建议。
RES-0470,跨岗位沟通能力测评-050,synthetic_assessment,系统能力测评中心,,advanced,1,70,synthetic,参赛团队生成,False,synthetic,通过任务和量表验证跨岗位沟通，结果仅用于学习建议。
RES-0471,远程协作能力测评-051,synthetic_assessment,系统能力测评中心,,beginner,2,20,synthetic,参赛团队生成,False,synthetic,通过任务和量表验证远程协作，结果仅用于学习建议。
RES-0472,团队协作能力测评-052,synthetic_assessment,系统能力测评中心,,intermediate,3,50,synthetic,参赛团队生成,False,synthetic,通过任务和量表验证团队协作，结果仅用于学习建议。
RES-0473,时间管理能力测评-053,synthetic_assessment,系统能力测评中心,,advanced,4,70,synthetic,参赛团队生成,False,synthetic,通过任务和量表验证时间管理，结果仅用于学习建议。
RES-0474,职业伦理与隐私能力测评-054,synthetic_assessment,系统能力测评中心,,beginner,5,20,synthetic,参赛团队生成,False,synthetic,通过任务和量表验证职业伦理与隐私，结果仅用于学习建议。
RES-0475,自主学习能力测评-055,synthetic_assessment,系统能力测评中心,,intermediate,1,50,synthetic,参赛团队生成,False,synthetic,通过任务和量表验证自主学习，结果仅用于学习建议。
RES-0476,知识管理能力测评-056,synthetic_assessment,系统能力测评中心,,advanced,2,70,synthetic,参赛团队生成,False,synthetic,通过任务和量表验证知识管理，结果仅用于学习建议。
RES-0477,项目规划能力测评-057,synthetic_assessment,系统能力测评中心,,beginner,3,20,synthetic,参赛团队生成,False,synthetic,通过任务和量表验证项目规划，结果仅用于学习建议。
RES-0478,项目交付能力测评-058,synthetic_assessment,系统能力测评中心,,intermediate,4,50,synthetic,参赛团队生成,False,synthetic,通过任务和量表验证项目交付，结果仅用于学习建议。
RES-0479,复盘与反馈能力测评-059,synthetic_assessment,系统能力测评中心,,advanced,5,70,synthetic,参赛团队生成,False,synthetic,通过任务和量表验证复盘与反馈，结果仅用于学习建议。
RES-0480,职业探索能力测评-060,synthetic_assessment,系统能力测评中心,,beginner,1,20,synthetic,参赛团队生成,False,synthetic,通过任务和量表验证职业探索，结果仅用于学习建议。
RES-0481,Python编程能力测评-061,synthetic_assessment,系统能力测评中心,,intermediate,2,50,synthetic,参赛团队生成,False,synthetic,通过任务和量表验证Python编程，结果仅用于学习建议。
RES-0482,数据结构与算法能力测评-062,synthetic_assessment,系统能力测评中心,,advanced,3,70,synthetic,参赛团队生成,False,synthetic,通过任务和量表验证数据结构与算法，结果仅用于学习建议。
RES-0483,面向对象设计能力测评-063,synthetic_assessment,系统能力测评中心,,beginner,4,20,synthetic,参赛团队生成,False,synthetic,通过任务和量表验证面向对象设计，结果仅用于学习建议。
RES-0484,计算机系统基础能力测评-064,synthetic_assessment,系统能力测评中心,,intermediate,5,50,synthetic,参赛团队生成,False,synthetic,通过任务和量表验证计算机系统基础，结果仅用于学习建议。
RES-0485,计算机网络能力测评-065,synthetic_assessment,系统能力测评中心,,advanced,1,70,synthetic,参赛团队生成,False,synthetic,通过任务和量表验证计算机网络，结果仅用于学习建议。
RES-0486,Linux使用能力测评-066,synthetic_assessment,系统能力测评中心,,beginner,2,20,synthetic,参赛团队生成,False,synthetic,通过任务和量表验证Linux使用，结果仅用于学习建议。
RES-0487,软件工程能力测评-067,synthetic_assessment,系统能力测评中心,,intermediate,3,50,synthetic,参赛团队生成,False,synthetic,通过任务和量表验证软件工程，结果仅用于学习建议。
RES-0488,测试与调试能力测评-068,synthetic_assessment,系统能力测评中心,,advanced,4,70,synthetic,参赛团队生成,False,synthetic,通过任务和量表验证测试与调试，结果仅用于学习建议。
RES-0489,SQL能力测评-069,synthetic_assessment,系统能力测评中心,,beginner,5,20,synthetic,参赛团队生成,False,synthetic,通过任务和量表验证SQL，结果仅用于学习建议。
RES-0490,数据清洗能力测评-070,synthetic_assessment,系统能力测评中心,,intermediate,1,50,synthetic,参赛团队生成,False,synthetic,通过任务和量表验证数据清洗，结果仅用于学习建议。
RES-0491,统计学基础能力测评-071,synthetic_assessment,系统能力测评中心,,advanced,2,70,synthetic,参赛团队生成,False,synthetic,通过任务和量表验证统计学基础，结果仅用于学习建议。
RES-0492,探索性数据分析能力测评-072,synthetic_assessment,系统能力测评中心,,beginner,3,20,synthetic,参赛团队生成,False,synthetic,通过任务和量表验证探索性数据分析，结果仅用于学习建议。
RES-0493,数据可视化能力测评-073,synthetic_assessment,系统能力测评中心,,intermediate,4,50,synthetic,参赛团队生成,False,synthetic,通过任务和量表验证数据可视化，结果仅用于学习建议。
RES-0494,Excel与BI工具能力测评-074,synthetic_assessment,系统能力测评中心,,advanced,5,70,synthetic,参赛团队生成,False,synthetic,通过任务和量表验证Excel与BI工具，结果仅用于学习建议。
RES-0495,数据建模能力测评-075,synthetic_assessment,系统能力测评中心,,beginner,1,20,synthetic,参赛团队生成,False,synthetic,通过任务和量表验证数据建模，结果仅用于学习建议。
RES-0496,实验与A/B测试能力测评-076,synthetic_assessment,系统能力测评中心,,intermediate,2,50,synthetic,参赛团队生成,False,synthetic,通过任务和量表验证实验与A/B测试，结果仅用于学习建议。
RES-0497,线性代数能力测评-077,synthetic_assessment,系统能力测评中心,,advanced,3,70,synthetic,参赛团队生成,False,synthetic,通过任务和量表验证线性代数，结果仅用于学习建议。
RES-0498,微积分与优化能力测评-078,synthetic_assessment,系统能力测评中心,,beginner,4,20,synthetic,参赛团队生成,False,synthetic,通过任务和量表验证微积分与优化，结果仅用于学习建议。
RES-0499,机器学习能力测评-079,synthetic_assessment,系统能力测评中心,,intermediate,5,50,synthetic,参赛团队生成,False,synthetic,通过任务和量表验证机器学习，结果仅用于学习建议。
RES-0500,特征工程能力测评-080,synthetic_assessment,系统能力测评中心,,advanced,1,70,synthetic,参赛团队生成,False,synthetic,通过任务和量表验证特征工程，结果仅用于学习建议。
RES-0501,模型评估能力测评-081,synthetic_assessment,系统能力测评中心,,beginner,2,20,synthetic,参赛团队生成,False,synthetic,通过任务和量表验证模型评估，结果仅用于学习建议。
RES-0502,深度学习能力测评-082,synthetic_assessment,系统能力测评中心,,intermediate,3,50,synthetic,参赛团队生成,False,synthetic,通过任务和量表验证深度学习，结果仅用于学习建议。
RES-0503,自然语言处理能力测评-083,synthetic_assessment,系统能力测评中心,,advanced,4,70,synthetic,参赛团队生成,False,synthetic,通过任务和量表验证自然语言处理，结果仅用于学习建议。
RES-0504,模型调优能力测评-084,synthetic_assessment,系统能力测评中心,,beginner,5,20,synthetic,参赛团队生成,False,synthetic,通过任务和量表验证模型调优，结果仅用于学习建议。
RES-0505,大模型基础能力测评-085,synthetic_assessment,系统能力测评中心,,intermediate,1,50,synthetic,参赛团队生成,False,synthetic,通过任务和量表验证大模型基础，结果仅用于学习建议。
RES-0506,提示词设计能力测评-086,synthetic_assessment,系统能力测评中心,,advanced,2,70,synthetic,参赛团队生成,False,synthetic,通过任务和量表验证提示词设计，结果仅用于学习建议。
RES-0507,RAG应用能力测评-087,synthetic_assessment,系统能力测评中心,,beginner,3,20,synthetic,参赛团队生成,False,synthetic,通过任务和量表验证RAG应用，结果仅用于学习建议。
RES-0508,向量数据库能力测评-088,synthetic_assessment,系统能力测评中心,,intermediate,4,50,synthetic,参赛团队生成,False,synthetic,通过任务和量表验证向量数据库，结果仅用于学习建议。
RES-0509,智能体开发能力测评-089,synthetic_assessment,系统能力测评中心,,advanced,5,70,synthetic,参赛团队生成,False,synthetic,通过任务和量表验证智能体开发，结果仅用于学习建议。
RES-0510,MCP与工具调用能力测评-090,synthetic_assessment,系统能力测评中心,,beginner,1,20,synthetic,参赛团队生成,False,synthetic,通过任务和量表验证MCP与工具调用，结果仅用于学习建议。
RES-0511,模型微调能力测评-091,synthetic_assessment,系统能力测评中心,,intermediate,2,50,synthetic,参赛团队生成,False,synthetic,通过任务和量表验证模型微调，结果仅用于学习建议。
RES-0512,AI安全与评测能力测评-092,synthetic_assessment,系统能力测评中心,,advanced,3,70,synthetic,参赛团队生成,False,synthetic,通过任务和量表验证AI安全与评测，结果仅用于学习建议。
RES-0513,Git版本控制能力测评-093,synthetic_assessment,系统能力测评中心,,beginner,4,20,synthetic,参赛团队生成,False,synthetic,通过任务和量表验证Git版本控制，结果仅用于学习建议。
RES-0514,API设计能力测评-094,synthetic_assessment,系统能力测评中心,,intermediate,5,50,synthetic,参赛团队生成,False,synthetic,通过任务和量表验证API设计，结果仅用于学习建议。
RES-0515,后端服务开发能力测评-095,synthetic_assessment,系统能力测评中心,,advanced,1,70,synthetic,参赛团队生成,False,synthetic,通过任务和量表验证后端服务开发，结果仅用于学习建议。
RES-0516,Docker容器能力测评-096,synthetic_assessment,系统能力测评中心,,beginner,2,20,synthetic,参赛团队生成,False,synthetic,通过任务和量表验证Docker容器，结果仅用于学习建议。
RES-0517,CI/CD能力测评-097,synthetic_assessment,系统能力测评中心,,intermediate,3,50,synthetic,参赛团队生成,False,synthetic,通过任务和量表验证CI/CD，结果仅用于学习建议。
RES-0518,云端部署能力测评-098,synthetic_assessment,系统能力测评中心,,advanced,4,70,synthetic,参赛团队生成,False,synthetic,通过任务和量表验证云端部署，结果仅用于学习建议。
RES-0519,监控与可观测性能力测评-099,synthetic_assessment,系统能力测评中心,,beginner,5,20,synthetic,参赛团队生成,False,synthetic,通过任务和量表验证监控与可观测性，结果仅用于学习建议。
RES-0520,数据工程管道能力测评-100,synthetic_assessment,系统能力测评中心,,intermediate,1,50,synthetic,参赛团队生成,False,synthetic,通过任务和量表验证数据工程管道，结果仅用于学习建议。
RES-0521,问题拆解能力测评-101,synthetic_assessment,系统能力测评中心,,advanced,2,70,synthetic,参赛团队生成,False,synthetic,通过任务和量表验证问题拆解，结果仅用于学习建议。
RES-0522,系统思维能力测评-102,synthetic_assessment,系统能力测评中心,,beginner,3,20,synthetic,参赛团队生成,False,synthetic,通过任务和量表验证系统思维，结果仅用于学习建议。
RES-0523,需求分析能力测评-103,synthetic_assessment,系统能力测评中心,,intermediate,4,50,synthetic,参赛团队生成,False,synthetic,通过任务和量表验证需求分析，结果仅用于学习建议。
RES-0524,用户研究能力测评-104,synthetic_assessment,系统能力测评中心,,advanced,5,70,synthetic,参赛团队生成,False,synthetic,通过任务和量表验证用户研究，结果仅用于学习建议。
RES-0525,指标设计能力测评-105,synthetic_assessment,系统能力测评中心,,beginner,1,20,synthetic,参赛团队生成,False,synthetic,通过任务和量表验证指标设计，结果仅用于学习建议。
RES-0526,业务理解能力测评-106,synthetic_assessment,系统能力测评中心,,intermediate,2,50,synthetic,参赛团队生成,False,synthetic,通过任务和量表验证业务理解，结果仅用于学习建议。
RES-0527,创新与方案比较能力测评-107,synthetic_assessment,系统能力测评中心,,advanced,3,70,synthetic,参赛团队生成,False,synthetic,通过任务和量表验证创新与方案比较，结果仅用于学习建议。
RES-0528,书面沟通能力测评-108,synthetic_assessment,系统能力测评中心,,beginner,4,20,synthetic,参赛团队生成,False,synthetic,通过任务和量表验证书面沟通，结果仅用于学习建议。
RES-0529,表达与汇报能力测评-109,synthetic_assessment,系统能力测评中心,,intermediate,5,50,synthetic,参赛团队生成,False,synthetic,通过任务和量表验证表达与汇报，结果仅用于学习建议。
RES-0530,跨岗位沟通能力测评-110,synthetic_assessment,系统能力测评中心,,advanced,1,70,synthetic,参赛团队生成,False,synthetic,通过任务和量表验证跨岗位沟通，结果仅用于学习建议。
RES-0531,远程协作能力测评-111,synthetic_assessment,系统能力测评中心,,beginner,2,20,synthetic,参赛团队生成,False,synthetic,通过任务和量表验证远程协作，结果仅用于学习建议。
RES-0532,团队协作能力测评-112,synthetic_assessment,系统能力测评中心,,intermediate,3,50,synthetic,参赛团队生成,False,synthetic,通过任务和量表验证团队协作，结果仅用于学习建议。
RES-0533,时间管理能力测评-113,synthetic_assessment,系统能力测评中心,,advanced,4,70,synthetic,参赛团队生成,False,synthetic,通过任务和量表验证时间管理，结果仅用于学习建议。
RES-0534,职业伦理与隐私能力测评-114,synthetic_assessment,系统能力测评中心,,beginner,5,20,synthetic,参赛团队生成,False,synthetic,通过任务和量表验证职业伦理与隐私，结果仅用于学习建议。
RES-0535,自主学习能力测评-115,synthetic_assessment,系统能力测评中心,,intermediate,1,50,synthetic,参赛团队生成,False,synthetic,通过任务和量表验证自主学习，结果仅用于学习建议。
RES-0536,知识管理能力测评-116,synthetic_assessment,系统能力测评中心,,advanced,2,70,synthetic,参赛团队生成,False,synthetic,通过任务和量表验证知识管理，结果仅用于学习建议。
RES-0537,项目规划能力测评-117,synthetic_assessment,系统能力测评中心,,beginner,3,20,synthetic,参赛团队生成,False,synthetic,通过任务和量表验证项目规划，结果仅用于学习建议。
RES-0538,项目交付能力测评-118,synthetic_assessment,系统能力测评中心,,intermediate,4,50,synthetic,参赛团队生成,False,synthetic,通过任务和量表验证项目交付，结果仅用于学习建议。
RES-0539,复盘与反馈能力测评-119,synthetic_assessment,系统能力测评中心,,advanced,5,70,synthetic,参赛团队生成,False,synthetic,通过任务和量表验证复盘与反馈，结果仅用于学习建议。
RES-0540,职业探索能力测评-120,synthetic_assessment,系统能力测评中心,,beginner,1,20,synthetic,参赛团队生成,False,synthetic,通过任务和量表验证职业探索，结果仅用于学习建议。
RES-0541,Python编程职业应用指南-001,synthetic_guide,职业知识库,,intermediate,3,50,synthetic,参赛团队生成,False,synthetic,用于学习或理解Python编程，内容为演示指南。
RES-0542,数据结构与算法职业应用指南-002,synthetic_guide,职业知识库,,advanced,4,70,synthetic,参赛团队生成,False,synthetic,用于学习或理解数据结构与算法，内容为演示指南。
RES-0543,面向对象设计职业应用指南-003,synthetic_guide,职业知识库,,beginner,5,20,synthetic,参赛团队生成,False,synthetic,用于学习或理解面向对象设计，内容为演示指南。
RES-0544,计算机系统基础职业应用指南-004,synthetic_guide,职业知识库,,intermediate,6,50,synthetic,参赛团队生成,False,synthetic,用于学习或理解计算机系统基础，内容为演示指南。
RES-0545,计算机网络职业应用指南-005,synthetic_guide,职业知识库,,advanced,7,70,synthetic,参赛团队生成,False,synthetic,用于学习或理解计算机网络，内容为演示指南。
RES-0546,Linux使用职业应用指南-006,synthetic_guide,职业知识库,,beginner,2,20,synthetic,参赛团队生成,False,synthetic,用于学习或理解Linux使用，内容为演示指南。
RES-0547,软件工程职业应用指南-007,synthetic_guide,职业知识库,,intermediate,3,50,synthetic,参赛团队生成,False,synthetic,用于学习或理解软件工程，内容为演示指南。
RES-0548,测试与调试职业应用指南-008,synthetic_guide,职业知识库,,advanced,4,70,synthetic,参赛团队生成,False,synthetic,用于学习或理解测试与调试，内容为演示指南。
RES-0549,SQL职业应用指南-009,synthetic_guide,职业知识库,,beginner,5,20,synthetic,参赛团队生成,False,synthetic,用于学习或理解SQL，内容为演示指南。
RES-0550,数据清洗职业应用指南-010,synthetic_guide,职业知识库,,intermediate,6,50,synthetic,参赛团队生成,False,synthetic,用于学习或理解数据清洗，内容为演示指南。
RES-0551,统计学基础职业应用指南-011,synthetic_guide,职业知识库,,advanced,7,70,synthetic,参赛团队生成,False,synthetic,用于学习或理解统计学基础，内容为演示指南。
RES-0552,探索性数据分析职业应用指南-012,synthetic_guide,职业知识库,,beginner,2,20,synthetic,参赛团队生成,False,synthetic,用于学习或理解探索性数据分析，内容为演示指南。
RES-0553,数据可视化职业应用指南-013,synthetic_guide,职业知识库,,intermediate,3,50,synthetic,参赛团队生成,False,synthetic,用于学习或理解数据可视化，内容为演示指南。
RES-0554,Excel与BI工具职业应用指南-014,synthetic_guide,职业知识库,,advanced,4,70,synthetic,参赛团队生成,False,synthetic,用于学习或理解Excel与BI工具，内容为演示指南。
RES-0555,数据建模职业应用指南-015,synthetic_guide,职业知识库,,beginner,5,20,synthetic,参赛团队生成,False,synthetic,用于学习或理解数据建模，内容为演示指南。
RES-0556,实验与A/B测试职业应用指南-016,synthetic_guide,职业知识库,,intermediate,6,50,synthetic,参赛团队生成,False,synthetic,用于学习或理解实验与A/B测试，内容为演示指南。
RES-0557,线性代数职业应用指南-017,synthetic_guide,职业知识库,,advanced,7,70,synthetic,参赛团队生成,False,synthetic,用于学习或理解线性代数，内容为演示指南。
RES-0558,微积分与优化职业应用指南-018,synthetic_guide,职业知识库,,beginner,2,20,synthetic,参赛团队生成,False,synthetic,用于学习或理解微积分与优化，内容为演示指南。
RES-0559,机器学习职业应用指南-019,synthetic_guide,职业知识库,,intermediate,3,50,synthetic,参赛团队生成,False,synthetic,用于学习或理解机器学习，内容为演示指南。
RES-0560,特征工程职业应用指南-020,synthetic_guide,职业知识库,,advanced,4,70,synthetic,参赛团队生成,False,synthetic,用于学习或理解特征工程，内容为演示指南。
RES-0561,模型评估职业应用指南-021,synthetic_guide,职业知识库,,beginner,5,20,synthetic,参赛团队生成,False,synthetic,用于学习或理解模型评估，内容为演示指南。
RES-0562,深度学习职业应用指南-022,synthetic_guide,职业知识库,,intermediate,6,50,synthetic,参赛团队生成,False,synthetic,用于学习或理解深度学习，内容为演示指南。
RES-0563,自然语言处理职业应用指南-023,synthetic_guide,职业知识库,,advanced,7,70,synthetic,参赛团队生成,False,synthetic,用于学习或理解自然语言处理，内容为演示指南。
RES-0564,模型调优职业应用指南-024,synthetic_guide,职业知识库,,beginner,2,20,synthetic,参赛团队生成,False,synthetic,用于学习或理解模型调优，内容为演示指南。
RES-0565,大模型基础职业应用指南-025,synthetic_guide,职业知识库,,intermediate,3,50,synthetic,参赛团队生成,False,synthetic,用于学习或理解大模型基础，内容为演示指南。
RES-0566,提示词设计职业应用指南-026,synthetic_guide,职业知识库,,advanced,4,70,synthetic,参赛团队生成,False,synthetic,用于学习或理解提示词设计，内容为演示指南。
RES-0567,RAG应用职业应用指南-027,synthetic_guide,职业知识库,,beginner,5,20,synthetic,参赛团队生成,False,synthetic,用于学习或理解RAG应用，内容为演示指南。
RES-0568,向量数据库职业应用指南-028,synthetic_guide,职业知识库,,intermediate,6,50,synthetic,参赛团队生成,False,synthetic,用于学习或理解向量数据库，内容为演示指南。
RES-0569,智能体开发职业应用指南-029,synthetic_guide,职业知识库,,advanced,7,70,synthetic,参赛团队生成,False,synthetic,用于学习或理解智能体开发，内容为演示指南。
RES-0570,MCP与工具调用职业应用指南-030,synthetic_guide,职业知识库,,beginner,2,20,synthetic,参赛团队生成,False,synthetic,用于学习或理解MCP与工具调用，内容为演示指南。
RES-0571,模型微调职业应用指南-031,synthetic_guide,职业知识库,,intermediate,3,50,synthetic,参赛团队生成,False,synthetic,用于学习或理解模型微调，内容为演示指南。
RES-0572,AI安全与评测职业应用指南-032,synthetic_guide,职业知识库,,advanced,4,70,synthetic,参赛团队生成,False,synthetic,用于学习或理解AI安全与评测，内容为演示指南。
RES-0573,Git版本控制职业应用指南-033,synthetic_guide,职业知识库,,beginner,5,20,synthetic,参赛团队生成,False,synthetic,用于学习或理解Git版本控制，内容为演示指南。
RES-0574,API设计职业应用指南-034,synthetic_guide,职业知识库,,intermediate,6,50,synthetic,参赛团队生成,False,synthetic,用于学习或理解API设计，内容为演示指南。
RES-0575,后端服务开发职业应用指南-035,synthetic_guide,职业知识库,,advanced,7,70,synthetic,参赛团队生成,False,synthetic,用于学习或理解后端服务开发，内容为演示指南。
RES-0576,Docker容器职业应用指南-036,synthetic_guide,职业知识库,,beginner,2,20,synthetic,参赛团队生成,False,synthetic,用于学习或理解Docker容器，内容为演示指南。
RES-0577,CI/CD职业应用指南-037,synthetic_guide,职业知识库,,intermediate,3,50,synthetic,参赛团队生成,False,synthetic,用于学习或理解CI/CD，内容为演示指南。
RES-0578,云端部署职业应用指南-038,synthetic_guide,职业知识库,,advanced,4,70,synthetic,参赛团队生成,False,synthetic,用于学习或理解云端部署，内容为演示指南。
RES-0579,监控与可观测性职业应用指南-039,synthetic_guide,职业知识库,,beginner,5,20,synthetic,参赛团队生成,False,synthetic,用于学习或理解监控与可观测性，内容为演示指南。
RES-0580,数据工程管道职业应用指南-040,synthetic_guide,职业知识库,,intermediate,6,50,synthetic,参赛团队生成,False,synthetic,用于学习或理解数据工程管道，内容为演示指南。
RES-0581,问题拆解职业应用指南-041,synthetic_guide,职业知识库,,advanced,7,70,synthetic,参赛团队生成,False,synthetic,用于学习或理解问题拆解，内容为演示指南。
RES-0582,系统思维职业应用指南-042,synthetic_guide,职业知识库,,beginner,2,20,synthetic,参赛团队生成,False,synthetic,用于学习或理解系统思维，内容为演示指南。
RES-0583,需求分析职业应用指南-043,synthetic_guide,职业知识库,,intermediate,3,50,synthetic,参赛团队生成,False,synthetic,用于学习或理解需求分析，内容为演示指南。
RES-0584,用户研究职业应用指南-044,synthetic_guide,职业知识库,,advanced,4,70,synthetic,参赛团队生成,False,synthetic,用于学习或理解用户研究，内容为演示指南。
RES-0585,指标设计职业应用指南-045,synthetic_guide,职业知识库,,beginner,5,20,synthetic,参赛团队生成,False,synthetic,用于学习或理解指标设计，内容为演示指南。
RES-0586,业务理解职业应用指南-046,synthetic_guide,职业知识库,,intermediate,6,50,synthetic,参赛团队生成,False,synthetic,用于学习或理解业务理解，内容为演示指南。
RES-0587,创新与方案比较职业应用指南-047,synthetic_guide,职业知识库,,advanced,7,70,synthetic,参赛团队生成,False,synthetic,用于学习或理解创新与方案比较，内容为演示指南。
RES-0588,书面沟通职业应用指南-048,synthetic_guide,职业知识库,,beginner,2,20,synthetic,参赛团队生成,False,synthetic,用于学习或理解书面沟通，内容为演示指南。
RES-0589,表达与汇报职业应用指南-049,synthetic_guide,职业知识库,,intermediate,3,50,synthetic,参赛团队生成,False,synthetic,用于学习或理解表达与汇报，内容为演示指南。
RES-0590,跨岗位沟通职业应用指南-050,synthetic_guide,职业知识库,,advanced,4,70,synthetic,参赛团队生成,False,synthetic,用于学习或理解跨岗位沟通，内容为演示指南。
RES-0591,远程协作职业应用指南-051,synthetic_guide,职业知识库,,beginner,5,20,synthetic,参赛团队生成,False,synthetic,用于学习或理解远程协作，内容为演示指南。
RES-0592,团队协作职业应用指南-052,synthetic_guide,职业知识库,,intermediate,6,50,synthetic,参赛团队生成,False,synthetic,用于学习或理解团队协作，内容为演示指南。
RES-0593,时间管理职业应用指南-053,synthetic_guide,职业知识库,,advanced,7,70,synthetic,参赛团队生成,False,synthetic,用于学习或理解时间管理，内容为演示指南。
RES-0594,职业伦理与隐私职业应用指南-054,synthetic_guide,职业知识库,,beginner,2,20,synthetic,参赛团队生成,False,synthetic,用于学习或理解职业伦理与隐私，内容为演示指南。
RES-0595,自主学习职业应用指南-055,synthetic_guide,职业知识库,,intermediate,3,50,synthetic,参赛团队生成,False,synthetic,用于学习或理解自主学习，内容为演示指南。
RES-0596,知识管理职业应用指南-056,synthetic_guide,职业知识库,,advanced,4,70,synthetic,参赛团队生成,False,synthetic,用于学习或理解知识管理，内容为演示指南。
RES-0597,项目规划职业应用指南-057,synthetic_guide,职业知识库,,beginner,5,20,synthetic,参赛团队生成,False,synthetic,用于学习或理解项目规划，内容为演示指南。
RES-0598,项目交付职业应用指南-058,synthetic_guide,职业知识库,,intermediate,6,50,synthetic,参赛团队生成,False,synthetic,用于学习或理解项目交付，内容为演示指南。
RES-0599,复盘与反馈职业应用指南-059,synthetic_guide,职业知识库,,advanced,7,70,synthetic,参赛团队生成,False,synthetic,用于学习或理解复盘与反馈，内容为演示指南。
RES-0600,职业探索职业应用指南-060,synthetic_guide,职业知识库,,beginner,2,20,synthetic,参赛团队生成,False,synthetic,用于学习或理解职业探索，内容为演示指南。
